--team
insert into team (id, password, team_name, manner, skill, evaluation_count, created_at, created_by, modified_at, modified_by) values (1, '#0f372a', 'SL-Class', 3, 2, 42, '2022-09-15 01:50:45', 'American Teen', '2022-10-27 03:27:00', 'Woman in Red, The');
insert into team (id, password, team_name, manner, skill, evaluation_count, created_at, created_by, modified_at, modified_by) values (2, '#f0a86d', 'Sportvan G30', 1, 5, 142, '2023-05-23 02:54:02', 'Catacombs', '2023-07-03 18:34:41', 'Death Note');
insert into team (id, password, team_name, manner, skill, evaluation_count, created_at, created_by, modified_at, modified_by) values (3, '#f51d35', 'Millenia', 4, 1, 85, '2023-01-10 01:59:17', 'Lady Takes a Chance, A', '2022-12-31 19:35:43', 'Beslan: Three Days in September');
insert into team (id, password, team_name, manner, skill, evaluation_count, created_at, created_by, modified_at, modified_by) values (4, '#e8abfb', 'B-Series Plus', 6, 1, 174, '2023-04-16 23:57:07', 'Sansho the Bailiff (Sanshô dayû)', '2022-10-25 12:17:10', 'Crazy in Alabama');
insert into team (id, password, team_name, manner, skill, evaluation_count, created_at, created_by, modified_at, modified_by) values (5, '#4147c8', 'Mark LT', 3, 2, 85, '2023-01-24 01:09:31', 'Hidden Blade, The (Kakushi ken oni no tsume)', '2023-07-10 23:34:55', 'Never Let Me Go');
insert into team (id, password, team_name, manner, skill, evaluation_count, created_at, created_by, modified_at, modified_by) values (6, '#bf89fe', 'Tracker', 2, 5, 182, '2023-03-24 12:56:11', 'Man Who Would Be King, The', '2023-06-22 22:51:44', 'Libeled Lady');
insert into team (id, password, team_name, manner, skill, evaluation_count, created_at, created_by, modified_at, modified_by) values (7, '#5fd5e7', 'C-Class', 6, 5, 91, '2023-06-06 20:21:55', 'Defending Your Life', '2023-02-18 15:21:17', 'Shanghai Noon');
insert into team (id, password, team_name, manner, skill, evaluation_count, created_at, created_by, modified_at, modified_by) values (8, '#2b5702', 'Trooper', 6, 2, 44, '2023-05-10 12:35:47', 'The Heart Machine', '2022-10-07 21:09:10', 'Lone Ranger and the Lost City of Gold, The');
insert into team (id, password, team_name, manner, skill, evaluation_count, created_at, created_by, modified_at, modified_by) values (9, '#5f949c', 'LeSabre', 5, 2, 96, '2023-05-03 01:39:24', 'Over Your Cities Grass Will Grow', '2022-08-23 14:20:29', 'Phineas and Ferb the Movie: Across the 2nd Dimension');
insert into team (id, password, team_name, manner, skill, evaluation_count, created_at, created_by, modified_at, modified_by) values (10, '#27092d', 'E-Series', 2, 2, 189, '2022-07-25 12:53:05', 'Reagan', '2023-03-13 21:47:52', 'Out-of-Towners, The');
insert into team (id, password, team_name, manner, skill, evaluation_count, created_at, created_by, modified_at, modified_by) values (11, '#cbecab', 'X3', 3, 4, 115, '2023-01-25 16:19:57', 'Waterboy, The', '2023-07-12 19:45:56', 'Milwaukee, Minnesota');
insert into team (id, password, team_name, manner, skill, evaluation_count, created_at, created_by, modified_at, modified_by) values (12, '#575888', 'G-Series G20', 4, 5, 45, '2023-02-23 20:51:04', 'Work of Director Michel Gondry, The', '2023-04-19 17:45:17', 'Peking Opera Blues (Do ma daan)');
insert into team (id, password, team_name, manner, skill, evaluation_count, created_at, created_by, modified_at, modified_by) values (13, '#2d9b97', 'Sorento', 2, 3, 110, '2022-10-03 23:05:44', 'Magic Man', '2022-12-11 02:37:22', 'Horror Hotel (a.k.a. City of the Dead, The)');
insert into team (id, password, team_name, manner, skill, evaluation_count, created_at, created_by, modified_at, modified_by) values (14, '#c33eb6', 'Sentra', 2, 1, 25, '2022-12-02 06:00:58', 'Beetle Queen Conquers Tokyo', '2023-02-02 17:28:19', 'Blue in the Face');
insert into team (id, password, team_name, manner, skill, evaluation_count, created_at, created_by, modified_at, modified_by) values (15, '#30cec6', 'GT', 4, 2, 127, '2022-11-18 19:08:57', 'WarGames: The Dead Code', '2023-05-07 00:55:51', 'Oxygen');
insert into team (id, password, team_name, manner, skill, evaluation_count, created_at, created_by, modified_at, modified_by) values (16, '#af8a91', 'TSX', 2, 1, 120, '2023-01-03 09:06:47', 'Ceremony, The (Gishiki)', '2023-01-30 07:08:33', 'Interrupters, The');
insert into team (id, password, team_name, manner, skill, evaluation_count, created_at, created_by, modified_at, modified_by) values (17, '#664efd', 'Golf', 4, 4, 39, '2022-12-15 03:31:32', 'Basic', '2023-02-10 01:09:08', 'Seven Sinners');
insert into team (id, password, team_name, manner, skill, evaluation_count, created_at, created_by, modified_at, modified_by) values (18, '#934cf1', 'Elan', 7, 5, 134, '2022-08-11 12:55:38', 'Singh Is Kinng', '2023-07-17 02:11:55', 'How I Ended This Summer (Kak ya provyol etim letom)');
insert into team (id, password, team_name, manner, skill, evaluation_count, created_at, created_by, modified_at, modified_by) values (19, '#dd8791', 'MX-5', 3, 1, 44, '2022-07-19 03:04:00', 'Second Jungle Book: Mowgli & Baloo, The', '2023-04-10 05:19:33', 'Mom''s Night Out');
insert into team (id, password, team_name, manner, skill, evaluation_count, created_at, created_by, modified_at, modified_by) values (20, '#110a7b', 'X-90', 2, 1, 20, '2023-05-24 11:55:05', 'Loser Takes All, The (O hamenos ta pairnei ola)', '2023-03-11 04:21:23', 'First Family');
insert into team (id, password, team_name, manner, skill, evaluation_count, created_at, created_by, modified_at, modified_by) values (21, '#cc0b65', 'Focus', 6, 3, 19, '2023-06-20 21:07:59', 'Brigham City', '2023-06-03 15:35:47', 'Don McKay');
insert into team (id, password, team_name, manner, skill, evaluation_count, created_at, created_by, modified_at, modified_by) values (22, '#7b881e', 'SJ', 7, 5, 164, '2022-08-27 06:32:56', 'Hot Lead and Cold Feet', '2023-02-27 18:22:29', 'Saint Jack');
insert into team (id, password, team_name, manner, skill, evaluation_count, created_at, created_by, modified_at, modified_by) values (23, '#b5befc', 'Savana 3500', 4, 1, 77, '2022-10-10 16:31:56', 'Loves of Carmen, The', '2023-05-25 03:41:32', 'Zatoichi the Outlaw (Zatôichi rôyaburi) (Zatôichi 16)');
insert into team (id, password, team_name, manner, skill, evaluation_count, created_at, created_by, modified_at, modified_by) values (24, '#ebfe8a', 'Sorento', 6, 1, 114, '2022-07-19 03:07:17', 'Magic Man', '2022-10-01 09:37:07', 'Chocolate');
insert into team (id, password, team_name, manner, skill, evaluation_count, created_at, created_by, modified_at, modified_by) values (25, '#0ea8a2', 'E-Series', 1, 1, 124, '2023-03-31 02:55:01', 'Kind Lady', '2022-07-23 13:57:13', 'Wild Man Blues');
insert into team (id, password, team_name, manner, skill, evaluation_count, created_at, created_by, modified_at, modified_by) values (26, '#44bc92', 'MX-6', 7, 5, 120, '2023-05-20 14:22:06', 'Batman: Year One', '2023-01-27 13:27:23', 'Chinaman (Kinamand)');
insert into team (id, password, team_name, manner, skill, evaluation_count, created_at, created_by, modified_at, modified_by) values (27, '#97a3dc', 'S90', 6, 1, 34, '2023-02-12 02:24:45', 'Finger, The (Dedo, El)', '2023-02-16 14:28:54', 'Abigail''s Party');
insert into team (id, password, team_name, manner, skill, evaluation_count, created_at, created_by, modified_at, modified_by) values (28, '#fcd554', 'T100', 5, 1, 153, '2022-08-06 17:56:06', 'Quiet American, The', '2023-02-21 20:47:29', 'Woman on the Beach (Haebyeonui yeoin)');
insert into team (id, password, team_name, manner, skill, evaluation_count, created_at, created_by, modified_at, modified_by) values (29, '#139e06', 'Element', 5, 4, 56, '2022-08-07 10:27:28', 'One Sunday Afternoon', '2023-03-12 15:48:05', 'Guide for the Married Man, A');
insert into team (id, password, team_name, manner, skill, evaluation_count, created_at, created_by, modified_at, modified_by) values (30, '#91a72c', '968', 3, 4, 178, '2023-01-15 07:46:01', 'Unleashed (Danny the Dog)', '2022-12-11 21:15:19', 'Cold Steel');
insert into team (id, password, team_name, manner, skill, evaluation_count, created_at, created_by, modified_at, modified_by) values (31, '#527ccb', 'Regal', 7, 5, 69, '2023-03-24 12:28:44', 'Moonlight and Cactus', '2023-01-02 15:24:43', 'Live!');
insert into team (id, password, team_name, manner, skill, evaluation_count, created_at, created_by, modified_at, modified_by) values (32, '#30c931', 'Town Car', 3, 5, 185, '2023-06-30 13:30:15', 'Milk and Honey', '2023-01-07 01:13:13', 'Flushed Away');
insert into team (id, password, team_name, manner, skill, evaluation_count, created_at, created_by, modified_at, modified_by) values (33, '#0a7660', 'Mirage', 1, 4, 8, '2022-09-13 14:06:38', 'Dead Man''s Bluff', '2022-10-20 17:58:30', 'Mozart''s Sister (Nannerl, la soeur de Mozart)');
insert into team (id, password, team_name, manner, skill, evaluation_count, created_at, created_by, modified_at, modified_by) values (34, '#59b3e9', 'Jetta', 7, 1, 163, '2023-07-09 00:41:11', 'Air Up There, The', '2022-10-23 14:20:00', 'Everything Will Be Fine');
insert into team (id, password, team_name, manner, skill, evaluation_count, created_at, created_by, modified_at, modified_by) values (35, '#234c84', 'F350', 4, 1, 196, '2023-04-17 17:50:36', 'Delhi-6', '2023-03-04 02:10:08', 'Moving McAllister');
insert into team (id, password, team_name, manner, skill, evaluation_count, created_at, created_by, modified_at, modified_by) values (36, '#eb6c5a', 'Express 1500', 6, 2, 182, '2023-05-28 20:55:19', 'I Love Your Work', '2022-11-13 13:17:09', 'Bad Moon');
insert into team (id, password, team_name, manner, skill, evaluation_count, created_at, created_by, modified_at, modified_by) values (37, '#aced3f', 'E-Series', 2, 4, 113, '2023-01-07 15:05:51', 'Pearl Harbor', '2022-09-15 14:07:04', 'Nude Nuns with Big Guns');
insert into team (id, password, team_name, manner, skill, evaluation_count, created_at, created_by, modified_at, modified_by) values (38, '#0f07ef', 'Thunderbird', 3, 1, 52, '2023-06-18 11:07:41', 'How to Rob a Bank', '2022-09-16 19:47:38', 'Mr. Vampire (Geung si sin sang)');
insert into team (id, password, team_name, manner, skill, evaluation_count, created_at, created_by, modified_at, modified_by) values (39, '#d45bf5', 'Yukon', 3, 1, 47, '2022-10-09 13:19:02', 'We''re No Angels', '2023-04-06 05:18:27', 'Private Life of Henry VIII, The');
insert into team (id, password, team_name, manner, skill, evaluation_count, created_at, created_by, modified_at, modified_by) values (40, '#345d97', 'Swift', 1, 5, 176, '2023-01-25 12:15:51', 'Ghoulies IV', '2022-08-17 04:38:34', 'Getaway, The');
insert into team (id, password, team_name, manner, skill, evaluation_count, created_at, created_by, modified_at, modified_by) values (41, '#b39c48', 'Impala', 6, 1, 71, '2022-10-13 00:50:24', 'Live Free or Die', '2023-03-15 23:34:57', 'All the Fine Young Cannibals');
insert into team (id, password, team_name, manner, skill, evaluation_count, created_at, created_by, modified_at, modified_by) values (42, '#719ae6', 'Electra', 1, 2, 32, '2022-07-27 09:34:03', 'Slave of Love, A (Raba lyubvi)', '2022-12-22 10:30:22', 'Danika');
insert into team (id, password, team_name, manner, skill, evaluation_count, created_at, created_by, modified_at, modified_by) values (43, '#d04203', 'Q', 1, 1, 31, '2023-01-18 22:48:25', 'Tokyo Fist (Tokyo ken)', '2023-05-14 06:33:57', 'Capricious Summer (Rozmarné léto)');
insert into team (id, password, team_name, manner, skill, evaluation_count, created_at, created_by, modified_at, modified_by) values (44, '#e5882d', 'Elise', 1, 5, 35, '2022-10-29 14:43:37', 'Flight of the Living Dead', '2022-09-17 14:29:48', 'Replacement Killers, The');
insert into team (id, password, team_name, manner, skill, evaluation_count, created_at, created_by, modified_at, modified_by) values (45, '#0394a4', '6000', 4, 4, 96, '2023-03-10 14:39:08', 'Alan Smithee Film: Burn Hollywood Burn, An', '2023-03-10 13:17:58', 'Boat, The');
insert into team (id, password, team_name, manner, skill, evaluation_count, created_at, created_by, modified_at, modified_by) values (46, '#2d07ba', 'Outlander', 7, 3, 168, '2022-11-23 08:26:42', 'Crime and Punishment', '2022-09-23 15:38:54', 'The Old Gun');
insert into team (id, password, team_name, manner, skill, evaluation_count, created_at, created_by, modified_at, modified_by) values (47, '#5b07ca', '1500', 5, 1, 168, '2023-05-04 16:08:51', 'I Spy', '2022-08-22 21:01:01', 'Day of the Wacko (Dzien swira)');
insert into team (id, password, team_name, manner, skill, evaluation_count, created_at, created_by, modified_at, modified_by) values (48, '#2c012f', '300', 2, 5, 107, '2022-11-16 11:00:52', 'Shed No Tears (Känn ingen sorg)', '2022-10-23 11:40:41', 'Is It Easy to be Young?');
insert into team (id, password, team_name, manner, skill, evaluation_count, created_at, created_by, modified_at, modified_by) values (49, '#791c26', 'F150', 4, 3, 75, '2022-08-26 15:25:36', 'House on Haunted Hill', '2022-10-20 02:01:55', 'Never Met Picasso');
insert into team (id, password, team_name, manner, skill, evaluation_count, created_at, created_by, modified_at, modified_by) values (50, '#16790b', 'Mirage', 1, 5, 158, '2023-01-21 04:02:47', 'Take Shelter', '2023-04-16 07:40:03', 'The Butterfly Effect 3: Revelations');
insert into team (id, password, team_name, manner, skill, evaluation_count, created_at, created_by, modified_at, modified_by) values (51, '#c4991a', 'S90', 6, 3, 65, '2022-08-19 10:19:46', 'Major Barbara', '2022-11-24 13:49:40', 'Monty Python''s The Meaning of Life');
insert into team (id, password, team_name, manner, skill, evaluation_count, created_at, created_by, modified_at, modified_by) values (52, '#69b4b1', 'M5', 3, 4, 176, '2022-07-19 16:31:00', 'Wings of Courage', '2023-02-28 01:18:15', 'Frozen Ground, The');
insert into team (id, password, team_name, manner, skill, evaluation_count, created_at, created_by, modified_at, modified_by) values (53, '#38db3b', '612 Scaglietti', 4, 3, 34, '2022-11-20 00:09:33', 'Steam', '2023-07-02 04:55:10', 'Jim Thorpe -- All-American');
insert into team (id, password, team_name, manner, skill, evaluation_count, created_at, created_by, modified_at, modified_by) values (54, '#8c6dc4', 'Celica', 1, 2, 149, '2023-07-07 04:44:49', 'Joneses, The', '2023-04-13 19:06:38', 'Play It Again, Sam');
insert into team (id, password, team_name, manner, skill, evaluation_count, created_at, created_by, modified_at, modified_by) values (55, '#11bc03', 'Neon', 3, 2, 62, '2023-03-22 16:30:30', 'Revenge', '2023-01-22 23:52:02', 'Saving Lincoln');
insert into team (id, password, team_name, manner, skill, evaluation_count, created_at, created_by, modified_at, modified_by) values (56, '#b7d404', 'Sonoma', 1, 4, 67, '2022-10-15 09:52:13', 'French Roast', '2023-07-15 10:33:13', 'Pudana Last of the Line (Sukunsa viimeinen)');
insert into team (id, password, team_name, manner, skill, evaluation_count, created_at, created_by, modified_at, modified_by) values (57, '#ba59da', 'F-Series', 6, 1, 122, '2022-08-23 07:27:09', 'Silent Night', '2022-12-01 08:16:51', 'Secret of the Wings');
insert into team (id, password, team_name, manner, skill, evaluation_count, created_at, created_by, modified_at, modified_by) values (58, '#b0fe85', 'M-Class', 4, 1, 11, '2023-03-30 08:43:49', 'Ringu 0: Bâsudei', '2022-08-01 05:47:57', 'Tough Guys');
insert into team (id, password, team_name, manner, skill, evaluation_count, created_at, created_by, modified_at, modified_by) values (59, '#7e13ee', '1500 Club Coupe', 7, 5, 191, '2023-03-02 23:20:13', 'Girl of Your Dreams, The (Niña de tus ojos, La)', '2023-02-16 17:24:36', 'Daddy Long Legs');
insert into team (id, password, team_name, manner, skill, evaluation_count, created_at, created_by, modified_at, modified_by) values (60, '#14bbed', '612 Scaglietti', 1, 5, 172, '2023-04-26 01:46:10', 'Don Quixote', '2023-04-13 04:05:08', 'Simple-Minded Murder, The (Enfaldige mördaren, Den)');
insert into team (id, password, team_name, manner, skill, evaluation_count, created_at, created_by, modified_at, modified_by) values (61, '#0d684f', 'RX Hybrid', 6, 5, 74, '2023-05-28 15:34:18', 'Raise Your Voice', '2022-12-17 10:50:15', 'Quicksilver');
insert into team (id, password, team_name, manner, skill, evaluation_count, created_at, created_by, modified_at, modified_by) values (62, '#29b70e', 'Explorer Sport', 2, 5, 158, '2022-10-28 15:41:05', 'Internal Affairs', '2022-11-28 00:23:36', 'Freedom Song');
insert into team (id, password, team_name, manner, skill, evaluation_count, created_at, created_by, modified_at, modified_by) values (63, '#184bb2', 'F-Series', 7, 5, 154, '2023-04-29 11:47:05', 'According to Greta', '2023-03-31 09:55:04', 'Come Back to Me');
insert into team (id, password, team_name, manner, skill, evaluation_count, created_at, created_by, modified_at, modified_by) values (64, '#0be5e2', 'V90', 2, 5, 64, '2023-01-28 15:37:14', 'With Six You Get Eggroll', '2022-10-08 00:10:24', 'Sons of Perdition');
insert into team (id, password, team_name, manner, skill, evaluation_count, created_at, created_by, modified_at, modified_by) values (65, '#512bac', 'XC70', 1, 1, 110, '2023-01-21 11:15:07', 'Ladies vs. Ricky Bahl', '2022-08-03 19:30:35', 'Quicksilver Highway');
insert into team (id, password, team_name, manner, skill, evaluation_count, created_at, created_by, modified_at, modified_by) values (66, '#429c21', 'Silverado 1500', 5, 2, 81, '2022-08-23 13:07:16', 'Pursuit of Happyness, The', '2023-05-21 02:13:44', 'Brighton Rock');
insert into team (id, password, team_name, manner, skill, evaluation_count, created_at, created_by, modified_at, modified_by) values (67, '#c73a25', 'X5 M', 4, 3, 84, '2022-08-15 20:24:04', '21 and Over', '2022-12-05 20:50:44', 'Mr. Moto''s Last Warning');
insert into team (id, password, team_name, manner, skill, evaluation_count, created_at, created_by, modified_at, modified_by) values (68, '#1644bc', 'Discovery', 7, 4, 59, '2023-05-15 14:25:36', 'Sin Retorno', '2022-11-29 02:37:20', 'Messenger: The Story of Joan of Arc, The');
insert into team (id, password, team_name, manner, skill, evaluation_count, created_at, created_by, modified_at, modified_by) values (69, '#59a0f3', 'GL-Class', 7, 4, 143, '2023-06-13 18:58:34', 'Age of Ice', '2023-07-10 11:48:05', 'Iceman Tapes: Conversations with a Killer, The');
insert into team (id, password, team_name, manner, skill, evaluation_count, created_at, created_by, modified_at, modified_by) values (70, '#c25203', 'Intrepid', 3, 3, 112, '2022-12-18 19:49:08', 'Lasa y Zabala', '2023-06-12 14:10:39', 'Paris Trout');
insert into team (id, password, team_name, manner, skill, evaluation_count, created_at, created_by, modified_at, modified_by) values (71, '#582f2f', 'xB', 4, 5, 160, '2022-08-01 01:01:51', 'Times and Winds (Bes vakit)', '2023-04-25 05:05:31', 'Bye Bye Brazil (Bye Bye Brasil)');
insert into team (id, password, team_name, manner, skill, evaluation_count, created_at, created_by, modified_at, modified_by) values (72, '#1f1e7b', 'ES', 5, 5, 136, '2022-12-06 18:42:36', 'Darkman II: Return of Durant, The', '2022-11-24 12:35:08', 'She''s Out of My League');
insert into team (id, password, team_name, manner, skill, evaluation_count, created_at, created_by, modified_at, modified_by) values (73, '#d32056', 'Escalade', 3, 4, 74, '2023-04-18 09:04:14', 'Space Jam', '2023-01-22 03:02:24', 'Faster Pussycat! Kill! Kill!');
insert into team (id, password, team_name, manner, skill, evaluation_count, created_at, created_by, modified_at, modified_by) values (74, '#cb2386', 'Aerio', 4, 4, 182, '2023-07-10 04:18:20', 'Joy Luck Club, The', '2022-12-09 20:27:01', 'Danger: Diabolik (Diabolik)');
insert into team (id, password, team_name, manner, skill, evaluation_count, created_at, created_by, modified_at, modified_by) values (75, '#47f093', 'Forester', 1, 1, 143, '2022-08-27 02:42:19', 'Hell Town (Born to the West)', '2023-05-24 03:07:16', 'His Name Was Jason: 30 Years of Friday the 13th');
insert into team (id, password, team_name, manner, skill, evaluation_count, created_at, created_by, modified_at, modified_by) values (76, '#198075', 'Ram Van 2500', 4, 4, 200, '2023-07-02 23:19:02', 'Rust and Bone (De rouille et d''os)', '2023-01-12 00:48:32', 'Autumn Heart, The');
insert into team (id, password, team_name, manner, skill, evaluation_count, created_at, created_by, modified_at, modified_by) values (77, '#5227e3', 'Ram Wagon B250', 4, 2, 183, '2023-07-14 09:35:18', 'Three Times (Zui hao de shi guang)', '2023-04-19 01:01:54', 'Unexpected Love, An');
insert into team (id, password, team_name, manner, skill, evaluation_count, created_at, created_by, modified_at, modified_by) values (78, '#796f5c', 'Ram 2500', 5, 5, 36, '2023-06-16 01:57:23', 'Blue Blood', '2023-03-16 01:36:18', 'Children of the Damned');
insert into team (id, password, team_name, manner, skill, evaluation_count, created_at, created_by, modified_at, modified_by) values (79, '#6822c7', 'Windstar', 2, 1, 147, '2023-04-08 23:57:07', 'Dog Year, A', '2023-06-08 18:54:48', 'Altiplano');
insert into team (id, password, team_name, manner, skill, evaluation_count, created_at, created_by, modified_at, modified_by) values (80, '#337878', 'Forester', 6, 2, 109, '2022-09-22 13:30:58', 'Day the Sun Turned Cold, The (Tianguo niezi)', '2023-03-01 11:46:58', 'Blackout');





--team-review
insert into team_review (team_id, manner, skill, created_at, created_by, modified_at, modified_by) values (28, 6, 3, '2022-10-29 00:48:57', 'Austin Powers: International Man of Mystery', '2023-03-12 20:19:54', 'Alibi, The (Lies and Alibis)');
insert into team_review (team_id, manner, skill, created_at, created_by, modified_at, modified_by) values (52, 4, 1, '2022-08-11 11:09:14', 'Mary and Max', '2023-04-28 09:15:36', 'Nightmare in Las Cruces, A');
insert into team_review (team_id, manner, skill, created_at, created_by, modified_at, modified_by) values (71, 1, 3, '2022-11-30 14:28:42', 'To Paint or Make Love (Peindre ou faire l''amour)', '2023-03-26 03:10:47', 'Coming Home (Gui lai)');
insert into team_review (team_id, manner, skill, created_at, created_by, modified_at, modified_by) values (30, 3, 3, '2022-08-06 09:33:16', 'Alaska: Spirit of the Wild', '2023-04-15 13:37:34', 'Fifth Commandment, The');
insert into team_review (team_id, manner, skill, created_at, created_by, modified_at, modified_by) values (2, 5, 5, '2022-07-30 10:36:55', 'Hunt, The (Caza, La)', '2022-11-03 00:01:56', 'Burn');
insert into team_review (team_id, manner, skill, created_at, created_by, modified_at, modified_by) values (75, 4, 4, '2022-09-11 01:22:44', 'Stagecoach', '2022-08-27 07:28:52', 'That Was Then... This Is Now');
insert into team_review (team_id, manner, skill, created_at, created_by, modified_at, modified_by) values (72, 3, 1, '2022-08-28 09:57:28', 'Gospel, The', '2022-12-11 06:16:57', 'Easier with Practice');
insert into team_review (team_id, manner, skill, created_at, created_by, modified_at, modified_by) values (66, 1, 5, '2023-05-27 03:28:28', 'Come September', '2023-01-30 09:00:39', 'Of Freaks and Men (Pro urodov i lyudey)');
insert into team_review (team_id, manner, skill, created_at, created_by, modified_at, modified_by) values (32, 1, 2, '2023-01-24 10:49:27', 'Someday This Pain Will Be Useful to You', '2022-08-29 06:15:58', 'Nosferatu the Vampyre (Nosferatu: Phantom der Nacht)');
insert into team_review (team_id, manner, skill, created_at, created_by, modified_at, modified_by) values (74, 5, 1, '2022-11-23 06:06:04', 'This Land Is Mine', '2023-01-09 09:43:27', '48 Shades');
insert into team_review (team_id, manner, skill, created_at, created_by, modified_at, modified_by) values (21, 5, 2, '2023-01-14 17:15:41', 'Muppets From Space', '2022-08-25 12:49:57', 'Sound of Fury, The');
insert into team_review (team_id, manner, skill, created_at, created_by, modified_at, modified_by) values (63, 5, 3, '2022-09-12 09:37:52', 'How to Deal', '2022-12-18 17:33:53', 'Finding Bliss');
insert into team_review (team_id, manner, skill, created_at, created_by, modified_at, modified_by) values (10, 5, 2, '2023-01-06 05:05:00', 'Borderline', '2022-12-01 02:26:47', 'Ruby Cairo');
insert into team_review (team_id, manner, skill, created_at, created_by, modified_at, modified_by) values (2, 5, 2, '2023-05-10 01:54:45', 'This Above All', '2022-12-13 08:36:17', 'Fourth State, The (Die vierte Macht)');
insert into team_review (team_id, manner, skill, created_at, created_by, modified_at, modified_by) values (76, 4, 4, '2023-01-17 07:25:11', 'Death on the Staircase (Soupçons)', '2023-06-30 11:35:44', 'Bread, Love and Dreams (Pane, amore e fantasia)');
insert into team_review (team_id, manner, skill, created_at, created_by, modified_at, modified_by) values (16, 1, 2, '2022-09-11 01:50:39', 'Taxing Woman, A (Marusa no onna)', '2022-11-12 06:06:15', 'Return of the King, The');
insert into team_review (team_id, manner, skill, created_at, created_by, modified_at, modified_by) values (11, 5, 2, '2022-09-23 21:28:23', 'Assassination Tango', '2023-03-07 00:57:57', 'Of Love and Shadows');
insert into team_review (team_id, manner, skill, created_at, created_by, modified_at, modified_by) values (24, 1, 3, '2023-05-14 13:49:37', 'Peep World', '2023-06-23 10:25:22', 'Impudent Girl (L''effrontée)');
insert into team_review (team_id, manner, skill, created_at, created_by, modified_at, modified_by) values (48, 5, 5, '2023-02-10 21:05:54', 'Plato''s Academy', '2022-10-13 21:05:36', 'Billy Elliot');
insert into team_review (team_id, manner, skill, created_at, created_by, modified_at, modified_by) values (38, 2, 5, '2023-06-08 10:37:03', 'My Best Friend (Mon meilleur ami)', '2022-07-24 20:03:55', 'Zulu');
insert into team_review (team_id, manner, skill, created_at, created_by, modified_at, modified_by) values (53, 5, 2, '2023-04-03 20:15:41', 'Knack ...and How to Get It, The', '2023-02-27 06:58:36', 'Leopard Son, The');
insert into team_review (team_id, manner, skill, created_at, created_by, modified_at, modified_by) values (59, 1, 2, '2023-06-16 08:11:11', 'Trixie', '2022-08-03 22:28:53', 'Fragile Trust: Plagiarism, Power, and Jayson Blair at the New York Times, A');
insert into team_review (team_id, manner, skill, created_at, created_by, modified_at, modified_by) values (50, 2, 5, '2023-06-23 04:43:15', 'The Girls', '2023-02-21 16:44:58', 'L.A. Confidential');
insert into team_review (team_id, manner, skill, created_at, created_by, modified_at, modified_by) values (77, 3, 2, '2023-01-07 00:19:46', 'Counter Investigation (Contre-enquête)', '2022-10-13 00:11:13', 'At Land');
insert into team_review (team_id, manner, skill, created_at, created_by, modified_at, modified_by) values (65, 5, 2, '2023-05-20 11:22:08', 'Ill Gotten Gains', '2022-10-07 19:23:02', 'Mosquito Net, The (La mosquitera)');
insert into team_review (team_id, manner, skill, created_at, created_by, modified_at, modified_by) values (74, 4, 4, '2022-09-27 23:16:46', 'Jack Ryan: Shadow Recruit', '2023-06-10 23:38:37', 'Flakes');
insert into team_review (team_id, manner, skill, created_at, created_by, modified_at, modified_by) values (18, 2, 2, '2022-09-15 04:19:21', 'Great Balls of Fire!', '2023-03-14 19:04:20', 'Jubal');
insert into team_review (team_id, manner, skill, created_at, created_by, modified_at, modified_by) values (13, 3, 2, '2022-12-22 05:59:26', 'Prick Up Your Ears', '2023-06-22 11:56:58', 'Sixth of the World, A (Shestaya chast mira)');
insert into team_review (team_id, manner, skill, created_at, created_by, modified_at, modified_by) values (25, 3, 2, '2023-03-23 08:01:27', 'Tasting Menu', '2023-03-17 02:53:29', 'Mentor');
insert into team_review (team_id, manner, skill, created_at, created_by, modified_at, modified_by) values (63, 1, 1, '2023-03-20 12:47:54', 'Damned, The (La Caduta degli dei)', '2022-10-07 14:18:15', 'Twice Upon a Time');
insert into team_review (team_id, manner, skill, created_at, created_by, modified_at, modified_by) values (74, 4, 4, '2022-10-21 04:52:35', 'Castle of Sand, The (Suna no utsuwa)', '2022-08-13 20:56:26', 'New York Cop (Nyû Yôku no koppu)');
insert into team_review (team_id, manner, skill, created_at, created_by, modified_at, modified_by) values (25, 5, 1, '2022-09-16 18:22:50', 'Wer', '2022-12-25 09:08:30', 'Beyond the Mat');
insert into team_review (team_id, manner, skill, created_at, created_by, modified_at, modified_by) values (54, 7, 5, '2022-12-30 12:38:23', 'Brain Damage', '2023-04-22 15:36:29', 'The Old Gun');
insert into team_review (team_id, manner, skill, created_at, created_by, modified_at, modified_by) values (15, 4, 5, '2022-12-08 18:52:56', 'Principal, The', '2022-11-04 07:49:33', 'Canyons, The');
insert into team_review (team_id, manner, skill, created_at, created_by, modified_at, modified_by) values (1, 5, 2, '2022-11-02 04:08:10', 'The Grump', '2022-10-15 04:35:22', 'Halloweentown');
insert into team_review (team_id, manner, skill, created_at, created_by, modified_at, modified_by) values (42, 2, 5, '2023-03-03 18:38:34', 'Stepdaughter, The', '2023-01-18 10:20:29', 'History of Violence, A');
insert into team_review (team_id, manner, skill, created_at, created_by, modified_at, modified_by) values (9, 2, 3, '2023-04-02 03:00:15', 'Deserter (Dezertir)', '2023-07-05 01:46:08', 'Cabinet of Caligari, The');
insert into team_review (team_id, manner, skill, created_at, created_by, modified_at, modified_by) values (7, 1, 1, '2022-09-23 19:30:47', 'United States of Leland, The', '2023-03-18 23:12:07', 'Stargate SG-1 Children of the Gods - Final Cut');
insert into team_review (team_id, manner, skill, created_at, created_by, modified_at, modified_by) values (24, 6, 3, '2023-05-25 20:20:11', 'Pusher III: I''m the Angel of Death', '2023-05-19 22:25:21', 'Sacrifice, The (Offret - Sacraficatio)');
insert into team_review (team_id, manner, skill, created_at, created_by, modified_at, modified_by) values (15, 1, 5, '2023-06-18 23:28:50', 'The Dust Bowl', '2022-12-30 06:46:16', 'Father and Son (Otets i syn)');
insert into team_review (team_id, manner, skill, created_at, created_by, modified_at, modified_by) values (57, 3, 4, '2023-03-31 08:00:01', 'Stavisky...', '2023-03-13 21:10:49', 'The Forgotten Faces');
insert into team_review (team_id, manner, skill, created_at, created_by, modified_at, modified_by) values (80, 1, 5, '2023-03-26 02:57:06', 'Cheech & Chong: Still Smokin''', '2023-02-16 02:00:02', 'Micmacs (Micmacs à tire-larigot)');
insert into team_review (team_id, manner, skill, created_at, created_by, modified_at, modified_by) values (66, 7, 1, '2023-05-20 13:57:47', 'Twisted Nerve', '2022-08-02 14:12:28', 'Reign of Assassins');
insert into team_review (team_id, manner, skill, created_at, created_by, modified_at, modified_by) values (44, 1, 3, '2023-03-14 23:55:24', 'Leviathan', '2023-01-17 10:53:36', 'Very Bad Things');
insert into team_review (team_id, manner, skill, created_at, created_by, modified_at, modified_by) values (77, 6, 2, '2023-06-20 19:09:31', 'Whales of August, The', '2023-04-12 11:19:34', 'Wedding Weekend, The (Sing Now or Forever Hold Your Peace) (Shut Up and Sing)');
insert into team_review (team_id, manner, skill, created_at, created_by, modified_at, modified_by) values (14, 1, 5, '2022-07-27 23:06:30', 'Four Christmases', '2023-06-12 18:28:30', 'Becky Sharp');
insert into team_review (team_id, manner, skill, created_at, created_by, modified_at, modified_by) values (10, 4, 3, '2023-01-28 07:44:29', 'Mother and Child', '2023-05-01 02:44:23', 'Buddy');
insert into team_review (team_id, manner, skill, created_at, created_by, modified_at, modified_by) values (50, 7, 4, '2022-10-22 15:34:01', 'Favor', '2023-06-09 21:36:06', 'Strongest Man in the World, The');
insert into team_review (team_id, manner, skill, created_at, created_by, modified_at, modified_by) values (42, 2, 3, '2022-10-30 18:15:59', 'Eat Pray Love', '2022-08-08 03:51:37', 'Substitute, The');
insert into team_review (team_id, manner, skill, created_at, created_by, modified_at, modified_by) values (15, 3, 1, '2023-06-28 10:16:26', 'Bachelor Party Vegas', '2022-10-12 08:08:58', 'Hard Way, The');
insert into team_review (team_id, manner, skill, created_at, created_by, modified_at, modified_by) values (4, 1, 5, '2022-10-16 18:26:13', 'Brain Damage', '2023-05-05 02:15:51', 'Dragonfly');
insert into team_review (team_id, manner, skill, created_at, created_by, modified_at, modified_by) values (60, 6, 3, '2022-10-22 23:11:55', 'Hyde Park on Hudson', '2022-10-28 10:24:09', 'Through the Olive Trees (Zire darakhatan zeyton)');
insert into team_review (team_id, manner, skill, created_at, created_by, modified_at, modified_by) values (22, 4, 4, '2022-07-22 13:56:48', 'Whore', '2023-01-21 16:24:19', 'King Creole');
insert into team_review (team_id, manner, skill, created_at, created_by, modified_at, modified_by) values (52, 1, 5, '2023-04-03 20:03:55', 'American Tail: Fievel Goes West, An', '2022-10-20 13:42:34', 'I''ll Do Anything');
insert into team_review (team_id, manner, skill, created_at, created_by, modified_at, modified_by) values (8, 6, 5, '2023-03-03 09:42:20', 'All American Chump', '2022-09-18 00:48:23', 'Forgotten');
insert into team_review (team_id, manner, skill, created_at, created_by, modified_at, modified_by) values (59, 7, 3, '2022-12-19 23:28:54', 'Swordfish', '2022-08-06 17:56:30', 'Swan Princess, The');
insert into team_review (team_id, manner, skill, created_at, created_by, modified_at, modified_by) values (28, 6, 1, '2023-05-08 03:55:50', 'G.I. Joe: Operation Dragonfire', '2023-01-20 01:08:37', 'Van Diemen''s Land');
insert into team_review (team_id, manner, skill, created_at, created_by, modified_at, modified_by) values (14, 1, 3, '2022-11-17 20:52:43', 'Don''t Tempt Me (Sin noticias de Dios)', '2023-05-16 14:59:57', 'Snake and Crane Arts of Shaolin (She hao ba bu)');
insert into team_review (team_id, manner, skill, created_at, created_by, modified_at, modified_by) values (30, 7, 2, '2022-12-21 14:57:31', 'Moral Tales, Filmic Issues', '2022-10-04 15:03:06', 'Perfect World, A');
insert into team_review (team_id, manner, skill, created_at, created_by, modified_at, modified_by) values (46, 4, 5, '2023-04-12 06:45:09', 'M. Butterfly', '2023-06-30 03:52:14', 'Criminal, The (a.k.a. Concrete Jungle)');
insert into team_review (team_id, manner, skill, created_at, created_by, modified_at, modified_by) values (61, 7, 1, '2022-11-11 06:09:34', 'Welcome to the Space Show (Uchû shô e yôkoso)', '2023-02-01 10:28:40', 'Girls Gone Dead');
insert into team_review (team_id, manner, skill, created_at, created_by, modified_at, modified_by) values (68, 3, 2, '2023-07-08 00:15:23', 'Reuben, Reuben', '2022-10-01 23:08:12', 'Tenchi: The Samurai Astronomer');
insert into team_review (team_id, manner, skill, created_at, created_by, modified_at, modified_by) values (60, 7, 2, '2022-09-25 23:47:13', 'Trespass', '2022-09-03 22:51:06', 'Beastmaster, The');
insert into team_review (team_id, manner, skill, created_at, created_by, modified_at, modified_by) values (48, 2, 5, '2023-05-08 09:44:38', 'Ernest Goes to Camp', '2022-08-14 23:11:27', 'Jurassic Park III');
insert into team_review (team_id, manner, skill, created_at, created_by, modified_at, modified_by) values (49, 1, 5, '2022-08-29 15:17:27', 'Spy Who Loved Me, The', '2022-10-26 10:06:58', 'Bring Me the Head of Alfredo Garcia');
insert into team_review (team_id, manner, skill, created_at, created_by, modified_at, modified_by) values (39, 6, 3, '2023-01-07 12:03:50', 'Fever', '2023-07-12 10:29:02', 'Una Noche');
insert into team_review (team_id, manner, skill, created_at, created_by, modified_at, modified_by) values (29, 1, 5, '2022-09-21 13:54:22', 'Live and Let Die', '2022-07-26 03:14:08', 'My Brother''s Wife (Mujer de mi hermano, La)');
insert into team_review (team_id, manner, skill, created_at, created_by, modified_at, modified_by) values (39, 1, 4, '2022-11-11 20:38:41', 'The Pee-Wee Herman Show on Broadway', '2023-04-25 14:21:23', 'Charlie Bartlett');
insert into team_review (team_id, manner, skill, created_at, created_by, modified_at, modified_by) values (69, 1, 2, '2022-08-20 01:22:43', 'Teddy Bear (Mis)', '2022-07-19 07:03:48', 'Last Kiss, The (Ultimo bacio, L'')');
insert into team_review (team_id, manner, skill, created_at, created_by, modified_at, modified_by) values (31, 2, 3, '2023-02-07 23:25:16', 'Asterix at the Olympic Games (Astérix aux jeux olympiques)', '2022-10-14 18:49:34', 'Casablanca Express');
insert into team_review (team_id, manner, skill, created_at, created_by, modified_at, modified_by) values (24, 6, 2, '2023-01-18 00:42:09', 'Elling', '2023-02-18 13:13:25', 'Genova (Summer in Genoa, A)');
insert into team_review (team_id, manner, skill, created_at, created_by, modified_at, modified_by) values (54, 5, 4, '2022-10-28 15:51:19', 'Ace High (Quattro dell''Ave Maria, I)', '2023-06-30 14:33:13', 'April Love');
insert into team_review (team_id, manner, skill, created_at, created_by, modified_at, modified_by) values (2, 6, 2, '2022-10-05 14:45:39', 'Coffee Town', '2022-10-27 21:03:57', 'Marjoe');
insert into team_review (team_id, manner, skill, created_at, created_by, modified_at, modified_by) values (68, 1, 3, '2023-07-17 10:41:09', 'Undertow', '2022-10-08 01:52:19', 'Taking of Pelham 1 2 3, The');
insert into team_review (team_id, manner, skill, created_at, created_by, modified_at, modified_by) values (41, 3, 2, '2022-07-28 14:10:51', 'Barcelona', '2022-12-12 07:11:32', 'Endurance: Shackleton''s Legendary Antarctic Expedition, The');
insert into team_review (team_id, manner, skill, created_at, created_by, modified_at, modified_by) values (24, 1, 5, '2023-03-31 00:17:18', 'Sparrow (a.k.a. Cultured Bird) (Man jeuk)', '2022-08-11 02:23:20', 'Way You Wanted Me, The (Sellaisena kuin sinä minut halusit)');
insert into team_review (team_id, manner, skill, created_at, created_by, modified_at, modified_by) values (56, 5, 3, '2023-04-06 20:20:25', 'Bûche, La', '2023-01-19 23:16:41', 'Little Big League');
insert into team_review (team_id, manner, skill, created_at, created_by, modified_at, modified_by) values (59, 1, 3, '2022-12-29 10:19:00', 'Man with Two Brains, The', '2022-10-27 03:17:41', 'Smitty');
insert into team_review (team_id, manner, skill, created_at, created_by, modified_at, modified_by) values (32, 6, 1, '2022-08-19 21:02:04', 'Recess: School''s Out', '2022-11-02 21:23:20', 'See Heaven');
insert into team_review (team_id, manner, skill, created_at, created_by, modified_at, modified_by) values (73, 3, 2, '2022-12-26 16:39:26', 'Bird People', '2022-08-12 15:10:32', 'Love (Szerelem)');
insert into team_review (team_id, manner, skill, created_at, created_by, modified_at, modified_by) values (7, 3, 4, '2023-07-02 20:47:42', 'Cat Chaser', '2023-01-01 08:37:52', 'Take Care of My Cat (Goyangileul butaghae)');
insert into team_review (team_id, manner, skill, created_at, created_by, modified_at, modified_by) values (37, 4, 4, '2023-03-18 13:47:13', 'Mildred Pierce', '2022-07-24 16:34:27', 'Snowblind');
insert into team_review (team_id, manner, skill, created_at, created_by, modified_at, modified_by) values (1, 1, 3, '2023-02-17 06:33:32', 'Poppy Shakespeare', '2023-02-17 12:14:00', 'Gunfighter, The');
insert into team_review (team_id, manner, skill, created_at, created_by, modified_at, modified_by) values (29, 7, 5, '2023-01-09 13:58:49', 'Amour', '2022-12-15 20:21:08', 'Moving');
insert into team_review (team_id, manner, skill, created_at, created_by, modified_at, modified_by) values (15, 7, 4, '2023-06-15 19:12:14', 'Three Times (Zui hao de shi guang)', '2023-04-21 19:11:00', 'Polite People (Kurteist fólk)');
insert into team_review (team_id, manner, skill, created_at, created_by, modified_at, modified_by) values (11, 6, 5, '2023-04-12 19:07:35', 'Benigni', '2023-02-24 12:47:28', 'Last Blitzkrieg, The');
insert into team_review (team_id, manner, skill, created_at, created_by, modified_at, modified_by) values (48, 6, 3, '2023-02-09 01:20:00', 'Man in the Saddle', '2023-02-27 06:46:59', 'Smiley''s People');
insert into team_review (team_id, manner, skill, created_at, created_by, modified_at, modified_by) values (59, 3, 4, '2022-10-22 06:16:41', 'Agora', '2022-08-14 12:56:42', 'Ballad of Jack and Rose, The');
insert into team_review (team_id, manner, skill, created_at, created_by, modified_at, modified_by) values (63, 5, 3, '2022-10-19 17:16:21', 'Act Da Fool', '2023-02-03 00:55:04', 'Dancer in the Dark');
insert into team_review (team_id, manner, skill, created_at, created_by, modified_at, modified_by) values (42, 3, 4, '2023-02-25 05:34:18', 'Sweet Charity', '2023-03-08 20:55:44', 'Shinobi No Mono 2: Vengeance (Zoku shinobi no mono)');
insert into team_review (team_id, manner, skill, created_at, created_by, modified_at, modified_by) values (1, 7, 3, '2023-03-23 21:50:06', 'Henri-Georges Clouzot''s Inferno (L''enfer d''Henri-Georges Clouzot)', '2022-10-26 00:23:36', 'Goodbye Charlie');
insert into team_review (team_id, manner, skill, created_at, created_by, modified_at, modified_by) values (61, 1, 4, '2023-06-01 16:53:37', 'Les Feux Arctiques (Arktiset tulet)', '2022-11-01 21:47:27', 'You Are God (Jestes Bogiem)');
insert into team_review (team_id, manner, skill, created_at, created_by, modified_at, modified_by) values (44, 1, 5, '2022-11-15 00:59:16', 'Stooge, The', '2022-08-24 01:14:39', 'Saint John of Las Vegas');
insert into team_review (team_id, manner, skill, created_at, created_by, modified_at, modified_by) values (51, 3, 1, '2023-02-28 10:01:08', 'Live and Become (Va, vis et deviens)', '2023-02-01 13:20:09', 'And Everything Is Going Fine');
insert into team_review (team_id, manner, skill, created_at, created_by, modified_at, modified_by) values (10, 1, 4, '2023-03-09 09:59:22', 'Note by Note: The Making of Steinway L1037', '2023-07-02 13:14:08', 'Azumi');
insert into team_review (team_id, manner, skill, created_at, created_by, modified_at, modified_by) values (43, 5, 1, '2022-07-27 18:29:38', 'Broken Arrow', '2023-06-29 00:20:21', 'Secret, The');
insert into team_review (team_id, manner, skill, created_at, created_by, modified_at, modified_by) values (25, 2, 1, '2022-08-03 11:59:38', 'Queen of the Amazons', '2023-06-13 16:38:59', 'Samaritan Zatoichi (Zatôichi kenka-daiko) (Zatôichi 19)');
insert into team_review (team_id, manner, skill, created_at, created_by, modified_at, modified_by) values (40, 3, 3, '2023-06-17 20:39:39', 'Soul Man', '2023-05-10 12:52:30', 'Let''s Do It Again');
insert into team_review (team_id, manner, skill, created_at, created_by, modified_at, modified_by) values (47, 1, 1, '2023-04-07 09:22:44', 'Mississippi Burning', '2022-11-20 02:27:55', 'Firm, The');
insert into team_review (team_id, manner, skill, created_at, created_by, modified_at, modified_by) values (73, 4, 2, '2023-02-15 14:31:08', 'The 3 Rs', '2023-06-16 07:40:14', '21 Hours at Munich');

--manager
insert into manager (id, password, created_at, created_by, modified_at, modified_by) values (1, '#e53d99', '2022-10-20 08:31:15', 'One Man Against the Organization', '2023-06-14 22:24:01', 'My Summer of Love');
insert into manager (id, password, created_at, created_by, modified_at, modified_by) values (2, '#e2ff3e', '2022-10-19 09:39:33', '7 Women (a.k.a. Seven Women)', '2022-12-07 17:23:52', 'Frenzy');
insert into manager (id, password, created_at, created_by, modified_at, modified_by) values (3, '#2d524b', '2022-09-15 13:45:23', 'Chicago Massacre: Richard Speck', '2023-03-17 04:47:33', 'Time Freak');
insert into manager (id, password, created_at, created_by, modified_at, modified_by) values (4, '#6d7663', '2023-05-03 15:28:49', 'My Left Foot', '2023-06-14 05:29:25', 'FairyTale: A True Story');
insert into manager (id, password, created_at, created_by, modified_at, modified_by) values (5, '#a55cc4', '2023-05-28 17:56:03', 'Rio', '2022-10-18 17:50:24', 'Loser Takes All, The (O hamenos ta pairnei ola)');
insert into manager (id, password, created_at, created_by, modified_at, modified_by) values (6, '#3dc687', '2022-08-14 04:12:32', 'Armour of God II: Operation Condor (Operation Condor) (Fei ying gai wak)', '2023-01-21 10:42:00', 'Asterix & Obelix: God Save Britannia (Astérix et Obélix: Au service de Sa Majesté)');
insert into manager (id, password, created_at, created_by, modified_at, modified_by) values (7, '#5cac74', '2022-08-21 01:57:11', 'Quiz Show', '2023-05-17 20:33:57', 'Dr. Who and the Daleks');
insert into manager (id, password, created_at, created_by, modified_at, modified_by) values (8, '#1f4464', '2022-11-16 14:15:32', 'See No Evil', '2022-12-14 13:03:30', 'That''s My Boy');
insert into manager (id, password, created_at, created_by, modified_at, modified_by) values (9, '#f23a32', '2022-11-08 08:01:50', 'Attack of the Giant Leeches', '2022-08-15 21:46:22', 'Light the Fuse... Sartana Is Coming');
insert into manager (id, password, created_at, created_by, modified_at, modified_by) values (10, '#c7a781', '2022-07-22 07:27:36', 'Elvis and Me', '2022-12-15 07:38:55', 'Life After Tomorrow');
insert into manager (id, password, created_at, created_by, modified_at, modified_by) values (11, '#a0d3df', '2022-12-02 03:12:15', 'Strange Invaders', '2023-02-05 11:50:27', 'The Beales of Grey Gardens');
insert into manager (id, password, created_at, created_by, modified_at, modified_by) values (12, '#7a71df', '2022-09-10 08:50:48', 'Where Angels Fear to Tread', '2023-02-17 16:13:10', 'Looking for Hortense (Cherchez Hortense) ');
insert into manager (id, password, created_at, created_by, modified_at, modified_by) values (13, '#511565', '2022-09-11 02:38:30', 'Tusk', '2023-07-02 09:05:49', 'Cloverfield');
insert into manager (id, password, created_at, created_by, modified_at, modified_by) values (14, '#9b6821', '2023-06-16 08:55:58', 'Forgetting Sarah Marshall', '2022-08-25 12:14:01', 'Budd Boetticher: A Man Can Do That');
insert into manager (id, password, created_at, created_by, modified_at, modified_by) values (15, '#c9e964', '2023-02-22 11:44:43', 'Little Mermaid: Ariel''s Beginning, The', '2023-07-01 21:10:12', 'Education of Little Tree, The');
insert into manager (id, password, created_at, created_by, modified_at, modified_by) values (16, '#6a6efd', '2023-04-26 17:18:43', 'Littlest Rebel, The', '2023-06-30 02:36:47', 'Lawman');
insert into manager (id, password, created_at, created_by, modified_at, modified_by) values (17, '#f32fa2', '2023-07-03 03:23:20', 'Lone Wolf and Cub: Baby Cart at the River Styx (Kozure Ôkami: Sanzu no kawa no ubaguruma)', '2022-12-22 17:51:19', 'Are You Here');
insert into manager (id, password, created_at, created_by, modified_at, modified_by) values (18, '#a899f3', '2023-03-07 23:10:22', 'Home of the Brave', '2022-08-31 22:04:17', 'Victory Through Air Power');
insert into manager (id, password, created_at, created_by, modified_at, modified_by) values (19, '#4f2033', '2023-01-09 14:33:49', 'What Price Hollywood?', '2022-09-03 19:52:49', 'Whispers in the Dark');
insert into manager (id, password, created_at, created_by, modified_at, modified_by) values (20, '#7e990f', '2023-03-29 15:42:33', 'Last Wave, The', '2023-05-22 13:40:43', 'Beslan: Three Days in September');
insert into manager (id, password, created_at, created_by, modified_at, modified_by) values (21, '#f525b4', '2023-02-27 01:49:37', 'Special When Lit', '2022-12-21 03:59:34', 'Valkyrie');
insert into manager (id, password, created_at, created_by, modified_at, modified_by) values (22, '#33150e', '2023-03-29 01:07:56', 'Kind of Loving, A', '2023-04-03 00:14:19', 'Eyes of Tammy Faye, The');
insert into manager (id, password, created_at, created_by, modified_at, modified_by) values (23, '#26999f', '2023-04-04 17:08:59', 'Blood Shot', '2023-02-04 03:23:49', 'Batch ''81');
insert into manager (id, password, created_at, created_by, modified_at, modified_by) values (24, '#c9d23c', '2022-12-25 21:19:14', 'Hell Night', '2023-07-01 11:51:46', 'Donnie Brasco');
insert into manager (id, password, created_at, created_by, modified_at, modified_by) values (25, '#4b4694', '2023-06-12 23:45:15', 'Incognito', '2022-10-12 18:24:48', 'Space Raiders');
insert into manager (id, password, created_at, created_by, modified_at, modified_by) values (26, '#ca9bec', '2022-10-18 10:50:24', 'Son of Lassie', '2023-03-28 00:47:58', 'Dolce Vita, La');
insert into manager (id, password, created_at, created_by, modified_at, modified_by) values (27, '#6c1ebf', '2023-01-10 11:10:07', 'Jimmy and Judy', '2022-09-26 22:47:09', 'Dark Hours, The');
insert into manager (id, password, created_at, created_by, modified_at, modified_by) values (28, '#587821', '2023-04-28 21:25:26', 'Like Water for Chocolate (Como agua para chocolate)', '2023-01-07 01:00:51', 'In Her Shoes');
insert into manager (id, password, created_at, created_by, modified_at, modified_by) values (29, '#a16753', '2023-07-12 11:01:31', 'This Christmas', '2023-01-12 17:37:17', 'Dreams of  a Life');
insert into manager (id, password, created_at, created_by, modified_at, modified_by) values (30, '#f99244', '2022-12-07 06:06:24', 'Sometimes They Come Back', '2022-10-09 04:23:14', 'Barry Munday');

--stadium
insert into stadium (field_count, gpa, stadium_name, address, tel, time, cost, evaluation_count, manager_id, created_at, created_by, modified_at, modified_by) values (3, 4, 'Red', 'Suite 99', '876 918 3962', '2:01 PM', '1624', 34, 1, '2023-06-24 12:56:13', 'Mare Nostrum', '2022-10-17 06:44:07', 'Sunday Bloody Sunday');
insert into stadium (field_count, gpa, stadium_name, address, tel, time, cost, evaluation_count, manager_id, created_at, created_by, modified_at, modified_by) values (2, 2, 'Fuscia', 'Suite 9', '585 581 4873', '1:04 AM', '14472', 55, 30, '2022-07-21 12:57:40', 'Sexual Predator', '2023-04-09 16:46:18', 'Man Who Came to Dinner, The');
insert into stadium (field_count, gpa, stadium_name, address, tel, time, cost, evaluation_count, manager_id, created_at, created_by, modified_at, modified_by) values (2, 3, 'Goldenrod', '2nd Floor', '552 847 1771', '6:06 PM', '21', 20, 7, '2023-05-25 05:05:21', 'Mississippi Burning', '2022-08-04 13:59:17', 'Eye for an Eye');
insert into stadium (field_count, gpa, stadium_name, address, tel, time, cost, evaluation_count, manager_id, created_at, created_by, modified_at, modified_by) values (1, 3, 'Yellow', 'Suite 91', '182 260 3119', '10:23 AM', '4300', 32, 9, '2023-06-28 18:40:32', 'Avalon', '2023-05-17 23:04:53', 'The Hire: Follow, The');
insert into stadium (field_count, gpa, stadium_name, address, tel, time, cost, evaluation_count, manager_id, created_at, created_by, modified_at, modified_by) values (1, 5, 'Puce', 'PO Box 26825', '146 662 0891', '8:43 PM', null, 83, 17, '2023-05-06 22:12:02', 'Underdog', '2022-08-15 23:42:38', 'Night Train');
insert into stadium (field_count, gpa, stadium_name, address, tel, time, cost, evaluation_count, manager_id, created_at, created_by, modified_at, modified_by) values (5, 4, 'Green', 'Suite 19', '183 452 5394', '11:14 AM', '470', 90, 14, '2022-10-23 02:04:37', 'Day, The', '2022-10-03 22:30:49', 'Man from Down Under, The');
insert into stadium (field_count, gpa, stadium_name, address, tel, time, cost, evaluation_count, manager_id, created_at, created_by, modified_at, modified_by) values (1, 5, 'Goldenrod', 'Apt 1961', '847 658 2586', '7:38 AM', '295', 6, 5, '2023-05-28 00:36:39', 'Plutonium Circus', '2022-10-25 20:47:55', 'My Brother Is an Only Child (Mio fratello è figlio unico)');
insert into stadium (field_count, gpa, stadium_name, address, tel, time, cost, evaluation_count, manager_id, created_at, created_by, modified_at, modified_by) values (1, 4, 'Blue', 'Room 678', '606 413 9383', '8:51 PM', '1008', 18, 21, '2022-10-03 23:38:01', 'Return of Swamp Thing, The', '2023-04-08 00:06:44', 'Chisum');
insert into stadium (field_count, gpa, stadium_name, address, tel, time, cost, evaluation_count, manager_id, created_at, created_by, modified_at, modified_by) values (5, 3, 'Green', 'Room 1700', '674 902 7928', '4:33 AM', '812', 97, 26, '2022-10-25 17:23:26', 'The Haunted House', '2022-11-30 01:27:42', 'Hello Again');
insert into stadium (field_count, gpa, stadium_name, address, tel, time, cost, evaluation_count, manager_id, created_at, created_by, modified_at, modified_by) values (4, 4, 'Teal', '20th Floor', '432 531 7211', '8:56 PM', '243', 90, 25, '2022-10-25 11:10:32', 'Grey Zone, The', '2023-02-23 06:38:30', 'Against All Flags');
insert into stadium (field_count, gpa, stadium_name, address, tel, time, cost, evaluation_count, manager_id, created_at, created_by, modified_at, modified_by) values (4, 4, 'Blue', '11th Floor', '121 565 3129', '4:22 AM', '210', 49, 17, '2023-05-09 07:29:57', 'Thirteen, The (Trinadtsat)', '2023-02-19 10:23:20', 'Art of War III: Retribution, The');
insert into stadium (field_count, gpa, stadium_name, address, tel, time, cost, evaluation_count, manager_id, created_at, created_by, modified_at, modified_by) values (3, 3, 'Maroon', '20th Floor', '639 627 9383', '8:37 PM', '1390', 38, 7, '2023-02-08 21:55:02', 'Coffin Rock', '2023-05-27 11:01:26', 'Very Natural Thing, A');
insert into stadium (field_count, gpa, stadium_name, address, tel, time, cost, evaluation_count, manager_id, created_at, created_by, modified_at, modified_by) values (5, 4, 'Fuscia', 'Room 275', '772 921 0261', '10:50 AM', '11', 76, 11, '2023-03-18 14:55:53', 'I Want Someone to Eat Cheese With', '2023-03-20 19:13:14', 'Singing Marine, The');
insert into stadium (field_count, gpa, stadium_name, address, tel, time, cost, evaluation_count, manager_id, created_at, created_by, modified_at, modified_by) values (4, 4, 'Purple', 'Room 1977', '770 231 7322', '5:37 PM', '115', 68, 4, '2022-11-13 23:25:47', 'South Park: Imaginationland', '2022-08-26 07:07:44', 'Burma VJ: Reporting from a Closed Country (Burma VJ: Reporter i et lukket land)');
insert into stadium (field_count, gpa, stadium_name, address, tel, time, cost, evaluation_count, manager_id, created_at, created_by, modified_at, modified_by) values (3, 1, 'Yellow', 'Apt 482', '671 963 0471', '7:38 PM', '1333', 53, 1, '2022-10-02 00:23:27', 'Prisoner of Shark Island, The', '2022-11-29 02:56:18', 'Man Who Couldn''t Say No, The (Mies joka ei osannut sanoa EI)');
insert into stadium (field_count, gpa, stadium_name, address, tel, time, cost, evaluation_count, manager_id, created_at, created_by, modified_at, modified_by) values (3, 2, 'Crimson', 'Apt 200', '202 954 7364', '7:02 AM', '197', 64, 8, '2023-01-01 15:32:44', 'Spy Kids', '2022-12-29 05:45:35', 'Scent of a Woman (Profumo di donna)');
insert into stadium (field_count, gpa, stadium_name, address, tel, time, cost, evaluation_count, manager_id, created_at, created_by, modified_at, modified_by) values (5, 2, 'Orange', 'Room 1950', '269 897 0815', '6:25 AM', '1181', 43, 20, '2023-01-24 14:43:08', 'Same Old Song (On connaît la chanson)', '2022-11-29 05:30:13', 'Parasite');
insert into stadium (field_count, gpa, stadium_name, address, tel, time, cost, evaluation_count, manager_id, created_at, created_by, modified_at, modified_by) values (2, 3, 'Goldenrod', 'Apt 910', '623 460 4936', '7:25 PM', '194', 11, 10, '2022-11-13 09:08:32', 'Cameron''s Closet', '2023-02-01 09:32:26', 'Shadows');
insert into stadium (field_count, gpa, stadium_name, address, tel, time, cost, evaluation_count, manager_id, created_at, created_by, modified_at, modified_by) values (5, 1, 'Green', 'Suite 55', '335 466 5979', '10:00 AM', '2169', 40, 29, '2022-07-22 08:11:41', 'Syndromes and a Century (Sang sattawat)', '2023-05-31 04:06:31', 'Pointe-Courte, La');
insert into stadium (field_count, gpa, stadium_name, address, tel, time, cost, evaluation_count, manager_id, created_at, created_by, modified_at, modified_by) values (1, 1, 'Purple', 'Apt 1031', '795 428 7990', '8:20 AM', '2454', 60, 30, '2023-05-30 13:49:59', 'Gospa', '2022-08-22 03:33:19', 'Enemies of Reason, The');
insert into stadium (field_count, gpa, stadium_name, address, tel, time, cost, evaluation_count, manager_id, created_at, created_by, modified_at, modified_by) values (5, 5, 'Purple', 'Room 650', '929 450 0235', '6:11 PM', '435', 7, 21, '2023-03-06 02:17:22', 'Osterman Weekend, The', '2023-03-04 14:14:43', 'Private Lives of Elizabeth and Essex, The');
insert into stadium (field_count, gpa, stadium_name, address, tel, time, cost, evaluation_count, manager_id, created_at, created_by, modified_at, modified_by) values (2, 2, 'Orange', 'PO Box 73095', '169 825 0636', '8:08 PM', '1214', 77, 20, '2023-02-06 13:01:30', 'White Mischief', '2023-06-03 07:17:12', 'Better Living');
insert into stadium (field_count, gpa, stadium_name, address, tel, time, cost, evaluation_count, manager_id, created_at, created_by, modified_at, modified_by) values (5, 2, 'Orange', 'Room 790', '274 492 8586', '6:23 AM', '25', 74, 29, '2023-03-17 11:37:04', 'Innocent Affair, An (Don''t Trust Your Husband) (Under Suspicion)', '2022-12-28 19:47:00', 'Popular Music (Populärmusik från Vittula)');
insert into stadium (field_count, gpa, stadium_name, address, tel, time, cost, evaluation_count, manager_id, created_at, created_by, modified_at, modified_by) values (5, 5, 'Fuscia', 'Room 428', '957 549 4042', '11:21 AM', '3338', 97, 14, '2023-02-25 03:42:37', 'Foxy Brown', '2022-09-06 21:19:05', 'Plot Against Harry, The');
insert into stadium (field_count, gpa, stadium_name, address, tel, time, cost, evaluation_count, manager_id, created_at, created_by, modified_at, modified_by) values (4, 4, 'Aquamarine', 'Suite 45', '689 571 4448', '4:42 PM', '75', 13, 14, '2023-07-04 08:05:33', 'True Legend (Su Qi-Er)', '2022-07-20 10:01:54', 'Love and Anarchy (Film d''amore e d''anarchia, ovvero ''stamattina alle 10 in via dei Fiori nella nota casa di tolleranza...'')');
insert into stadium (field_count, gpa, stadium_name, address, tel, time, cost, evaluation_count, manager_id, created_at, created_by, modified_at, modified_by) values (5, 4, 'Crimson', 'Suite 19', '147 607 1929', '2:19 PM', '2336', 2, 28, '2023-04-10 17:31:33', 'Kid Millions', '2022-08-11 13:00:03', 'Mi Amigo Hugo');
insert into stadium (field_count, gpa, stadium_name, address, tel, time, cost, evaluation_count, manager_id, created_at, created_by, modified_at, modified_by) values (3, 4, 'Violet', '9th Floor', '706 848 9005', '6:24 PM', '28', 73, 14, '2023-01-04 02:46:08', 'Manufactured Landscapes', '2022-09-27 08:11:44', 'Frank');
insert into stadium (field_count, gpa, stadium_name, address, tel, time, cost, evaluation_count, manager_id, created_at, created_by, modified_at, modified_by) values (5, 3, 'Yellow', 'Apt 935', '668 283 9765', '6:12 PM', '178', 34, 19, '2022-11-30 00:38:02', 'Children of the Night', '2022-09-23 19:50:03', 'Alice');
insert into stadium (field_count, gpa, stadium_name, address, tel, time, cost, evaluation_count, manager_id, created_at, created_by, modified_at, modified_by) values (1, 1, 'Orange', 'Suite 96', '554 598 1986', '5:45 PM', '1126', 80, 24, '2022-10-11 22:37:07', 'Happy We (Två killar och en tjej)', '2022-09-23 10:10:58', 'Big Game');
insert into stadium (field_count, gpa, stadium_name, address, tel, time, cost, evaluation_count, manager_id, created_at, created_by, modified_at, modified_by) values (4, 4, 'Turquoise', 'Room 565', '822 901 2785', '7:11 PM', '1084', 39, 29, '2022-08-24 08:29:49', 'Skyscraper Souls', '2023-01-12 04:48:11', 'Artist and the Model, The (El artista y la modelo)');
insert into stadium (field_count, gpa, stadium_name, address, tel, time, cost, evaluation_count, manager_id, created_at, created_by, modified_at, modified_by) values (3, 5, 'Blue', '13th Floor', '129 425 7043', '8:08 PM', '20', 66, 20, '2022-10-04 23:32:46', 'Avalon', '2022-08-13 07:29:40', 'Elizabeth: The Golden Age');
insert into stadium (field_count, gpa, stadium_name, address, tel, time, cost, evaluation_count, manager_id, created_at, created_by, modified_at, modified_by) values (3, 4, 'Puce', '11th Floor', '315 410 5114', '11:12 AM', '3548', 47, 17, '2023-06-27 02:18:02', 'Limits of Control, The', '2023-01-04 01:38:03', 'Sapphire');
insert into stadium (field_count, gpa, stadium_name, address, tel, time, cost, evaluation_count, manager_id, created_at, created_by, modified_at, modified_by) values (5, 4, 'Blue', 'Suite 51', '189 584 6736', '11:06 PM', '134', 26, 6, '2023-07-17 00:35:13', 'Adventures of Zatoichi (Zatôichi sekisho yaburi) (Zatôichi 9)', '2022-11-15 02:35:12', 'Drawing Restraint 9');
insert into stadium (field_count, gpa, stadium_name, address, tel, time, cost, evaluation_count, manager_id, created_at, created_by, modified_at, modified_by) values (5, 2, 'Crimson', '1st Floor', '225 430 2314', '3:00 PM', '887', 65, 20, '2022-11-23 00:52:50', 'Invisible Woman, The', '2023-01-19 14:31:45', 'Butterfly, The (Papillon, Le)');
insert into stadium (field_count, gpa, stadium_name, address, tel, time, cost, evaluation_count, manager_id, created_at, created_by, modified_at, modified_by) values (1, 2, 'Maroon', '20th Floor', '186 693 4494', '10:58 AM', '8360', 32, 3, '2022-11-25 18:33:37', 'Tenant, The (Locataire, Le)', '2023-02-01 08:57:27', 'Code Name: The Cleaner');
insert into stadium (field_count, gpa, stadium_name, address, tel, time, cost, evaluation_count, manager_id, created_at, created_by, modified_at, modified_by) values (5, 1, 'Indigo', 'Suite 30', '942 149 1749', '2:38 PM', '6', 38, 19, '2023-01-02 15:46:34', 'Real McCoy, The', '2022-08-16 20:32:44', 'Mallrats');
insert into stadium (field_count, gpa, stadium_name, address, tel, time, cost, evaluation_count, manager_id, created_at, created_by, modified_at, modified_by) values (5, 5, 'Violet', '11th Floor', '886 170 7910', '8:17 PM', null, 28, 22, '2023-03-22 02:12:17', 'Batman', '2022-12-01 22:55:55', 'Playing with Love (Puppy Love) (Maladolescenza)');
insert into stadium (field_count, gpa, stadium_name, address, tel, time, cost, evaluation_count, manager_id, created_at, created_by, modified_at, modified_by) values (3, 4, 'Fuscia', 'Suite 87', '139 869 4578', '9:45 PM', '3', 76, 10, '2022-08-15 03:11:47', 'X-Files: I Want to Believe, The', '2023-06-12 14:51:48', 'Strawberry and Chocolate (Fresa y chocolate)');
insert into stadium (field_count, gpa, stadium_name, address, tel, time, cost, evaluation_count, manager_id, created_at, created_by, modified_at, modified_by) values (4, 1, 'Turquoise', 'Room 504', '516 125 5104', '9:10 AM', '1608', 9, 10, '2023-02-07 15:12:41', 'Mr. Freedom', '2022-09-17 00:31:00', 'Riding Giants');
insert into stadium (field_count, gpa, stadium_name, address, tel, time, cost, evaluation_count, manager_id, created_at, created_by, modified_at, modified_by) values (2, 1, 'Yellow', '14th Floor', '724 402 7066', '7:03 PM', '3020', 85, 5, '2023-03-25 04:27:15', 'O Amor das Três Romãs', '2023-05-17 21:51:07', 'Paperhouse');
insert into stadium (field_count, gpa, stadium_name, address, tel, time, cost, evaluation_count, manager_id, created_at, created_by, modified_at, modified_by) values (1, 4, 'Turquoise', '8th Floor', '611 809 0426', '7:16 AM', '83', 99, 16, '2023-03-07 01:44:37', 'Posse', '2023-05-31 12:47:30', 'Spriggan (Supurigan)');
insert into stadium (field_count, gpa, stadium_name, address, tel, time, cost, evaluation_count, manager_id, created_at, created_by, modified_at, modified_by) values (4, 3, 'Blue', 'Suite 5', '411 694 9365', '6:00 AM', '250', 6, 6, '2023-05-27 11:06:48', 'Circus', '2023-03-11 21:30:53', 'Reconstruction');
insert into stadium (field_count, gpa, stadium_name, address, tel, time, cost, evaluation_count, manager_id, created_at, created_by, modified_at, modified_by) values (2, 4, 'Pink', 'Suite 15', '798 346 5253', '3:28 PM', '456', 22, 14, '2022-12-07 21:10:00', 'Pretty Bird', '2023-04-30 00:57:19', 'Babbitt');
insert into stadium (field_count, gpa, stadium_name, address, tel, time, cost, evaluation_count, manager_id, created_at, created_by, modified_at, modified_by) values (1, 2, 'Blue', 'PO Box 94831', '343 693 5225', '10:06 PM', '7', 93, 2, '2023-02-10 17:02:48', 'Story of Ruth, The', '2023-02-01 11:54:29', 'Perfect Day, A (Un giorno perfetto)');
insert into stadium (field_count, gpa, stadium_name, address, tel, time, cost, evaluation_count, manager_id, created_at, created_by, modified_at, modified_by) values (5, 1, 'Fuscia', 'Apt 1320', '853 561 7762', '12:11 PM', '430', 16, 17, '2022-12-17 20:14:26', 'Mummy''s Tomb, The', '2023-06-03 02:01:26', 'Con Air');
insert into stadium (field_count, gpa, stadium_name, address, tel, time, cost, evaluation_count, manager_id, created_at, created_by, modified_at, modified_by) values (2, 2, 'Purple', 'Suite 48', '448 436 9262', '10:14 PM', '1025', 51, 12, '2023-05-20 06:41:04', 'Poolsite', '2023-04-11 07:51:16', 'Whisper of the Heart (Mimi wo sumaseba)');
insert into stadium (field_count, gpa, stadium_name, address, tel, time, cost, evaluation_count, manager_id, created_at, created_by, modified_at, modified_by) values (5, 3, 'Orange', 'Room 1071', '470 289 4280', '12:59 AM', '410', 54, 3, '2022-08-02 15:38:28', 'Conspiracy, The', '2022-09-24 05:49:50', 'Cube');
insert into stadium (field_count, gpa, stadium_name, address, tel, time, cost, evaluation_count, manager_id, created_at, created_by, modified_at, modified_by) values (1, 3, 'Purple', 'Suite 25', '293 757 6309', '10:38 AM', '70', 82, 26, '2023-03-02 16:27:26', 'Rampo (a.k.a. The Mystery of Rampo)', '2022-12-09 21:10:53', 'It''s Always Fair Weather');
insert into stadium (field_count, gpa, stadium_name, address, tel, time, cost, evaluation_count, manager_id, created_at, created_by, modified_at, modified_by) values (3, 4, 'Blue', 'Apt 280', '554 343 7948', '1:26 AM', '858', 89, 19, '2022-09-20 09:04:53', 'Double, Double, Toil and Trouble', '2023-05-22 20:14:09', 'Fetishes');
insert into stadium (field_count, gpa, stadium_name, address, tel, time, cost, evaluation_count, manager_id, created_at, created_by, modified_at, modified_by) values (4, 2, 'Violet', 'Room 427', '821 177 6569', '2:28 AM', '150', 23, 25, '2023-05-22 23:42:00', 'Delirious', '2022-07-25 19:42:56', 'Air Hawks');


--field
insert into field (cost, matching_date, start_time, end_time, stadium_id) values (62693, '2022-09-20', '2023-06-23 07:27:10', '2023-05-23 09:24:06', 46);
insert into field (cost, matching_date, start_time, end_time, stadium_id) values (57987, '2023-05-01 10:52:03', '2022-10-04 09:11:23', '2022-12-24 14:11:19', 32);
insert into field (cost, matching_date, start_time, end_time, stadium_id) values (98745, '2023-06-20 18:34:08', '2023-07-02 07:34:57', '2022-10-15 13:02:47', 19);
insert into field (cost, matching_date, start_time, end_time, stadium_id) values (62998, '2023-05-15 12:47:26', '2023-05-24 05:50:37', '2023-04-20 09:21:11', 6);
insert into field (cost, matching_date, start_time, end_time, stadium_id) values (63515, '2022-12-23 18:40:03', '2023-04-03 09:22:18', '2023-03-29 21:33:30', 13);
insert into field (cost, matching_date, start_time, end_time, stadium_id) values (53369, '2023-07-03 01:29:50', '2023-06-11 14:09:10', '2022-11-12 16:44:36', 50);
insert into field (cost, matching_date, start_time, end_time, stadium_id) values (61528, '2023-01-14 05:57:35', '2022-08-03 02:05:36', '2023-06-23 20:19:47', 18);
insert into field (cost, matching_date, start_time, end_time, stadium_id) values (72584, '2023-06-09 11:09:49', '2022-11-12 05:25:25', '2023-07-04 17:55:25', 18);
insert into field (cost, matching_date, start_time, end_time, stadium_id) values (78713, '2023-08-25', '18:00:00', '2022-08-26 14:51:28', 7);
insert into field (cost, matching_date, start_time, end_time, stadium_id) values (55854, '2023-03-09 21:40:17', '2023-06-20 07:33:49', '2022-08-06 17:57:14', 22);
insert into field (cost, matching_date, start_time, end_time, stadium_id) values (54243, '2023-08-25', '18:00:00', '2022-11-13 17:39:13', 7);
insert into field (cost, matching_date, start_time, end_time, stadium_id) values (96619, '2022-09-13 10:10:07', '2023-03-05 23:50:25', '2023-04-22 06:35:00', 36);
insert into field (cost, matching_date, start_time, end_time, stadium_id) values (73540, '2023-01-23 16:46:30', '2023-01-16 09:32:04', '2022-12-12 22:25:21', 30);
insert into field (cost, matching_date, start_time, end_time, stadium_id) values (69300, '2023-05-08 00:24:02', '2023-03-12 12:46:58', '2022-12-22 04:26:11', 34);
insert into field (cost, matching_date, start_time, end_time, stadium_id) values (90678, '2022-11-30 10:47:26', '2022-10-05 08:41:22', '2022-08-21 11:53:07', 45);
insert into field (cost, matching_date, start_time, end_time, stadium_id) values (55297, '2022-08-11 16:24:07', '2022-10-24 10:48:12', '2022-12-18 20:47:31', 46);
insert into field (cost, matching_date, start_time, end_time, stadium_id) values (55928, '2023-05-03 12:43:39', '2022-11-07 14:07:30', '2023-04-18 05:34:04', 11);
insert into field (cost, matching_date, start_time, end_time, stadium_id) values (84380, '2022-12-01 19:19:37', '2022-10-21 23:59:52', '2023-05-12 14:49:49', 33);
insert into field (cost, matching_date, start_time, end_time, stadium_id) values (69417, '2023-02-09 13:40:27', '2022-10-04 20:42:24', '2023-06-24 09:11:03', 30);
insert into field (cost, matching_date, start_time, end_time, stadium_id) values (93929, '2023-01-31 18:07:35', '2022-09-07 09:04:53', '2022-09-25 10:44:16', 39);
insert into field (cost, matching_date, start_time, end_time, stadium_id) values (83452, '2023-02-10 07:36:38', '2023-05-13 01:09:48', '2022-09-09 17:09:06', 21);
insert into field (cost, matching_date, start_time, end_time, stadium_id) values (98743, '2022-09-21 01:48:32', '2023-06-30 14:55:18', '2023-01-20 00:05:46', 15);
insert into field (cost, matching_date, start_time, end_time, stadium_id) values (53946, '2023-02-28 04:31:50', '2022-11-10 22:26:01', '2022-10-09 05:02:23', 12);
insert into field (cost, matching_date, start_time, end_time, stadium_id) values (82487, '2023-03-21 02:39:24', '2022-12-04 14:26:29', '2023-03-14 19:24:08', 9);
insert into field (cost, matching_date, start_time, end_time, stadium_id) values (56929, '2023-06-30 00:53:21', '2023-06-30 19:05:08', '2023-01-10 06:13:50', 47);
insert into field (cost, matching_date, start_time, end_time, stadium_id) values (71858, '2022-11-22 11:05:58', '2022-12-02 21:45:48', '2022-11-20 06:26:44', 40);
insert into field (cost, matching_date, start_time, end_time, stadium_id) values (79151, '2022-09-13 01:06:55', '2023-06-05 21:26:47', '2023-06-23 18:59:00', 22);
insert into field (cost, matching_date, start_time, end_time, stadium_id) values (63780, '2023-02-15 13:10:00', '2023-01-15 07:20:35', '2022-10-15 13:46:01', 40);
insert into field (cost, matching_date, start_time, end_time, stadium_id) values (63490, '2022-09-07 00:49:53', '2022-11-06 09:26:47', '2023-01-17 11:10:07', 41);
insert into field (cost, matching_date, start_time, end_time, stadium_id) values (79764, '2022-12-15 12:58:28', '2023-01-12 17:07:26', '2023-02-22 07:22:07', 10);
insert into field (cost, matching_date, start_time, end_time, stadium_id) values (68275, '2022-12-19 19:36:32', '2022-12-13 22:11:05', '2022-12-04 10:31:33', 18);
insert into field (cost, matching_date, start_time, end_time, stadium_id) values (64341, '2022-08-25 09:09:52', '2022-09-10 00:56:25', '2022-09-02 17:44:09', 1);
insert into field (cost, matching_date, start_time, end_time, stadium_id) values (77775, '2023-01-08 10:52:55', '2023-04-28 18:30:24', '2022-09-08 18:01:47', 14);
insert into field (cost, matching_date, start_time, end_time, stadium_id) values (92400, '2023-08-25', '18:00:00', '2022-12-16 05:48:26', 7);
insert into field (cost, matching_date, start_time, end_time, stadium_id) values (93523, '2022-10-10 03:08:20', '2022-09-07 03:58:39', '2022-08-03 00:45:00', 39);
insert into field (cost, matching_date, start_time, end_time, stadium_id) values (50547, '2023-02-04 13:39:05', '2022-12-04 22:56:40', '2023-04-07 23:03:48', 14);
insert into field (cost, matching_date, start_time, end_time, stadium_id) values (69080, '2022-08-03 11:22:22', '2023-04-16 19:41:57', '2022-12-10 12:56:17', 40);
insert into field (cost, matching_date, start_time, end_time, stadium_id) values (68432, '2023-03-02 16:20:07', '2023-06-12 20:49:15', '2022-09-17 13:59:44', 10);
insert into field (cost, matching_date, start_time, end_time, stadium_id) values (59139, '2023-05-31 08:26:32', '2022-10-10 04:16:02', '2023-05-16 09:44:52', 4);
insert into field (cost, matching_date, start_time, end_time, stadium_id) values (90423, '2022-09-28 21:45:54', '2023-04-06 22:00:54', '2023-03-01 16:17:36', 27);
insert into field (cost, matching_date, start_time, end_time, stadium_id) values (77463, '2022-09-20 12:15:40', '2023-05-21 11:34:03', '2023-06-01 07:36:50', 33);
insert into field (cost, matching_date, start_time, end_time, stadium_id) values (66110, '2023-02-09 01:32:34', '2023-04-25 15:22:59', '2022-10-28 08:54:30', 33);
insert into field (cost, matching_date, start_time, end_time, stadium_id) values (59713, '2022-12-07 03:16:23', '2023-06-16 18:29:58', '2023-05-10 09:32:08', 7);
insert into field (cost, matching_date, start_time, end_time, stadium_id) values (88888, '2022-11-09 06:14:28', '2023-04-06 01:28:21', '2023-01-06 10:54:15', 13);
insert into field (cost, matching_date, start_time, end_time, stadium_id) values (58553, '2023-01-21 16:24:42', '2022-09-19 12:52:55', '2023-03-20 21:40:42', 32);
insert into field (cost, matching_date, start_time, end_time, stadium_id) values (69901, '2022-12-28 02:17:39', '2022-08-19 21:15:12', '2023-07-10 17:26:13', 30);
insert into field (cost, matching_date, start_time, end_time, stadium_id) values (53791, '2023-02-18 10:24:47', '2023-01-11 02:53:56', '2023-06-01 18:32:36', 19);
insert into field (cost, matching_date, start_time, end_time, stadium_id) values (99871, '2023-05-26 08:30:47', '2022-10-04 11:35:29', '2023-06-30 13:38:09', 21);
insert into field (cost, matching_date, start_time, end_time, stadium_id) values (56014, '2023-05-26 14:54:56', '2022-08-13 19:07:10', '2022-07-27 19:06:11', 10);
insert into field (cost, matching_date, start_time, end_time, stadium_id) values (82561, '2023-07-05 03:27:05', '2023-03-19 00:55:17', '2023-04-12 09:03:55', 8);
insert into field (cost, matching_date, start_time, end_time, stadium_id) values (78239, '2023-03-28 12:32:23', '2023-02-11 01:28:08', '2022-12-08 00:24:28', 50);
insert into field (cost, matching_date, start_time, end_time, stadium_id) values (51804, '2023-01-09 09:51:35', '2023-06-30 20:31:20', '2022-08-14 05:39:58', 46);
insert into field (cost, matching_date, start_time, end_time, stadium_id) values (76309, '2022-10-07 09:46:35', '2023-06-11 23:29:30', '2023-01-17 00:28:49', 11);
insert into field (cost, matching_date, start_time, end_time, stadium_id) values (80979, '2022-10-10 09:12:45', '2023-04-29 02:57:48', '2022-12-15 20:44:30', 27);
insert into field (cost, matching_date, start_time, end_time, stadium_id) values (91302, '2023-06-25 21:22:19', '2022-09-27 17:59:51', '2022-09-19 08:13:26', 34);
insert into field (cost, matching_date, start_time, end_time, stadium_id) values (90176, '2023-01-22 00:01:06', '2023-07-13 23:48:46', '2022-12-06 08:33:52', 21);
insert into field (cost, matching_date, start_time, end_time, stadium_id) values (68844, '2022-09-23 02:15:32', '2023-07-09 22:20:02', '2022-10-05 17:52:22', 7);
insert into field (cost, matching_date, start_time, end_time, stadium_id) values (80662, '2022-07-22 17:42:42', '2022-08-29 07:30:19', '2022-12-18 06:19:54', 31);
insert into field (cost, matching_date, start_time, end_time, stadium_id) values (55887, '2022-09-13 22:35:07', '2023-07-10 08:03:14', '2022-10-07 13:28:26', 17);
insert into field (cost, matching_date, start_time, end_time, stadium_id) values (80476, '2022-12-14 23:25:02', '2023-01-21 12:29:38', '2023-02-11 21:03:19', 42);
insert into field (cost, matching_date, start_time, end_time, stadium_id) values (52069, '2022-12-21 21:47:03', '2023-06-16 22:50:20', '2023-06-09 17:41:33', 37);
insert into field (cost, matching_date, start_time, end_time, stadium_id) values (85972, '2023-05-28 22:34:46', '2022-10-24 17:43:07', '2022-09-24 08:13:35', 27);
insert into field (cost, matching_date, start_time, end_time, stadium_id) values (50819, '2023-05-09 17:39:02', '2023-04-03 21:03:34', '2022-12-05 20:53:31', 36);
insert into field (cost, matching_date, start_time, end_time, stadium_id) values (57580, '2023-06-01 06:32:52', '2022-11-19 03:49:00', '2022-08-21 04:14:43', 46);
insert into field (cost, matching_date, start_time, end_time, stadium_id) values (73768, '2022-12-11 18:25:14', '2022-10-04 04:20:36', '2023-04-11 12:27:55', 11);
insert into field (cost, matching_date, start_time, end_time, stadium_id) values (72840, '2023-02-17 13:51:08', '2023-02-22 18:06:45', '2023-02-14 19:52:58', 38);
insert into field (cost, matching_date, start_time, end_time, stadium_id) values (58346, '2022-07-31 13:16:39', '2023-01-26 19:04:24', '2022-11-30 01:05:32', 2);
insert into field (cost, matching_date, start_time, end_time, stadium_id) values (67226, '2022-09-19 11:15:49', '2023-01-25 22:50:37', '2023-04-21 00:41:22', 35);
insert into field (cost, matching_date, start_time, end_time, stadium_id) values (54534, '2023-02-16 20:39:12', '2022-09-06 16:27:35', '2022-12-10 12:50:54', 20);
insert into field (cost, matching_date, start_time, end_time, stadium_id) values (93755, '2022-11-01 06:50:41', '2023-02-03 12:14:12', '2023-01-03 06:51:36', 15);
insert into field (cost, matching_date, start_time, end_time, stadium_id) values (93962, '2023-02-20 22:47:48', '2023-06-16 00:30:25', '2022-12-17 12:09:06', 43);
insert into field (cost, matching_date, start_time, end_time, stadium_id) values (50487, '2023-04-28 12:34:21', '2022-11-14 07:38:24', '2022-12-18 17:16:14', 22);
insert into field (cost, matching_date, start_time, end_time, stadium_id) values (91963, '2023-06-12 01:29:27', '2023-01-12 21:14:33', '2022-09-30 22:13:38', 17);
insert into field (cost, matching_date, start_time, end_time, stadium_id) values (75929, '2022-07-21 18:36:28', '2023-02-18 10:39:11', '2022-12-30 05:16:44', 14);
insert into field (cost, matching_date, start_time, end_time, stadium_id) values (83919, '2022-09-15 16:20:03', '2023-05-19 20:48:40', '2022-07-20 21:03:27', 28);
insert into field (cost, matching_date, start_time, end_time, stadium_id) values (99133, '2023-04-21 23:13:04', '2023-05-10 16:08:20', '2022-09-26 06:37:27', 25);
insert into field (cost, matching_date, start_time, end_time, stadium_id) values (77300, '2023-02-11 19:53:56', '2022-12-22 13:25:27', '2022-08-20 08:52:08', 47);
insert into field (cost, matching_date, start_time, end_time, stadium_id) values (81959, '2022-10-04 12:20:46', '2022-09-05 12:54:42', '2023-02-27 00:53:42', 42);
insert into field (cost, matching_date, start_time, end_time, stadium_id) values (99979, '2022-07-24 07:40:02', '2023-01-19 10:40:07', '2023-02-06 14:53:58', 21);
insert into field (cost, matching_date, start_time, end_time, stadium_id) values (77335, '2023-06-15 18:24:09', '2022-07-28 23:10:09', '2023-06-25 04:41:45', 8);
insert into field (cost, matching_date, start_time, end_time, stadium_id) values (75957, '2023-07-04 12:31:54', '2023-03-29 08:29:56', '2022-10-21 21:42:15', 45);
insert into field (cost, matching_date, start_time, end_time, stadium_id) values (71884, '2022-12-31 02:22:14', '2023-03-02 21:52:53', '2022-12-21 06:20:51', 30);
insert into field (cost, matching_date, start_time, end_time, stadium_id) values (86808, '2022-12-24 22:45:44', '2022-09-16 06:58:53', '2023-03-18 01:43:41', 37);
insert into field (cost, matching_date, start_time, end_time, stadium_id) values (82324, '2022-09-14 11:59:35', '2022-12-30 14:17:21', '2022-11-08 21:58:10', 29);
insert into field (cost, matching_date, start_time, end_time, stadium_id) values (82606, '2022-11-26 02:49:34', '2023-03-07 13:27:03', '2022-09-10 10:22:29', 16);
insert into field (cost, matching_date, start_time, end_time, stadium_id) values (61047, '2023-06-30 16:42:39', '2022-10-06 11:31:39', '2023-05-12 20:35:43', 33);
insert into field (cost, matching_date, start_time, end_time, stadium_id) values (72591, '2022-12-04 12:28:29', '2023-02-22 16:39:34', '2023-03-25 05:12:29', 33);
insert into field (cost, matching_date, start_time, end_time, stadium_id) values (50396, '2023-05-26 07:06:36', '2022-10-15 10:16:03', '2022-12-02 22:55:38', 14);
insert into field (cost, matching_date, start_time, end_time, stadium_id) values (69147, '2023-02-28 17:59:42', '2022-10-10 10:13:45', '2023-06-17 00:51:54', 19);
insert into field (cost, matching_date, start_time, end_time, stadium_id) values (51287, '2023-01-14 08:14:07', '2023-05-07 09:12:34', '2022-10-30 17:38:08', 50);
insert into field (cost, matching_date, start_time, end_time, stadium_id) values (79569, '2022-10-26 14:42:15', '2023-02-16 09:39:26', '2023-04-10 10:35:54', 12);
insert into field (cost, matching_date, start_time, end_time, stadium_id) values (61847, '2023-04-13 17:10:58', '2023-02-22 08:28:56', '2023-03-04 02:46:58', 44);
insert into field (cost, matching_date, start_time, end_time, stadium_id) values (52071, '2023-02-09 14:12:31', '2023-05-27 01:51:31', '2023-01-18 04:44:41', 4);
insert into field (cost, matching_date, start_time, end_time, stadium_id) values (80234, '2022-09-15 08:42:06', '2023-02-12 23:43:24', '2023-07-03 18:59:54', 50);
insert into field (cost, matching_date, start_time, end_time, stadium_id) values (89869, '2023-05-14 07:58:44', '2023-03-21 01:10:45', '2023-07-03 16:13:01', 5);
insert into field (cost, matching_date, start_time, end_time, stadium_id) values (82526, '2022-11-15 10:07:34', '2023-04-27 18:59:21', '2023-06-05 05:37:53', 23);
insert into field (cost, matching_date, start_time, end_time, stadium_id) values (75651, '2022-12-16 01:00:02', '2023-07-14 08:14:05', '2022-09-23 06:15:38', 30);
insert into field (cost, matching_date, start_time, end_time, stadium_id) values (92945, '2023-01-29 15:05:16', '2023-04-26 06:26:52', '2023-03-01 04:09:31', 19);
insert into field (cost, matching_date, start_time, end_time, stadium_id) values (60678, '2023-05-15 09:56:07', '2023-05-20 14:35:38', '2022-09-21 19:56:02', 11);
insert into field (cost, matching_date, start_time, end_time, stadium_id) values (84089, '2022-09-30 04:37:26', '2022-12-17 02:11:29', '2022-11-19 20:34:42', 13);
insert into field (cost, matching_date, start_time, end_time, stadium_id) values (87257, '2023-01-07 21:46:12', '2022-10-22 15:44:52', '2022-08-09 06:01:49', 46);
insert into field (cost, matching_date, start_time, end_time, stadium_id) values (58568, '2023-02-25 01:59:46', '2023-04-02 23:39:43', '2023-02-04 15:58:42', 50);
insert into field (cost, matching_date, start_time, end_time, stadium_id) values (63373, '2022-12-31 12:06:10', '2023-06-01 09:06:42', '2022-11-13 19:55:21', 9);
insert into field (cost, matching_date, start_time, end_time, stadium_id) values (60125, '2023-07-07 11:00:01', '2022-10-03 15:26:19', '2023-03-15 11:17:14', 27);
insert into field (cost, matching_date, start_time, end_time, stadium_id) values (64125, '2023-02-08 14:26:11', '2023-02-02 10:29:42', '2022-11-12 16:45:57', 27);
insert into field (cost, matching_date, start_time, end_time, stadium_id) values (55203, '2022-12-25 12:32:37', '2023-06-19 11:30:02', '2022-08-13 10:19:50', 3);
insert into field (cost, matching_date, start_time, end_time, stadium_id) values (54638, '2023-02-14 16:38:25', '2023-03-04 09:58:34', '2022-12-11 23:43:08', 16);
insert into field (cost, matching_date, start_time, end_time, stadium_id) values (74321, '2023-04-10 01:25:15', '2022-10-17 00:34:57', '2023-01-12 14:31:41', 11);
insert into field (cost, matching_date, start_time, end_time, stadium_id) values (71716, '2023-02-17 13:12:37', '2022-10-05 00:31:15', '2023-02-23 07:02:54', 21);
insert into field (cost, matching_date, start_time, end_time, stadium_id) values (61800, '2022-10-12 10:32:25', '2022-09-14 21:11:58', '2022-08-03 00:56:42', 11);
insert into field (cost, matching_date, start_time, end_time, stadium_id) values (61839, '2023-01-09 08:25:48', '2023-02-14 05:02:33', '2022-09-05 17:01:27', 46);
insert into field (cost, matching_date, start_time, end_time, stadium_id) values (63942, '2023-07-09 21:54:31', '2022-10-06 12:20:58', '2022-08-29 21:06:40', 8);
insert into field (cost, matching_date, start_time, end_time, stadium_id) values (56843, '2022-12-08 11:49:57', '2023-06-24 02:46:41', '2023-03-08 23:50:04', 10);
insert into field (cost, matching_date, start_time, end_time, stadium_id) values (56457, '2023-06-14 19:05:31', '2023-02-05 17:37:44', '2022-08-06 10:54:39', 46);
insert into field (cost, matching_date, start_time, end_time, stadium_id) values (78280, '2023-07-10 15:41:09', '2023-06-11 19:34:46', '2022-09-29 02:18:32', 8);
insert into field (cost, matching_date, start_time, end_time, stadium_id) values (68164, '2023-03-23 06:16:00', '2022-07-29 21:08:55', '2023-02-21 10:34:24', 9);
insert into field (cost, matching_date, start_time, end_time, stadium_id) values (53453, '2023-01-14 14:38:35', '2022-09-04 12:03:46', '2022-10-10 05:20:55', 4);
insert into field (cost, matching_date, start_time, end_time, stadium_id) values (77077, '2022-10-20 05:53:11', '2022-10-09 23:17:51', '2022-08-11 00:33:11', 16);
insert into field (cost, matching_date, start_time, end_time, stadium_id) values (84437, '2023-06-25 09:11:14', '2023-01-07 03:38:59', '2023-04-09 08:50:32', 44);
insert into field (cost, matching_date, start_time, end_time, stadium_id) values (86602, '2023-06-12 14:07:14', '2022-09-23 14:03:59', '2023-05-05 19:27:27', 40);
insert into field (cost, matching_date, start_time, end_time, stadium_id) values (53896, '2022-07-31 08:12:31', '2023-07-17 22:23:20', '2022-12-24 06:26:59', 37);
insert into field (cost, matching_date, start_time, end_time, stadium_id) values (77084, '2022-10-21 09:42:04', '2023-06-30 22:24:12', '2023-05-08 18:03:14', 49);
insert into field (cost, matching_date, start_time, end_time, stadium_id) values (54041, '2023-01-26 05:24:13', '2023-02-25 09:33:04', '2022-08-09 02:06:17', 23);
insert into field (cost, matching_date, start_time, end_time, stadium_id) values (84763, '2023-02-25 10:23:03', '2023-04-13 18:14:51', '2023-02-13 13:39:30', 37);
insert into field (cost, matching_date, start_time, end_time, stadium_id) values (80459, '2023-06-15 20:07:04', '2023-04-09 07:42:43', '2022-12-25 04:08:52', 39);
insert into field (cost, matching_date, start_time, end_time, stadium_id) values (90174, '2023-03-20 20:48:40', '2023-03-24 02:26:17', '2022-09-16 22:43:38', 35);
insert into field (cost, matching_date, start_time, end_time, stadium_id) values (53293, '2023-04-28 05:43:49', '2023-01-09 13:09:31', '2022-12-08 21:59:12', 28);
insert into field (cost, matching_date, start_time, end_time, stadium_id) values (57345, '2023-03-22 04:37:18', '2022-07-27 10:45:58', '2022-12-13 23:49:20', 48);
insert into field (cost, matching_date, start_time, end_time, stadium_id) values (50430, '2022-08-26 10:13:47', '2022-12-01 19:09:16', '2023-06-10 09:24:37', 29);
insert into field (cost, matching_date, start_time, end_time, stadium_id) values (92046, '2023-04-27 04:22:20', '2023-02-27 11:14:45', '2023-03-28 20:26:54', 46);
insert into field (cost, matching_date, start_time, end_time, stadium_id) values (68961, '2023-01-12 16:58:44', '2023-01-26 07:52:45', '2022-09-26 03:50:39', 15);
insert into field (cost, matching_date, start_time, end_time, stadium_id) values (80915, '2022-11-16 23:07:24', '2023-06-01 15:34:10', '2023-01-13 17:36:31', 26);
insert into field (cost, matching_date, start_time, end_time, stadium_id) values (71926, '2023-03-23 07:25:29', '2022-08-07 02:46:16', '2022-10-07 08:56:47', 17);
insert into field (cost, matching_date, start_time, end_time, stadium_id) values (93984, '2023-02-13 01:41:21', '2023-05-05 21:38:51', '2023-04-07 14:39:54', 4);
insert into field (cost, matching_date, start_time, end_time, stadium_id) values (61900, '2022-07-18 17:09:55', '2023-02-18 16:32:18', '2023-03-18 09:32:03', 5);
insert into field (cost, matching_date, start_time, end_time, stadium_id) values (65060, '2023-05-28 02:12:15', '2022-12-26 17:41:42', '2022-12-03 03:54:31', 27);
insert into field (cost, matching_date, start_time, end_time, stadium_id) values (50061, '2023-07-10 15:20:11', '2022-11-01 07:30:18', '2022-12-09 05:52:11', 14);
insert into field (cost, matching_date, start_time, end_time, stadium_id) values (88585, '2022-11-22 02:39:18', '2022-11-07 12:29:05', '2023-02-25 09:23:02', 35);
insert into field (cost, matching_date, start_time, end_time, stadium_id) values (87097, '2022-08-28 05:24:23', '2023-01-12 19:30:36', '2022-11-02 10:31:20', 32);
insert into field (cost, matching_date, start_time, end_time, stadium_id) values (61026, '2023-01-11 01:41:09', '2022-11-03 01:01:21', '2022-11-18 03:18:37', 21);
insert into field (cost, matching_date, start_time, end_time, stadium_id) values (89383, '2022-08-27 05:31:26', '2022-08-26 12:17:49', '2023-03-03 00:23:20', 45);
insert into field (cost, matching_date, start_time, end_time, stadium_id) values (97904, '2022-08-13 03:34:59', '2022-08-18 04:58:45', '2023-05-04 20:37:21', 50);
insert into field (cost, matching_date, start_time, end_time, stadium_id) values (56363, '2022-10-08 04:53:05', '2022-12-27 20:59:00', '2022-09-26 12:31:30', 2);
insert into field (cost, matching_date, start_time, end_time, stadium_id) values (90959, '2023-03-12 02:05:20', '2023-03-26 14:14:55', '2022-08-04 03:40:04', 33);
insert into field (cost, matching_date, start_time, end_time, stadium_id) values (90864, '2023-04-29 23:38:24', '2023-01-01 00:25:15', '2022-11-12 03:14:04', 36);
insert into field (cost, matching_date, start_time, end_time, stadium_id) values (88315, '2023-02-13 08:42:02', '2022-11-21 21:17:10', '2022-12-12 06:58:14', 49);
insert into field (cost, matching_date, start_time, end_time, stadium_id) values (71063, '2023-02-21 11:20:57', '2023-06-06 14:52:12', '2022-09-07 20:28:02', 50);
insert into field (cost, matching_date, start_time, end_time, stadium_id) values (73227, '2023-06-05 07:22:52', '2023-07-16 23:33:55', '2022-07-23 04:53:22', 34);
insert into field (cost, matching_date, start_time, end_time, stadium_id) values (93376, '2022-08-30 19:58:26', '2023-03-07 04:59:28', '2023-04-07 13:34:57', 23);
insert into field (cost, matching_date, start_time, end_time, stadium_id) values (77688, '2023-02-24 12:06:31', '2023-01-16 01:07:48', '2022-08-31 21:21:59', 9);
insert into field (cost, matching_date, start_time, end_time, stadium_id) values (61594, '2023-01-26 18:10:27', '2022-10-03 07:19:51', '2023-07-12 23:24:39', 20);
insert into field (cost, matching_date, start_time, end_time, stadium_id) values (92037, '2023-04-29 17:57:52', '2022-10-15 00:29:38', '2022-08-18 06:39:36', 48);
insert into field (cost, matching_date, start_time, end_time, stadium_id) values (54533, '2023-01-19 23:23:42', '2022-08-22 20:24:50', '2022-10-31 03:04:08', 33);
insert into field (cost, matching_date, start_time, end_time, stadium_id) values (67762, '2023-04-15 14:04:02', '2023-04-10 22:48:26', '2022-12-25 12:19:41', 21);
insert into field (cost, matching_date, start_time, end_time, stadium_id) values (56246, '2022-08-26 12:31:06', '2023-05-11 00:33:09', '2023-06-11 10:10:45', 17);
insert into field (cost, matching_date, start_time, end_time, stadium_id) values (97892, '2022-10-20 20:07:53', '2023-01-29 13:33:26', '2022-08-02 18:47:27', 48);
insert into field (cost, matching_date, start_time, end_time, stadium_id) values (87432, '2022-12-01 09:37:33', '2023-01-12 07:24:33', '2023-04-22 06:15:31', 5);
insert into field (cost, matching_date, start_time, end_time, stadium_id) values (63152, '2022-12-06 01:20:56', '2022-08-30 15:42:47', '2023-04-18 06:29:57', 2);
insert into field (cost, matching_date, start_time, end_time, stadium_id) values (56336, '2023-02-05 04:49:18', '2022-09-14 00:33:41', '2022-07-22 05:09:42', 8);
insert into field (cost, matching_date, start_time, end_time, stadium_id) values (50323, '2022-12-22 23:20:13', '2022-12-10 20:52:34', '2022-09-18 15:28:27', 32);
insert into field (cost, matching_date, start_time, end_time, stadium_id) values (97565, '2023-03-31 15:32:38', '2023-05-10 01:29:19', '2023-06-23 00:25:07', 9);
insert into field (cost, matching_date, start_time, end_time, stadium_id) values (71986, '2023-04-23 06:07:09', '2023-01-04 05:16:20', '2022-11-15 09:39:50', 23);
insert into field (cost, matching_date, start_time, end_time, stadium_id) values (60306, '2022-10-17 18:44:59', '2023-02-20 03:00:28', '2022-10-30 04:18:05', 48);
insert into field (cost, matching_date, start_time, end_time, stadium_id) values (64143, '2022-09-04 11:46:18', '2022-11-26 02:00:06', '2022-12-25 10:58:29', 44);
insert into field (cost, matching_date, start_time, end_time, stadium_id) values (77388, '2023-01-21 05:03:23', '2023-05-21 08:08:03', '2023-06-27 11:46:43', 11);
insert into field (cost, matching_date, start_time, end_time, stadium_id) values (59572, '2022-11-05 00:16:26', '2022-08-25 11:18:37', '2022-11-23 22:04:39', 8);
insert into field (cost, matching_date, start_time, end_time, stadium_id) values (51080, '2023-02-14 00:29:24', '2022-12-19 05:08:46', '2023-03-30 22:40:58', 41);
insert into field (cost, matching_date, start_time, end_time, stadium_id) values (58196, '2022-07-23 11:32:46', '2023-01-11 18:22:39', '2022-11-04 01:39:14', 28);
insert into field (cost, matching_date, start_time, end_time, stadium_id) values (89294, '2023-01-14 21:52:14', '2022-12-18 18:43:10', '2023-07-03 05:51:37', 28);
insert into field (cost, matching_date, start_time, end_time, stadium_id) values (65134, '2023-03-23 03:29:04', '2022-12-11 17:51:16', '2023-04-10 08:19:57', 48);
insert into field (cost, matching_date, start_time, end_time, stadium_id) values (98746, '2022-07-31 08:50:02', '2023-05-12 08:28:21', '2023-04-02 20:59:22', 13);
insert into field (cost, matching_date, start_time, end_time, stadium_id) values (77361, '2023-06-05 03:16:45', '2022-09-16 09:11:52', '2023-06-12 16:59:22', 2);
insert into field (cost, matching_date, start_time, end_time, stadium_id) values (61029, '2022-11-16 19:14:52', '2022-08-22 19:36:38', '2022-12-16 12:44:37', 44);
insert into field (cost, matching_date, start_time, end_time, stadium_id) values (74042, '2022-11-11 14:46:10', '2022-07-22 21:20:02', '2022-11-18 04:58:31', 32);
insert into field (cost, matching_date, start_time, end_time, stadium_id) values (92979, '2022-09-27 17:18:15', '2022-09-21 06:56:02', '2023-03-07 08:30:41', 17);
insert into field (cost, matching_date, start_time, end_time, stadium_id) values (78271, '2022-12-08 00:48:38', '2023-01-25 13:52:54', '2022-08-07 01:08:53', 10);
insert into field (cost, matching_date, start_time, end_time, stadium_id) values (76668, '2023-03-07 02:51:54', '2023-03-27 11:12:48', '2022-12-21 12:03:15', 21);
insert into field (cost, matching_date, start_time, end_time, stadium_id) values (73119, '2023-03-18 12:19:49', '2023-05-10 03:47:24', '2022-10-03 03:29:15', 49);
insert into field (cost, matching_date, start_time, end_time, stadium_id) values (97271, '2023-06-26 15:02:13', '2023-04-06 04:03:48', '2022-11-26 04:14:06', 3);
insert into field (cost, matching_date, start_time, end_time, stadium_id) values (76433, '2022-11-01 15:43:55', '2023-03-15 02:12:03', '2022-12-22 04:41:42', 10);
insert into field (cost, matching_date, start_time, end_time, stadium_id) values (98650, '2023-06-11 05:16:01', '2022-09-12 05:41:13', '2023-05-31 22:24:12', 24);
insert into field (cost, matching_date, start_time, end_time, stadium_id) values (50426, '2022-10-24 17:38:36', '2022-10-12 23:20:59', '2023-03-28 07:33:39', 50);
insert into field (cost, matching_date, start_time, end_time, stadium_id) values (97472, '2022-12-09 22:34:40', '2022-10-03 22:22:01', '2023-03-03 23:29:39', 50);
insert into field (cost, matching_date, start_time, end_time, stadium_id) values (66919, '2023-04-03 19:00:40', '2023-07-07 17:13:57', '2022-11-28 20:32:13', 4);
insert into field (cost, matching_date, start_time, end_time, stadium_id) values (59156, '2022-08-01 00:06:54', '2023-03-10 18:37:15', '2022-09-11 11:25:50', 9);
insert into field (cost, matching_date, start_time, end_time, stadium_id) values (86391, '2023-01-28 08:40:03', '2022-11-05 22:06:27', '2023-04-11 09:57:40', 46);
insert into field (cost, matching_date, start_time, end_time, stadium_id) values (82385, '2023-02-26 13:52:03', '2022-09-17 01:10:38', '2023-04-13 09:17:58', 28);
insert into field (cost, matching_date, start_time, end_time, stadium_id) values (51479, '2022-08-21 04:13:44', '2022-10-09 08:35:03', '2022-08-03 05:59:08', 23);
insert into field (cost, matching_date, start_time, end_time, stadium_id) values (94503, '2023-04-13 07:43:54', '2023-05-13 16:42:53', '2022-07-20 06:04:13', 24);
insert into field (cost, matching_date, start_time, end_time, stadium_id) values (56403, '2023-02-07 05:12:22', '2023-03-25 08:22:18', '2022-11-24 00:04:36', 43);
insert into field (cost, matching_date, start_time, end_time, stadium_id) values (91747, '2022-12-10 06:25:16', '2022-11-15 11:39:01', '2023-04-05 21:28:53', 16);
insert into field (cost, matching_date, start_time, end_time, stadium_id) values (90974, '2022-10-25 07:26:00', '2022-08-19 02:16:12', '2023-05-02 11:12:06', 7);
insert into field (cost, matching_date, start_time, end_time, stadium_id) values (73720, '2023-01-30 15:52:58', '2022-09-11 11:32:50', '2023-06-24 18:42:31', 1);
insert into field (cost, matching_date, start_time, end_time, stadium_id) values (93457, '2022-12-03 04:22:41', '2023-05-06 16:10:50', '2023-02-20 02:17:13', 4);
insert into field (cost, matching_date, start_time, end_time, stadium_id) values (72225, '2023-01-14 08:14:23', '2023-06-26 15:03:19', '2022-09-25 14:58:33', 24);
insert into field (cost, matching_date, start_time, end_time, stadium_id) values (86212, '2022-08-31 07:40:38', '2022-09-03 08:01:50', '2022-09-05 20:00:58', 49);
insert into field (cost, matching_date, start_time, end_time, stadium_id) values (81636, '2023-01-25 10:42:21', '2023-05-29 06:49:58', '2022-11-01 02:41:49', 34);
insert into field (cost, matching_date, start_time, end_time, stadium_id) values (69668, '2022-08-17 09:29:17', '2022-10-18 17:48:44', '2022-11-26 09:21:07', 48);
insert into field (cost, matching_date, start_time, end_time, stadium_id) values (88423, '2022-10-19 04:19:41', '2023-02-15 07:56:47', '2023-05-01 03:35:46', 47);
insert into field (cost, matching_date, start_time, end_time, stadium_id) values (92950, '2023-04-15 11:13:14', '2022-11-14 17:59:55', '2023-06-19 05:13:18', 28);


--stadium_review
insert into stadium_review (gpa, review, stadium_id, created_at, created_by, modified_at, modified_by) values (1, null, 40, '2022-07-28 08:23:18', 'Annie', '2023-05-11 18:10:10', 'Getting In');
insert into stadium_review (gpa, review, stadium_id, created_at, created_by, modified_at, modified_by) values (4, 'Cum sociis natoque penatibus et magnis dis parturient montes, nascetur ridiculus mus. Etiam vel augue.', 10, '2023-04-20 03:28:49', 'Man Apart, A', '2022-07-31 21:04:09', 'Beyond Tomorrow (Beyond Christmas)');
insert into stadium_review (gpa, review, stadium_id, created_at, created_by, modified_at, modified_by) values (4, 'Vestibulum ante ipsum primis in faucibus orci luctus et ultrices posuere cubilia Curae; Duis faucibus accumsan odio.', 12, '2022-10-15 07:44:19', 'Bound', '2022-07-27 13:51:21', 'American Buffalo');
insert into stadium_review (gpa, review, stadium_id, created_at, created_by, modified_at, modified_by) values (1, 'Aliquam sit amet diam in magna bibendum imperdiet. Nullam orci pede, venenatis non, sodales sed, tincidunt eu, felis.', 25, '2022-10-16 18:52:45', 'How to Be a Man', '2022-11-04 20:20:37', 'Emperor''s New Clothes, The');
insert into stadium_review (gpa, review, stadium_id, created_at, created_by, modified_at, modified_by) values (5, null, 35, '2023-01-26 13:53:21', 'Turbo: A Power Rangers Movie', '2022-12-07 20:15:59', 'Zero 2');
insert into stadium_review (gpa, review, stadium_id, created_at, created_by, modified_at, modified_by) values (5, 'Etiam vel augue.', 20, '2022-08-18 02:36:53', 'Edison Kinetoscopic Record of a Sneeze', '2022-08-24 03:54:15', 'Sniper');
insert into stadium_review (gpa, review, stadium_id, created_at, created_by, modified_at, modified_by) values (4, 'Vivamus in felis eu sapien cursus vestibulum. Proin eu mi.', 42, '2023-03-22 01:23:25', 'Mulholland Drive', '2022-11-10 13:57:37', 'Ring, The');
insert into stadium_review (gpa, review, stadium_id, created_at, created_by, modified_at, modified_by) values (2, 'Aliquam sit amet diam in magna bibendum imperdiet. Nullam orci pede, venenatis non, sodales sed, tincidunt eu, felis.', 7, '2023-07-03 17:26:28', 'Escape', '2023-06-22 01:03:06', 'Mechanic, The');
insert into stadium_review (gpa, review, stadium_id, created_at, created_by, modified_at, modified_by) values (4, 'Ut at dolor quis odio consequat varius. Integer ac leo.', 13, '2022-12-06 01:51:04', 'Porky''s', '2022-08-10 11:01:48', 'Mirror, The (Zerkalo)');
insert into stadium_review (gpa, review, stadium_id, created_at, created_by, modified_at, modified_by) values (2, 'Integer aliquet, massa id lobortis convallis, tortor risus dapibus augue, vel accumsan tellus nisi eu orci. Mauris lacinia sapien quis libero.', 36, '2022-09-26 12:20:50', 'No Blood Relation (Stepchild, The) (Nasanunaka)', '2022-08-24 06:15:34', 'Zatoichi Meets Yojimbo (Zatôichi to Yôjinbô) (Zatôichi 20)');
insert into stadium_review (gpa, review, stadium_id, created_at, created_by, modified_at, modified_by) values (3, null, 37, '2022-10-13 04:04:59', 'Renaissance', '2022-07-22 09:35:19', 'OSS 117 - Lost in Rio (OSS 117: Rio ne répond plus)');
insert into stadium_review (gpa, review, stadium_id, created_at, created_by, modified_at, modified_by) values (3, null, 31, '2023-01-30 16:42:28', 'Doc', '2023-02-17 02:51:38', 'Plastic');
insert into stadium_review (gpa, review, stadium_id, created_at, created_by, modified_at, modified_by) values (4, 'In tempor, turpis nec euismod scelerisque, quam turpis adipiscing lorem, vitae mattis nibh ligula nec sem. Duis aliquam convallis nunc.', 45, '2023-01-17 02:03:48', 'Il piccolo diavolo', '2023-02-04 21:19:23', 'A Coming-Out Party');
insert into stadium_review (gpa, review, stadium_id, created_at, created_by, modified_at, modified_by) values (4, null, 31, '2023-02-02 14:39:44', 'Half Moon Street', '2023-03-26 10:21:17', 'Anatahan');
insert into stadium_review (gpa, review, stadium_id, created_at, created_by, modified_at, modified_by) values (5, 'Integer tincidunt ante vel ipsum.', 6, '2023-05-16 13:11:56', 'Papusza', '2023-05-10 12:45:32', 'Wonderland');
insert into stadium_review (gpa, review, stadium_id, created_at, created_by, modified_at, modified_by) values (2, 'Morbi vestibulum, velit id pretium iaculis, diam erat fermentum justo, nec condimentum neque sapien placerat ante. Nulla justo.', 25, '2023-02-15 08:12:15', 'Meilleur espoir féminin', '2023-02-09 19:09:04', 'Combat Shock');
insert into stadium_review (gpa, review, stadium_id, created_at, created_by, modified_at, modified_by) values (3, null, 17, '2023-06-28 22:56:03', 'The Natural Love', '2022-11-27 08:47:53', 'Ice Cream Man');
insert into stadium_review (gpa, review, stadium_id, created_at, created_by, modified_at, modified_by) values (2, 'Nulla nisl.', 2, '2023-07-05 22:27:35', 'Thumbsucker', '2022-07-29 01:12:30', 'Five-Year Engagement, The');
insert into stadium_review (gpa, review, stadium_id, created_at, created_by, modified_at, modified_by) values (2, 'Pellentesque viverra pede ac diam. Cras pellentesque volutpat dui.', 22, '2023-02-24 14:09:07', 'Dossier 51 (Dossier 51, Le)', '2022-08-29 22:02:17', 'Devil''s Double, The');
insert into stadium_review (gpa, review, stadium_id, created_at, created_by, modified_at, modified_by) values (3, 'Vivamus vestibulum sagittis sapien.', 12, '2023-07-02 00:00:44', 'Earth vs. the Flying Saucers', '2023-04-14 15:45:33', 'Love Object');
insert into stadium_review (gpa, review, stadium_id, created_at, created_by, modified_at, modified_by) values (4, 'Morbi quis tortor id nulla ultrices aliquet.', 2, '2022-07-31 21:50:00', 'Electra, My Love (Szerelmem, Elektra)', '2023-06-27 02:04:16', 'Thoughtcrimes');
insert into stadium_review (gpa, review, stadium_id, created_at, created_by, modified_at, modified_by) values (2, null, 17, '2022-07-22 05:28:58', 'Graffiti Bridge', '2023-06-03 20:10:33', 'Toto le héros');
insert into stadium_review (gpa, review, stadium_id, created_at, created_by, modified_at, modified_by) values (5, null, 48, '2023-02-09 09:22:11', 'Mulan II', '2022-09-15 11:48:46', 'My Prairie Home');
insert into stadium_review (gpa, review, stadium_id, created_at, created_by, modified_at, modified_by) values (5, 'Curabitur gravida nisi at nibh.', 43, '2022-07-27 18:41:46', 'Reincarnated', '2022-12-14 06:38:53', 'Outlaw Blues');
insert into stadium_review (gpa, review, stadium_id, created_at, created_by, modified_at, modified_by) values (5, null, 35, '2023-03-05 19:09:15', 'Keys of the Kingdom, The', '2023-04-26 21:17:17', 'Air Hawks');
insert into stadium_review (gpa, review, stadium_id, created_at, created_by, modified_at, modified_by) values (2, null, 23, '2022-08-03 07:52:09', 'Invictus', '2022-12-09 08:09:40', 'State of Things, The (Stand der Dinge, Der)');
insert into stadium_review (gpa, review, stadium_id, created_at, created_by, modified_at, modified_by) values (2, null, 28, '2023-01-20 02:35:38', 'Sadie Thompson', '2023-06-12 16:14:46', 'Farah Goes Bang');
insert into stadium_review (gpa, review, stadium_id, created_at, created_by, modified_at, modified_by) values (1, 'Vestibulum sed magna at nunc commodo placerat. Praesent blandit.', 6, '2023-03-16 10:57:51', 'Messengers 2: The Scarecrow', '2023-05-07 08:22:12', 'Raiders of the Lost Ark: The Adaptation');
insert into stadium_review (gpa, review, stadium_id, created_at, created_by, modified_at, modified_by) values (1, 'Nam ultrices, libero non mattis pulvinar, nulla pede ullamcorper augue, a suscipit nulla elit ac nulla.', 23, '2022-10-11 11:43:37', 'Morgan Stewart''s Coming Home', '2023-03-04 08:10:32', 'Corridors of Blood');
insert into stadium_review (gpa, review, stadium_id, created_at, created_by, modified_at, modified_by) values (5, null, 14, '2022-10-15 22:52:51', 'Fracture', '2022-08-18 00:55:21', 'Flight of the Conchords: A Texan Odyssey');
insert into stadium_review (gpa, review, stadium_id, created_at, created_by, modified_at, modified_by) values (3, 'Cum sociis natoque penatibus et magnis dis parturient montes, nascetur ridiculus mus.', 13, '2023-01-14 20:55:39', 'Hoosiers (a.k.a. Best Shot)', '2023-07-11 00:45:56', 'Easy Virtue');
insert into stadium_review (gpa, review, stadium_id, created_at, created_by, modified_at, modified_by) values (5, null, 22, '2023-05-22 17:07:24', 'Jour se lève, Le (Daybreak)', '2022-12-19 00:46:23', 'Stratosphere Girl');
insert into stadium_review (gpa, review, stadium_id, created_at, created_by, modified_at, modified_by) values (1, 'Nunc rhoncus dui vel sem. Sed sagittis.', 19, '2022-12-18 22:04:31', 'The Green', '2022-08-29 18:44:48', 'Visitor Q (Bizita Q)');
insert into stadium_review (gpa, review, stadium_id, created_at, created_by, modified_at, modified_by) values (2, 'Phasellus sit amet erat.', 49, '2022-12-04 03:35:30', 'Stand by Me', '2022-10-16 08:53:17', 'Fantastic Four');
insert into stadium_review (gpa, review, stadium_id, created_at, created_by, modified_at, modified_by) values (3, null, 22, '2022-12-22 14:25:22', 'Sekirei', '2023-04-02 13:17:37', 'Way of War, The');
insert into stadium_review (gpa, review, stadium_id, created_at, created_by, modified_at, modified_by) values (1, null, 6, '2023-06-12 19:59:37', 'Baby, the Rain Must Fall', '2022-11-15 01:51:27', 'The Big Shave');
insert into stadium_review (gpa, review, stadium_id, created_at, created_by, modified_at, modified_by) values (4, 'Proin eu mi.', 37, '2022-12-20 14:13:42', 'Heart of a Dog (Sobachye serdtse)', '2022-11-21 00:00:13', 'Volcano');
insert into stadium_review (gpa, review, stadium_id, created_at, created_by, modified_at, modified_by) values (5, 'Maecenas pulvinar lobortis est.', 5, '2022-07-28 08:23:18', 'Privates on Parade', '2023-05-10 05:31:54', 'Kummelin jackpot');
insert into stadium_review (gpa, review, stadium_id, created_at, created_by, modified_at, modified_by) values (3, 'Suspendisse potenti. Nullam porttitor lacus at turpis.', 17, '2022-10-26 08:22:21', 'Bug', '2023-06-09 21:23:26', 'Day Watch (Dnevnoy dozor)');
insert into stadium_review (gpa, review, stadium_id, created_at, created_by, modified_at, modified_by) values (5, 'Sed vel enim sit amet nunc viverra dapibus. Nulla suscipit ligula in lacus.', 31, '2022-12-31 21:08:18', 'Gantz: Perfect Answer', '2023-06-21 11:31:52', 'Jack Reacher');
insert into stadium_review (gpa, review, stadium_id, created_at, created_by, modified_at, modified_by) values (1, 'Morbi non lectus. Aliquam sit amet diam in magna bibendum imperdiet.', 5, '2022-10-04 12:35:33', 'Rosalie Goes Shopping', '2023-02-11 09:52:28', 'Simple Men');
insert into stadium_review (gpa, review, stadium_id, created_at, created_by, modified_at, modified_by) values (2, 'Duis bibendum, felis sed interdum venenatis, turpis enim blandit mi, in porttitor pede justo eu massa.', 22, '2022-09-12 12:59:45', 'Reader, The', '2022-10-16 22:45:46', 'Gigantic (A Tale of Two Johns)');
insert into stadium_review (gpa, review, stadium_id, created_at, created_by, modified_at, modified_by) values (4, 'Cras pellentesque volutpat dui.', 18, '2022-10-11 00:45:10', 'Salut cousin!', '2023-01-09 09:59:46', 'S21: The Khmer Rouge Death Machine (S-21, la machine de mort Khmère rouge)');
insert into stadium_review (gpa, review, stadium_id, created_at, created_by, modified_at, modified_by) values (5, 'In quis justo.', 29, '2022-09-13 18:58:10', '2019: After the Fall of New York', '2022-09-12 11:43:02', 'Joshua');
insert into stadium_review (gpa, review, stadium_id, created_at, created_by, modified_at, modified_by) values (5, 'Phasellus sit amet erat.', 33, '2023-07-04 09:51:47', 'Saturn 3', '2022-11-13 02:27:29', 'All for the Winner (Dou sing)');
insert into stadium_review (gpa, review, stadium_id, created_at, created_by, modified_at, modified_by) values (4, 'Cum sociis natoque penatibus et magnis dis parturient montes, nascetur ridiculus mus.', 3, '2022-08-21 01:00:16', 'Watchmen: Tales of the Black Freighter', '2022-09-18 23:03:05', 'Dust');
insert into stadium_review (gpa, review, stadium_id, created_at, created_by, modified_at, modified_by) values (5, 'Duis mattis egestas metus.', 43, '2022-10-13 13:05:29', 'Stolen', '2023-05-04 08:52:34', 'Flamingo Kid, The');
insert into stadium_review (gpa, review, stadium_id, created_at, created_by, modified_at, modified_by) values (5, null, 26, '2023-06-27 03:50:48', 'Lord of Illusions', '2023-04-12 03:16:53', 'Incendies');
insert into stadium_review (gpa, review, stadium_id, created_at, created_by, modified_at, modified_by) values (1, 'In hac habitasse platea dictumst. Maecenas ut massa quis augue luctus tincidunt.', 3, '2023-01-26 04:21:46', 'Three Men and a Cradle (3 hommes et un couffin)', '2023-05-08 10:38:34', 'Story of Adele H., The (Histoire d''Adèle H., L'')');
insert into stadium_review (gpa, review, stadium_id, created_at, created_by, modified_at, modified_by) values (3, 'Nullam porttitor lacus at turpis.', 17, '2023-06-15 06:49:16', 'Freebie and the Bean', '2023-07-04 13:22:32', 'Two Much');
insert into stadium_review (gpa, review, stadium_id, created_at, created_by, modified_at, modified_by) values (3, 'Sed accumsan felis.', 29, '2023-03-30 16:58:34', 'Goodbye Girl, The', '2022-09-04 18:05:08', 'Countess Dracula');
insert into stadium_review (gpa, review, stadium_id, created_at, created_by, modified_at, modified_by) values (4, 'Quisque erat eros, viverra eget, congue eget, semper rutrum, nulla. Nunc purus.', 4, '2022-10-15 09:55:49', 'Goddess (Devi)', '2023-03-26 15:58:17', 'Charlie Chan in Panama');
insert into stadium_review (gpa, review, stadium_id, created_at, created_by, modified_at, modified_by) values (2, 'Pellentesque eget nunc. Donec quis orci eget orci vehicula condimentum.', 15, '2022-07-18 09:49:47', 'Kill by Inches', '2023-06-14 23:16:07', 'Ju Dou');
insert into stadium_review (gpa, review, stadium_id, created_at, created_by, modified_at, modified_by) values (2, 'Aenean auctor gravida sem. Praesent id massa id nisl venenatis lacinia.', 6, '2022-12-14 06:47:46', 'Lightspeed', '2023-02-21 03:01:47', 'Camino');
insert into stadium_review (gpa, review, stadium_id, created_at, created_by, modified_at, modified_by) values (4, 'Donec ut mauris eget massa tempor convallis. Nulla neque libero, convallis eget, eleifend luctus, ultricies eu, nibh.', 6, '2022-08-18 02:29:40', 'Eight Men Out', '2023-05-02 20:36:18', 'Saphead, The');
insert into stadium_review (gpa, review, stadium_id, created_at, created_by, modified_at, modified_by) values (2, 'Integer pede justo, lacinia eget, tincidunt eget, tempus vel, pede.', 36, '2023-02-23 08:36:43', 'Bigger, Stronger, Faster*', '2023-04-10 10:38:06', 'Trans-Europ-Express');
insert into stadium_review (gpa, review, stadium_id, created_at, created_by, modified_at, modified_by) values (3, null, 16, '2023-05-25 00:49:17', 'Savage Three', '2023-04-19 19:32:07', 'Sybil');
insert into stadium_review (gpa, review, stadium_id, created_at, created_by, modified_at, modified_by) values (1, 'In blandit ultrices enim.', 1, '2022-11-15 06:28:23', 'Killing Us Softly 3', '2023-02-12 06:05:00', 'Air Doll (Kûki ningyô)');
insert into stadium_review (gpa, review, stadium_id, created_at, created_by, modified_at, modified_by) values (3, null, 19, '2022-09-04 15:03:39', 'Painted Veil, The', '2022-11-01 19:19:18', 'My Life in Orange (Sommer in Orange)');
insert into stadium_review (gpa, review, stadium_id, created_at, created_by, modified_at, modified_by) values (3, 'Duis bibendum, felis sed interdum venenatis, turpis enim blandit mi, in porttitor pede justo eu massa.', 27, '2023-05-22 18:35:45', 'Bambi', '2023-06-21 12:20:08', 'Calling, The');
insert into stadium_review (gpa, review, stadium_id, created_at, created_by, modified_at, modified_by) values (4, null, 10, '2022-10-23 14:22:52', 'What the Day Owes the Night', '2023-03-14 11:47:08', 'That Championship Season');
insert into stadium_review (gpa, review, stadium_id, created_at, created_by, modified_at, modified_by) values (1, null, 27, '2023-05-29 07:40:00', 'Wrong Is Right (a.k.a. The Man With the Deadly Lens)', '2023-05-21 01:35:11', 'Point of Order');
insert into stadium_review (gpa, review, stadium_id, created_at, created_by, modified_at, modified_by) values (2, null, 19, '2023-01-21 17:51:18', 'Tom Thumb', '2022-08-24 11:20:01', 'Super 8 Stories');
insert into stadium_review (gpa, review, stadium_id, created_at, created_by, modified_at, modified_by) values (4, null, 38, '2023-06-30 22:55:05', 'Happy New Year (La Bonne Année)', '2022-08-25 20:48:56', 'De Dana Dan');
insert into stadium_review (gpa, review, stadium_id, created_at, created_by, modified_at, modified_by) values (2, 'Donec dapibus. Duis at velit eu est congue elementum.', 15, '2022-10-03 22:45:37', 'In a Year with 13 Moons (In einem Jahr mit 13 Monden)', '2022-11-27 05:03:40', 'Leave');
insert into stadium_review (gpa, review, stadium_id, created_at, created_by, modified_at, modified_by) values (2, 'Aenean auctor gravida sem.', 35, '2023-02-10 16:07:17', 'Arrival II', '2023-02-19 16:51:53', 'Superman and the Mole-Men');
insert into stadium_review (gpa, review, stadium_id, created_at, created_by, modified_at, modified_by) values (5, null, 22, '2023-03-12 06:45:53', 'Faith Like Potatoes', '2022-10-22 19:17:40', 'Golden Child, The');
insert into stadium_review (gpa, review, stadium_id, created_at, created_by, modified_at, modified_by) values (4, null, 40, '2023-04-05 12:16:11', 'George Lopez: It''s Not Me, It''s You', '2022-12-26 14:42:00', 'Pulgasari');
insert into stadium_review (gpa, review, stadium_id, created_at, created_by, modified_at, modified_by) values (4, 'In tempor, turpis nec euismod scelerisque, quam turpis adipiscing lorem, vitae mattis nibh ligula nec sem.', 8, '2023-01-17 17:24:15', 'California Suite', '2023-05-13 15:44:30', 'Spring in a Small Town (Xiao cheng zhi chun)');
insert into stadium_review (gpa, review, stadium_id, created_at, created_by, modified_at, modified_by) values (5, null, 48, '2022-08-29 13:13:13', 'Ten Skies', '2023-02-27 18:57:12', 'Project Almanac');
insert into stadium_review (gpa, review, stadium_id, created_at, created_by, modified_at, modified_by) values (3, 'Vestibulum ac est lacinia nisi venenatis tristique.', 21, '2023-03-29 17:49:39', 'Rumble in the Air-Conditioned Auditorium: O''Reilly vs. Stewart 2012, The', '2023-07-01 13:26:37', 'Quills');
insert into stadium_review (gpa, review, stadium_id, created_at, created_by, modified_at, modified_by) values (3, 'Mauris enim leo, rhoncus sed, vestibulum sit amet, cursus id, turpis. Integer aliquet, massa id lobortis convallis, tortor risus dapibus augue, vel accumsan tellus nisi eu orci.', 25, '2023-02-20 14:09:16', 'See You in Hell, My Darling (Tha se do stin Kolasi, agapi mou)', '2023-02-04 04:41:19', 'Baby''s Day Out');
insert into stadium_review (gpa, review, stadium_id, created_at, created_by, modified_at, modified_by) values (4, 'Donec quis orci eget orci vehicula condimentum. Curabitur in libero ut massa volutpat convallis.', 40, '2022-12-09 07:28:10', 'Talcum Powder', '2022-08-08 04:10:37', 'Sisters, The');
insert into stadium_review (gpa, review, stadium_id, created_at, created_by, modified_at, modified_by) values (3, 'Vestibulum sed magna at nunc commodo placerat.', 8, '2023-05-22 09:37:44', 'Goods: Live Hard, Sell Hard, The', '2023-02-02 03:59:50', 'Circle of Friends');
insert into stadium_review (gpa, review, stadium_id, created_at, created_by, modified_at, modified_by) values (1, 'In hac habitasse platea dictumst.', 18, '2023-05-09 11:57:25', 'Serial', '2023-03-17 03:39:44', 'Roula');
insert into stadium_review (gpa, review, stadium_id, created_at, created_by, modified_at, modified_by) values (3, 'Vestibulum rutrum rutrum neque.', 36, '2022-10-23 12:06:03', 'Off Beat', '2023-05-24 05:20:49', 'Born Wild');
insert into stadium_review (gpa, review, stadium_id, created_at, created_by, modified_at, modified_by) values (4, null, 12, '2023-04-21 10:04:02', 'Three Faces East', '2022-09-11 15:34:22', '2019: After the Fall of New York');
insert into stadium_review (gpa, review, stadium_id, created_at, created_by, modified_at, modified_by) values (4, 'In blandit ultrices enim. Lorem ipsum dolor sit amet, consectetuer adipiscing elit.', 36, '2022-07-23 00:57:29', 'Chained Heat', '2023-03-28 10:08:33', 'Singapore Sling (Singapore sling: O anthropos pou agapise ena ptoma)');
insert into stadium_review (gpa, review, stadium_id, created_at, created_by, modified_at, modified_by) values (3, null, 34, '2022-10-20 12:27:02', 'Shadows and Fog', '2022-08-30 07:05:15', 'Garbage Prince');
insert into stadium_review (gpa, review, stadium_id, created_at, created_by, modified_at, modified_by) values (3, 'Aliquam quis turpis eget elit sodales scelerisque. Mauris sit amet eros.', 33, '2022-09-23 19:55:39', 'Crooks in Clover (a.k.a. Monsieur Gangster) (Les tontons flingueurs)', '2023-01-11 04:52:28', 'Juno');
insert into stadium_review (gpa, review, stadium_id, created_at, created_by, modified_at, modified_by) values (4, null, 49, '2023-03-02 11:58:32', 'Handsome Harry', '2022-10-10 03:19:29', 'Boricua''s Bond');
insert into stadium_review (gpa, review, stadium_id, created_at, created_by, modified_at, modified_by) values (3, 'Quisque id justo sit amet sapien dignissim vestibulum. Vestibulum ante ipsum primis in faucibus orci luctus et ultrices posuere cubilia Curae; Nulla dapibus dolor vel est.', 16, '2023-06-05 06:26:57', 'Captive Heart: The James Mink Story', '2023-03-26 23:21:51', 'Lured');
insert into stadium_review (gpa, review, stadium_id, created_at, created_by, modified_at, modified_by) values (3, null, 17, '2023-05-24 06:48:51', 'Pieta', '2022-08-04 02:51:47', 'Jackpot');
insert into stadium_review (gpa, review, stadium_id, created_at, created_by, modified_at, modified_by) values (4, null, 8, '2023-03-03 00:44:17', 'Summer Stock', '2022-08-14 09:42:42', 'Cadillac Records');
insert into stadium_review (gpa, review, stadium_id, created_at, created_by, modified_at, modified_by) values (1, 'Aliquam erat volutpat. In congue.', 26, '2023-03-22 14:44:13', 'Downstairs', '2022-09-19 15:11:39', 'Red Scorpion');
insert into stadium_review (gpa, review, stadium_id, created_at, created_by, modified_at, modified_by) values (2, 'Phasellus in felis. Donec semper sapien a libero.', 26, '2023-03-05 08:28:07', 'Appointment in Tokyo', '2022-11-20 21:17:04', 'What Men Talk About');
insert into stadium_review (gpa, review, stadium_id, created_at, created_by, modified_at, modified_by) values (4, null, 8, '2022-10-05 08:18:25', 'Beau Brummel', '2023-06-08 14:00:13', 'Haunted Mansion, The');
insert into stadium_review (gpa, review, stadium_id, created_at, created_by, modified_at, modified_by) values (4, null, 28, '2023-04-06 04:12:04', 'Intruder, The (L''intrus)', '2023-05-23 21:20:51', 'Swamp Thing');
insert into stadium_review (gpa, review, stadium_id, created_at, created_by, modified_at, modified_by) values (4, 'Curabitur gravida nisi at nibh.', 39, '2022-09-20 10:04:52', 'Story of Mankind, The', '2023-07-15 01:25:27', 'JFK');
insert into stadium_review (gpa, review, stadium_id, created_at, created_by, modified_at, modified_by) values (1, 'Aenean lectus. Pellentesque eget nunc.', 26, '2023-04-08 22:48:10', 'Bounce', '2023-03-28 00:56:26', 'Comrade Pedersen (Gymnaslærer Pedersen)');
insert into stadium_review (gpa, review, stadium_id, created_at, created_by, modified_at, modified_by) values (1, 'Suspendisse potenti.', 17, '2023-01-26 13:36:31', 'Sicilian Clan, The (Clan des Siciliens, Le)', '2023-05-12 10:09:49', 'Carandiru');
insert into stadium_review (gpa, review, stadium_id, created_at, created_by, modified_at, modified_by) values (4, null, 22, '2023-04-21 19:45:44', 'Honor Among Thieves (Adieu l''ami) (Farewell, Friend)', '2023-04-04 12:06:35', 'Antonio Gaudí');
insert into stadium_review (gpa, review, stadium_id, created_at, created_by, modified_at, modified_by) values (3, null, 20, '2023-07-17 09:13:23', 'City in the Sea', '2022-11-15 09:59:48', 'Craig Ferguson: I''m Here To Help');
insert into stadium_review (gpa, review, stadium_id, created_at, created_by, modified_at, modified_by) values (1, 'Integer a nibh. In quis justo.', 6, '2023-06-14 19:08:54', 'Three Musketeers, The', '2022-10-17 11:22:29', 'Tyler Perry''s Temptation: Confessions of a Marriage Counselor');
insert into stadium_review (gpa, review, stadium_id, created_at, created_by, modified_at, modified_by) values (1, 'In congue.', 22, '2023-06-01 20:54:03', 'Funny About Love', '2023-06-19 03:05:06', 'Anonymous');
insert into stadium_review (gpa, review, stadium_id, created_at, created_by, modified_at, modified_by) values (5, 'Cras in purus eu magna vulputate luctus. Cum sociis natoque penatibus et magnis dis parturient montes, nascetur ridiculus mus.', 36, '2022-09-06 22:50:31', 'Family Resemblances (Un air de famille)', '2022-08-16 00:06:48', 'I Start Counting');
insert into stadium_review (gpa, review, stadium_id, created_at, created_by, modified_at, modified_by) values (4, 'Curabitur gravida nisi at nibh.', 47, '2023-03-09 23:20:02', 'About Face: Supermodels Then and Now', '2022-08-31 09:22:49', 'Ninja Assassin');
insert into stadium_review (gpa, review, stadium_id, created_at, created_by, modified_at, modified_by) values (4, null, 17, '2022-08-15 19:23:02', 'Air Hawks', '2022-11-07 06:21:26', 'Get Rich or Die Tryin''');
insert into stadium_review (gpa, review, stadium_id, created_at, created_by, modified_at, modified_by) values (3, 'Nam congue, risus semper porta volutpat, quam pede lobortis ligula, sit amet eleifend pede libero quis orci.', 21, '2023-02-09 08:18:45', 'Dilemma, The', '2023-04-09 23:16:17', 'Chemical Brothers: Don''t Think, The');
insert into stadium_review (gpa, review, stadium_id, created_at, created_by, modified_at, modified_by) values (5, null, 17, '2023-03-20 15:19:26', 'Fly Away', '2023-05-07 14:19:02', 'Run Sister Run!');
insert into stadium_review (gpa, review, stadium_id, created_at, created_by, modified_at, modified_by) values (4, null, 16, '2022-09-22 10:37:14', 'If You Could See What I Hear', '2022-10-29 23:48:37', 'Jasminum');
insert into stadium_review (gpa, review, stadium_id, created_at, created_by, modified_at, modified_by) values (1, null, 26, '2023-04-08 02:27:02', 'Sommer der Gaukler, Der', '2023-07-16 03:10:21', 'Pokémon the Movie: Black - Victini and Reshiram');
insert into stadium_review (gpa, review, stadium_id, created_at, created_by, modified_at, modified_by) values (1, 'In hac habitasse platea dictumst.', 39, '2023-03-09 08:06:53', 'Barbarian Queen II: The Empress Strikes Back', '2022-10-21 17:10:11', 'Hereafter');
insert into stadium_review (gpa, review, stadium_id, created_at, created_by, modified_at, modified_by) values (1, null, 12, '2023-04-04 09:00:23', 'In the Bedroom', '2023-03-26 14:23:47', 'Kimberly');
insert into stadium_review (gpa, review, stadium_id, created_at, created_by, modified_at, modified_by) values (4, 'Vestibulum sed magna at nunc commodo placerat. Praesent blandit.', 44, '2022-09-28 21:59:33', 'Goodbye, Mr. Chips', '2023-02-03 09:20:49', 'Homicide');
insert into stadium_review (gpa, review, stadium_id, created_at, created_by, modified_at, modified_by) values (1, 'Mauris lacinia sapien quis libero. Nullam sit amet turpis elementum ligula vehicula consequat.', 20, '2022-10-22 15:01:33', 'Laughing Policeman, The', '2022-07-23 10:14:37', 'Sister Kenny');
insert into stadium_review (gpa, review, stadium_id, created_at, created_by, modified_at, modified_by) values (3, null, 16, '2022-08-22 21:14:51', 'Bernard and Doris', '2023-04-17 10:30:34', 'Haunting in Connecticut, The');
insert into stadium_review (gpa, review, stadium_id, created_at, created_by, modified_at, modified_by) values (4, null, 35, '2022-12-16 19:58:28', 'Katsastus', '2023-03-17 23:44:30', 'Merry Christmas Mr. Lawrence');
insert into stadium_review (gpa, review, stadium_id, created_at, created_by, modified_at, modified_by) values (4, 'Pellentesque ultrices mattis odio. Donec vitae nisi.', 17, '2023-02-28 19:07:10', 'DysFunktional Family', '2023-02-16 14:36:41', 'Someone''s Watching Me!');
insert into stadium_review (gpa, review, stadium_id, created_at, created_by, modified_at, modified_by) values (4, null, 3, '2022-10-13 19:07:29', 'Cutlet for Three (Ein Schnitzel für drei)', '2022-09-07 20:46:12', 'Squeeze');
insert into stadium_review (gpa, review, stadium_id, created_at, created_by, modified_at, modified_by) values (1, 'In quis justo.', 47, '2023-04-16 17:39:51', 'Earth Is a Sinful Song, The (Maa on syntinen laulu)', '2022-07-30 18:32:09', 'Short Film About Killing, A (Krótki film o zabijaniu)');
insert into stadium_review (gpa, review, stadium_id, created_at, created_by, modified_at, modified_by) values (5, 'Etiam faucibus cursus urna.', 8, '2023-05-18 02:40:33', 'Boys', '2023-05-30 04:16:18', 'Seduction of Joe Tynan, The');
insert into stadium_review (gpa, review, stadium_id, created_at, created_by, modified_at, modified_by) values (3, null, 46, '2023-03-08 08:18:32', 'BloodRayne: The Third Reich', '2022-12-28 14:22:56', 'For the Bible Tells Me So');
insert into stadium_review (gpa, review, stadium_id, created_at, created_by, modified_at, modified_by) values (3, null, 45, '2022-10-12 05:22:12', 'Nanayo (Nanayomachi)', '2022-09-15 08:55:50', 'Counselor, The');
insert into stadium_review (gpa, review, stadium_id, created_at, created_by, modified_at, modified_by) values (2, 'Vestibulum rutrum rutrum neque. Aenean auctor gravida sem.', 1, '2023-05-19 03:14:20', 'Devil''s Nightmare, The (Plus longue nuit du diable, La)', '2022-09-16 10:14:33', 'Love and Sex under Nazi Occupation (Amour et sexe sous l''occupation) ');
insert into stadium_review (gpa, review, stadium_id, created_at, created_by, modified_at, modified_by) values (3, null, 7, '2022-08-30 22:35:10', 'Captain Ron', '2023-05-31 04:10:10', 'In Bruges');
insert into stadium_review (gpa, review, stadium_id, created_at, created_by, modified_at, modified_by) values (5, null, 20, '2023-03-08 01:44:10', 'Black Box, The (La boîte noire)', '2022-07-24 02:07:53', 'Monster');
insert into stadium_review (gpa, review, stadium_id, created_at, created_by, modified_at, modified_by) values (2, null, 13, '2023-06-25 14:02:16', 'Revenge of the Green Dragons', '2022-09-29 12:24:16', 'Nine Miles Down');
insert into stadium_review (gpa, review, stadium_id, created_at, created_by, modified_at, modified_by) values (4, 'Cras mi pede, malesuada in, imperdiet et, commodo vulputate, justo.', 8, '2022-10-28 12:27:11', 'Three Wise Fools', '2023-07-01 01:30:20', 'Restless');
insert into stadium_review (gpa, review, stadium_id, created_at, created_by, modified_at, modified_by) values (5, null, 33, '2023-05-02 19:17:31', 'Helter Skelter', '2023-04-17 05:57:57', 'Il fiore dai petali d''acciaio');
insert into stadium_review (gpa, review, stadium_id, created_at, created_by, modified_at, modified_by) values (5, null, 29, '2022-09-24 19:25:01', 'Rich and Strange', '2023-02-24 02:34:19', 'Patti Smith: Dream of Life');
insert into stadium_review (gpa, review, stadium_id, created_at, created_by, modified_at, modified_by) values (2, 'Donec vitae nisi.', 42, '2022-12-13 10:34:20', 'Wanted! (Nachbarinnen)', '2022-12-28 12:15:44', 'Whatever Happened to Aunt Alice?');
insert into stadium_review (gpa, review, stadium_id, created_at, created_by, modified_at, modified_by) values (4, null, 40, '2022-10-16 11:53:08', 'No Way Out', '2022-08-05 19:10:13', 'Charms for the Easy Life');
insert into stadium_review (gpa, review, stadium_id, created_at, created_by, modified_at, modified_by) values (2, 'Cras non velit nec nisi vulputate nonummy.', 22, '2023-04-23 09:55:49', 'The White Sister', '2023-01-19 02:25:59', 'Island in the Sun');
insert into stadium_review (gpa, review, stadium_id, created_at, created_by, modified_at, modified_by) values (5, null, 34, '2023-03-30 00:36:27', 'New Waterford Girl', '2023-05-06 21:07:33', 'Dynamite');
insert into stadium_review (gpa, review, stadium_id, created_at, created_by, modified_at, modified_by) values (4, 'Vivamus vel nulla eget eros elementum pellentesque. Quisque porta volutpat erat.', 36, '2022-10-16 08:17:34', 'Thieves'' Highway', '2023-06-06 19:32:00', 'Bad Fucking');
insert into stadium_review (gpa, review, stadium_id, created_at, created_by, modified_at, modified_by) values (5, 'Suspendisse accumsan tortor quis turpis. Sed ante.', 39, '2023-07-11 21:30:45', 'Micmacs (Micmacs à tire-larigot)', '2022-11-09 11:31:44', 'Three Colors: Blue (Trois couleurs: Bleu)');
insert into stadium_review (gpa, review, stadium_id, created_at, created_by, modified_at, modified_by) values (5, null, 6, '2022-10-31 19:38:18', 'Christmas on Mars', '2022-08-11 04:44:58', 'Miami Connection');
insert into stadium_review (gpa, review, stadium_id, created_at, created_by, modified_at, modified_by) values (3, 'Integer aliquet, massa id lobortis convallis, tortor risus dapibus augue, vel accumsan tellus nisi eu orci. Mauris lacinia sapien quis libero.', 26, '2022-07-20 18:08:50', 'Mysterious Island', '2023-05-07 00:28:58', 'Europa (Zentropa)');
insert into stadium_review (gpa, review, stadium_id, created_at, created_by, modified_at, modified_by) values (1, 'Vestibulum ante ipsum primis in faucibus orci luctus et ultrices posuere cubilia Curae; Duis faucibus accumsan odio. Curabitur convallis.', 23, '2023-04-10 20:28:19', 'Mega Shark vs. Crocosaurus', '2023-05-27 01:40:27', 'Face in the Crowd, A');
insert into stadium_review (gpa, review, stadium_id, created_at, created_by, modified_at, modified_by) values (4, 'Duis bibendum, felis sed interdum venenatis, turpis enim blandit mi, in porttitor pede justo eu massa.', 8, '2022-11-15 00:06:39', 'Millennium Actress (Sennen joyû)', '2023-01-11 22:20:33', 'October Country');
insert into stadium_review (gpa, review, stadium_id, created_at, created_by, modified_at, modified_by) values (4, null, 12, '2023-03-16 14:59:37', 'Nobody Knows (Dare mo shiranai)', '2023-02-14 10:54:26', 'Frank McKlusky, C.I.');
insert into stadium_review (gpa, review, stadium_id, created_at, created_by, modified_at, modified_by) values (3, null, 1, '2022-12-13 17:23:57', 'Daylight', '2023-04-13 12:39:29', 'Slave of Love, A (Raba lyubvi)');
insert into stadium_review (gpa, review, stadium_id, created_at, created_by, modified_at, modified_by) values (1, null, 19, '2022-12-19 12:47:40', 'Flashdance', '2022-10-12 12:18:17', 'Uncle Nino');
insert into stadium_review (gpa, review, stadium_id, created_at, created_by, modified_at, modified_by) values (2, null, 1, '2023-04-18 07:22:36', 'Off the Charts: The Song-Poem Story', '2022-11-17 23:11:46', 'Meet Me at the Fair');
insert into stadium_review (gpa, review, stadium_id, created_at, created_by, modified_at, modified_by) values (3, 'Vivamus metus arcu, adipiscing molestie, hendrerit at, vulputate vitae, nisl.', 49, '2022-10-05 16:48:34', 'Valley of the Dragons', '2022-12-29 13:19:56', 'Female Convict Scorpion: Jailhouse 41 (Joshuu sasori: Dai-41 zakkyo-bô)');
insert into stadium_review (gpa, review, stadium_id, created_at, created_by, modified_at, modified_by) values (1, 'Proin risus.', 17, '2023-05-25 06:53:16', 'Armageddon', '2022-12-04 07:23:42', 'Takedown: The DNA of GSP');
insert into stadium_review (gpa, review, stadium_id, created_at, created_by, modified_at, modified_by) values (1, 'Vestibulum ante ipsum primis in faucibus orci luctus et ultrices posuere cubilia Curae; Mauris viverra diam vitae quam. Suspendisse potenti.', 47, '2023-07-10 04:14:18', 'Nibelungen: Kriemhild''s Revenge, Die (Die Nibelungen: Kriemhilds Rache)', '2023-04-06 14:37:21', 'Star Wars: Episode I - The Phantom Menace');
insert into stadium_review (gpa, review, stadium_id, created_at, created_by, modified_at, modified_by) values (4, null, 21, '2023-03-09 04:18:56', 'Hope Springs', '2023-03-31 23:12:24', 'Friend Among Strangers, Stranger Among Friends (Svoy sredi chuzhikh, chuzhoy sredi svoikh)');
insert into stadium_review (gpa, review, stadium_id, created_at, created_by, modified_at, modified_by) values (4, 'Pellentesque at nulla. Suspendisse potenti.', 1, '2023-03-21 10:28:13', 'Forklift Driver Klaus: The First Day on the Job', '2022-10-13 11:31:46', 'Fear City');
insert into stadium_review (gpa, review, stadium_id, created_at, created_by, modified_at, modified_by) values (5, 'Maecenas pulvinar lobortis est.', 14, '2023-02-17 15:12:35', 'Cold Prey III (Fritt Vilt III)', '2023-05-28 04:41:11', 'Surviving Christmas');
insert into stadium_review (gpa, review, stadium_id, created_at, created_by, modified_at, modified_by) values (4, null, 5, '2023-05-23 20:49:40', 'Titicut Follies', '2023-03-23 19:03:22', 'White Noise 2: The Light');
insert into stadium_review (gpa, review, stadium_id, created_at, created_by, modified_at, modified_by) values (5, null, 1, '2022-12-11 19:23:32', 'Mike Tyson:  Undisputed Truth', '2022-12-07 11:00:35', 'Carried Away');
insert into stadium_review (gpa, review, stadium_id, created_at, created_by, modified_at, modified_by) values (1, null, 46, '2023-02-05 21:37:52', 'Man Who Saw Tomorrow, The', '2022-12-08 14:31:19', 'Accidents Happen');
insert into stadium_review (gpa, review, stadium_id, created_at, created_by, modified_at, modified_by) values (4, 'Proin risus. Praesent lectus.', 28, '2022-12-17 01:05:51', 'In the Navy', '2023-06-04 04:37:39', 'Twelve O''Clock High');
insert into stadium_review (gpa, review, stadium_id, created_at, created_by, modified_at, modified_by) values (4, 'Donec ut dolor.', 22, '2023-03-13 05:35:58', 'Mitchell', '2023-02-26 05:16:16', 'Flu Bird');
insert into stadium_review (gpa, review, stadium_id, created_at, created_by, modified_at, modified_by) values (5, 'Nam nulla.', 40, '2022-12-10 04:43:50', '3 dev adam (Three Giant Men) ', '2022-10-17 20:26:20', 'Inbetweeners 2, The');
insert into stadium_review (gpa, review, stadium_id, created_at, created_by, modified_at, modified_by) values (3, null, 33, '2023-01-15 12:38:36', 'Duplicity', '2023-02-08 20:43:30', 'Mike Bassett: England Manager');
insert into stadium_review (gpa, review, stadium_id, created_at, created_by, modified_at, modified_by) values (3, 'Curabitur in libero ut massa volutpat convallis.', 33, '2022-08-29 11:40:46', 'Snow Falling on Cedars', '2022-08-11 23:52:46', 'My Life in Orange (Sommer in Orange)');
insert into stadium_review (gpa, review, stadium_id, created_at, created_by, modified_at, modified_by) values (5, 'Vivamus vestibulum sagittis sapien. Cum sociis natoque penatibus et magnis dis parturient montes, nascetur ridiculus mus.', 36, '2022-10-31 09:12:33', 'Wallace & Gromit: The Wrong Trousers', '2023-01-30 12:09:56', 'Mike Tyson:  Undisputed Truth');
insert into stadium_review (gpa, review, stadium_id, created_at, created_by, modified_at, modified_by) values (5, null, 15, '2023-06-20 21:11:47', 'Golden Coach, The (Le carrosse d''or)', '2023-04-03 22:25:23', 'Love & Savagery');
insert into stadium_review (gpa, review, stadium_id, created_at, created_by, modified_at, modified_by) values (1, 'Suspendisse potenti.', 26, '2023-03-17 03:45:16', 'Bereavement', '2022-11-20 02:03:15', 'Fearless Hyena, The (Xiao quan guai zhao)');
insert into stadium_review (gpa, review, stadium_id, created_at, created_by, modified_at, modified_by) values (4, 'Integer a nibh.', 15, '2023-04-18 16:09:34', 'Illegal Tender', '2022-12-05 08:49:26', 'Three Musketeers, The');
insert into stadium_review (gpa, review, stadium_id, created_at, created_by, modified_at, modified_by) values (3, null, 38, '2022-08-14 17:31:45', 'Morning Glory', '2022-11-02 14:32:03', 'What? (Che?)');
insert into stadium_review (gpa, review, stadium_id, created_at, created_by, modified_at, modified_by) values (5, 'Vivamus vestibulum sagittis sapien.', 18, '2022-08-17 21:08:58', 'Bullfighters, The', '2022-07-28 15:28:04', 'Ethan Mao');
insert into stadium_review (gpa, review, stadium_id, created_at, created_by, modified_at, modified_by) values (5, null, 28, '2023-01-26 21:03:31', 'Ivanhoe', '2023-03-01 04:29:33', 'Super 8 Stories');
insert into stadium_review (gpa, review, stadium_id, created_at, created_by, modified_at, modified_by) values (1, null, 26, '2022-10-11 10:33:38', 'Night and the City', '2022-12-13 16:43:53', 'Raincoat');
insert into stadium_review (gpa, review, stadium_id, created_at, created_by, modified_at, modified_by) values (5, null, 13, '2023-06-25 23:01:54', 'Illusionist, The', '2022-12-20 15:03:06', 'Miracle on 34th Street');
insert into stadium_review (gpa, review, stadium_id, created_at, created_by, modified_at, modified_by) values (3, 'Maecenas ut massa quis augue luctus tincidunt. Nulla mollis molestie lorem.', 1, '2022-09-21 04:48:34', 'Blue Steel', '2022-08-18 11:32:54', 'Girls on Top 2');
insert into stadium_review (gpa, review, stadium_id, created_at, created_by, modified_at, modified_by) values (3, null, 14, '2022-10-21 10:57:00', 'Resident Evil: Retribution', '2022-12-21 00:11:45', 'Perfect Game, The');
insert into stadium_review (gpa, review, stadium_id, created_at, created_by, modified_at, modified_by) values (5, 'Curabitur in libero ut massa volutpat convallis.', 28, '2022-07-25 01:50:36', 'What Is It?', '2023-01-14 02:55:57', 'Butterfly Girl');
insert into stadium_review (gpa, review, stadium_id, created_at, created_by, modified_at, modified_by) values (1, null, 14, '2022-12-30 20:08:50', 'Camino', '2022-09-12 20:06:36', 'The Boy');
insert into stadium_review (gpa, review, stadium_id, created_at, created_by, modified_at, modified_by) values (2, 'Nam dui.', 41, '2022-09-08 15:31:28', 'Cameraman: The Life and Work of Jack Cardiff', '2022-11-14 16:36:04', '3 Simoa');
insert into stadium_review (gpa, review, stadium_id, created_at, created_by, modified_at, modified_by) values (1, 'Nulla facilisi.', 8, '2022-11-18 11:34:22', 'Mighty Ducks, The', '2022-07-20 05:47:20', 'Divorcing Jack');
insert into stadium_review (gpa, review, stadium_id, created_at, created_by, modified_at, modified_by) values (4, null, 17, '2022-11-24 03:34:12', 'Heart Is Deceitful Above All Things, The', '2023-07-07 05:28:03', 'Lost Youth');
insert into stadium_review (gpa, review, stadium_id, created_at, created_by, modified_at, modified_by) values (1, 'Vestibulum ante ipsum primis in faucibus orci luctus et ultrices posuere cubilia Curae; Duis faucibus accumsan odio. Curabitur convallis.', 26, '2023-06-05 23:57:24', 'Music Man, The', '2023-01-15 23:56:42', 'Wild Horses (Caballos salvajes)');
insert into stadium_review (gpa, review, stadium_id, created_at, created_by, modified_at, modified_by) values (1, 'Mauris ullamcorper purus sit amet nulla.', 22, '2022-10-24 11:03:43', 'Walk in the Sun, A', '2023-03-29 08:30:02', 'Gemini (Sôseiji)');
insert into stadium_review (gpa, review, stadium_id, created_at, created_by, modified_at, modified_by) values (2, 'Nulla ut erat id mauris vulputate elementum.', 2, '2022-09-01 15:19:30', 'Castaway on the Moon (Kimssi pyoryugi)', '2022-09-17 14:17:39', 'Alone in the Dark II');
insert into stadium_review (gpa, review, stadium_id, created_at, created_by, modified_at, modified_by) values (3, 'Quisque erat eros, viverra eget, congue eget, semper rutrum, nulla.', 3, '2022-09-18 01:59:13', 'Four Shades of Brown (Fyra nyanser av brunt)', '2022-10-19 20:20:21', 'Wishmaster 3: Beyond the Gates of Hell');
insert into stadium_review (gpa, review, stadium_id, created_at, created_by, modified_at, modified_by) values (4, 'Nulla tempus.', 42, '2022-07-29 13:53:38', 'Act of Aggression', '2023-05-27 07:01:58', 'Auto Focus');
insert into stadium_review (gpa, review, stadium_id, created_at, created_by, modified_at, modified_by) values (3, null, 14, '2023-05-23 23:37:41', 'Police Academy 2: Their First Assignment', '2023-05-01 09:03:23', 'Girl Most Likely');
insert into stadium_review (gpa, review, stadium_id, created_at, created_by, modified_at, modified_by) values (1, null, 8, '2022-12-24 04:07:53', 'Triumph of the Nerds, The: The Rise of Accidental Empires', '2023-02-28 23:09:53', 'Life 2.0');
insert into stadium_review (gpa, review, stadium_id, created_at, created_by, modified_at, modified_by) values (3, null, 49, '2022-10-03 13:16:51', 'Shock Doctrine, The', '2023-04-30 15:31:18', 'Kiss Me Again');
insert into stadium_review (gpa, review, stadium_id, created_at, created_by, modified_at, modified_by) values (1, null, 45, '2022-07-18 11:23:08', 'Ghost in the Shell 2: Innocence (a.k.a. Innocence) (Inosensu)', '2022-08-13 13:08:01', 'Rosewood Lane');
insert into stadium_review (gpa, review, stadium_id, created_at, created_by, modified_at, modified_by) values (2, 'Morbi a ipsum. Integer a nibh.', 48, '2022-08-18 08:56:55', 'Portraits Chinois', '2023-06-20 17:51:41', 'Funeral Parade of Roses (Bara no sôretsu)');
insert into stadium_review (gpa, review, stadium_id, created_at, created_by, modified_at, modified_by) values (1, null, 48, '2023-03-31 04:55:11', 'For Richer or Poorer', '2022-07-23 16:23:28', 'Out of Reach');
insert into stadium_review (gpa, review, stadium_id, created_at, created_by, modified_at, modified_by) values (5, 'Etiam faucibus cursus urna. Ut tellus.', 22, '2023-04-06 08:43:34', 'Agony and the Ecstasy, The', '2023-03-11 09:48:34', 'Linguini Incident, The');
insert into stadium_review (gpa, review, stadium_id, created_at, created_by, modified_at, modified_by) values (4, null, 19, '2022-12-07 15:01:20', 'Blood Wedding (Bodas de sangre)', '2022-11-29 01:47:43', 'DarkBlueAlmostBlack (Azuloscurocasinegro)');
insert into stadium_review (gpa, review, stadium_id, created_at, created_by, modified_at, modified_by) values (3, 'Integer aliquet, massa id lobortis convallis, tortor risus dapibus augue, vel accumsan tellus nisi eu orci. Mauris lacinia sapien quis libero.', 12, '2023-04-16 02:32:23', 'Bean', '2023-05-12 03:02:45', 'Return of Frank Cannon, The');
insert into stadium_review (gpa, review, stadium_id, created_at, created_by, modified_at, modified_by) values (1, 'Quisque porta volutpat erat. Quisque erat eros, viverra eget, congue eget, semper rutrum, nulla.', 21, '2023-07-09 07:59:12', 'Offside', '2023-05-24 21:23:11', 'Ice Castles');
insert into stadium_review (gpa, review, stadium_id, created_at, created_by, modified_at, modified_by) values (2, null, 14, '2022-09-07 14:24:30', 'When the Wind Blows', '2022-07-21 15:47:51', 'Donkey Punch');
insert into stadium_review (gpa, review, stadium_id, created_at, created_by, modified_at, modified_by) values (2, 'Nullam varius. Nulla facilisi.', 35, '2023-06-22 08:46:13', 'Fool''s Gold', '2023-06-15 11:48:43', 'Between Heaven and Hell');
insert into stadium_review (gpa, review, stadium_id, created_at, created_by, modified_at, modified_by) values (3, null, 32, '2022-09-17 05:29:51', 'Happy Endings', '2022-11-01 13:46:35', 'Dennis the Menace');
insert into stadium_review (gpa, review, stadium_id, created_at, created_by, modified_at, modified_by) values (4, 'Morbi a ipsum. Integer a nibh.', 1, '2023-07-13 01:56:19', 'Chinese Take-Out (Chinese Take-Away) (Un cuento chino)', '2022-11-04 02:19:39', 'Glimpse Inside the Mind of Charles Swan III, A');
insert into stadium_review (gpa, review, stadium_id, created_at, created_by, modified_at, modified_by) values (2, null, 34, '2023-04-03 00:59:02', 'Perfect Blue', '2023-01-05 20:35:17', 'Stormbreaker (Alex Rider: Operation Stormbreaker)');
insert into stadium_review (gpa, review, stadium_id, created_at, created_by, modified_at, modified_by) values (1, 'Integer a nibh. In quis justo.', 42, '2023-03-30 08:19:23', 'Pop Redemption', '2023-01-03 10:53:44', 'Monsieur Ibrahim (Monsieur Ibrahim et les fleurs du Coran)');
insert into stadium_review (gpa, review, stadium_id, created_at, created_by, modified_at, modified_by) values (5, 'Nam dui.', 44, '2022-12-06 18:40:00', 'Lesson Plan ', '2022-08-20 01:36:18', 'Lion''s Den (Leonera)');
insert into stadium_review (gpa, review, stadium_id, created_at, created_by, modified_at, modified_by) values (2, 'In sagittis dui vel nisl.', 45, '2023-02-12 21:04:18', 'G.I. Joe: The Revenge of Cobra', '2023-07-16 12:01:17', 'Swing Time');
insert into stadium_review (gpa, review, stadium_id, created_at, created_by, modified_at, modified_by) values (1, 'Nullam sit amet turpis elementum ligula vehicula consequat. Morbi a ipsum.', 33, '2022-07-18 01:49:43', 'Snake of June, A (Rokugatsu no hebi)', '2022-10-06 20:27:10', 'Bordertown');
insert into stadium_review (gpa, review, stadium_id, created_at, created_by, modified_at, modified_by) values (2, 'Nunc purus.', 32, '2023-06-24 14:19:20', '41-Year-Old Virgin Who Knocked Up Sarah Marshall and Felt Superbad About It, The', '2022-12-18 14:57:31', 'Laws of Attraction');
insert into stadium_review (gpa, review, stadium_id, created_at, created_by, modified_at, modified_by) values (1, null, 17, '2022-12-20 16:02:23', 'Trip to Bountiful, The', '2023-07-02 14:57:07', 'Awakenings');
insert into stadium_review (gpa, review, stadium_id, created_at, created_by, modified_at, modified_by) values (1, null, 28, '2023-04-29 10:29:47', 'Putney Swope', '2023-04-03 20:49:29', 'Monkey''s Teeth (Dents du singe, Les)');
insert into stadium_review (gpa, review, stadium_id, created_at, created_by, modified_at, modified_by) values (4, 'Morbi non quam nec dui luctus rutrum. Nulla tellus.', 30, '2023-05-09 02:53:20', 'Nick Fury: Agent of S.H.I.E.L.D.', '2023-07-01 01:55:26', 'Rulers of the City');
insert into stadium_review (gpa, review, stadium_id, created_at, created_by, modified_at, modified_by) values (3, 'Donec ut dolor.', 9, '2023-05-26 23:59:08', 'Proof', '2022-08-20 03:23:20', 'Whatever');
insert into stadium_review (gpa, review, stadium_id, created_at, created_by, modified_at, modified_by) values (5, 'Integer pede justo, lacinia eget, tincidunt eget, tempus vel, pede.', 35, '2022-08-14 14:30:53', 'Design for Living', '2022-09-21 06:52:29', 'Austenland');
insert into stadium_review (gpa, review, stadium_id, created_at, created_by, modified_at, modified_by) values (1, 'Nullam molestie nibh in lectus.', 4, '2023-04-01 07:58:02', 'Margaret Thatcher: The Long Walk to Finchley', '2022-08-02 16:54:07', 'Season of the Witch (Hungry Wives) (Jack''s Wife)');
insert into stadium_review (gpa, review, stadium_id, created_at, created_by, modified_at, modified_by) values (5, 'Quisque id justo sit amet sapien dignissim vestibulum.', 48, '2023-01-05 19:14:05', 'Beyond Hypothermia (Sip si 32 doe)', '2023-03-22 19:29:11', 'Falling Up');
insert into stadium_review (gpa, review, stadium_id, created_at, created_by, modified_at, modified_by) values (1, null, 4, '2022-08-10 12:11:27', 'Scar, The (Blizna)', '2022-08-19 04:00:31', 'Station, The (Blutgletscher)');
insert into stadium_review (gpa, review, stadium_id, created_at, created_by, modified_at, modified_by) values (2, null, 28, '2023-01-29 05:55:15', 'Dungeon Masters, The', '2022-08-10 02:00:26', 'Food of the Gods, The');
insert into stadium_review (gpa, review, stadium_id, created_at, created_by, modified_at, modified_by) values (5, null, 39, '2023-06-08 16:19:51', 'Samurai III: Duel on Ganryu Island (a.k.a. Bushido) (Miyamoto Musashi kanketsuhen: kettô Ganryûjima)', '2023-05-31 01:32:00', 'Mirror Mirror');
insert into stadium_review (gpa, review, stadium_id, created_at, created_by, modified_at, modified_by) values (5, null, 46, '2023-02-01 05:24:23', 'Miracle', '2022-11-25 03:46:17', 'Browning Version, The');
insert into stadium_review (gpa, review, stadium_id, created_at, created_by, modified_at, modified_by) values (5, null, 35, '2023-05-30 23:31:35', 'Dead Men Tell', '2022-10-08 14:00:38', 'Fritz the Cat');
insert into stadium_review (gpa, review, stadium_id, created_at, created_by, modified_at, modified_by) values (1, 'In est risus, auctor sed, tristique in, tempus sit amet, sem. Fusce consequat.', 5, '2023-05-14 13:21:36', 'Prize of Peril, The (Prix du danger, Le)', '2022-08-11 19:23:31', 'Hotline');
insert into stadium_review (gpa, review, stadium_id, created_at, created_by, modified_at, modified_by) values (1, 'Etiam vel augue. Vestibulum rutrum rutrum neque.', 2, '2023-05-29 06:56:50', 'Ramona and Beezus', '2022-11-22 01:12:21', 'Outsider');
insert into stadium_review (gpa, review, stadium_id, created_at, created_by, modified_at, modified_by) values (4, 'Duis at velit eu est congue elementum. In hac habitasse platea dictumst.', 48, '2023-01-23 13:08:13', 'Step Up 3D', '2023-04-28 16:39:49', 'Mean Guns');
insert into stadium_review (gpa, review, stadium_id, created_at, created_by, modified_at, modified_by) values (5, 'Lorem ipsum dolor sit amet, consectetuer adipiscing elit.', 21, '2023-02-09 21:54:04', 'Inquire Within', '2022-11-07 19:35:42', 'House of Angels (Änglagård)');
insert into stadium_review (gpa, review, stadium_id, created_at, created_by, modified_at, modified_by) values (5, null, 13, '2022-11-24 15:10:29', 'Nirvana', '2022-09-05 13:07:26', 'Story of Xinghua, The (Xinghua san yue tian)');
insert into stadium_review (gpa, review, stadium_id, created_at, created_by, modified_at, modified_by) values (2, 'Morbi quis tortor id nulla ultrices aliquet.', 22, '2022-12-30 08:15:45', 'Bulletproof Monk', '2023-01-18 18:59:11', 'Beethoven''s 5th');
insert into stadium_review (gpa, review, stadium_id, created_at, created_by, modified_at, modified_by) values (3, 'Lorem ipsum dolor sit amet, consectetuer adipiscing elit. Proin interdum mauris non ligula pellentesque ultrices.', 26, '2023-01-26 04:34:39', 'Urban Ghost Story', '2023-07-09 18:00:04', 'Super Fly (Superfly)');
insert into stadium_review (gpa, review, stadium_id, created_at, created_by, modified_at, modified_by) values (3, 'Duis ac nibh.', 21, '2023-05-18 01:01:03', 'Beautiful Girl', '2023-05-07 15:05:27', 'Kids Are All Right, The');
insert into stadium_review (gpa, review, stadium_id, created_at, created_by, modified_at, modified_by) values (4, 'Aenean fermentum. Donec ut mauris eget massa tempor convallis.', 23, '2023-05-07 10:37:51', 'In the Mirror of Maya Deren (Im Spiegel der Maya Deren)', '2023-01-05 15:46:04', 'Where Angels Go, Trouble Follows');
insert into stadium_review (gpa, review, stadium_id, created_at, created_by, modified_at, modified_by) values (1, null, 1, '2023-06-22 09:05:55', 'Robin Hood', '2023-05-23 03:58:02', 'One Percent, The');
insert into stadium_review (gpa, review, stadium_id, created_at, created_by, modified_at, modified_by) values (5, 'Vestibulum ante ipsum primis in faucibus orci luctus et ultrices posuere cubilia Curae; Nulla dapibus dolor vel est. Donec odio justo, sollicitudin ut, suscipit a, feugiat et, eros.', 40, '2023-04-23 22:57:56', 'Wonder Man', '2023-04-15 19:29:36', 'Grand Prix');
insert into stadium_review (gpa, review, stadium_id, created_at, created_by, modified_at, modified_by) values (2, 'In est risus, auctor sed, tristique in, tempus sit amet, sem. Fusce consequat.', 22, '2022-11-25 15:07:33', 'The Frame', '2023-06-12 03:23:50', 'Evil Dead');
insert into stadium_review (gpa, review, stadium_id, created_at, created_by, modified_at, modified_by) values (2, null, 21, '2023-01-22 21:54:08', 'More Than a Game', '2023-03-25 20:26:22', 'Itinerary of a Spoiled Child');
insert into stadium_review (gpa, review, stadium_id, created_at, created_by, modified_at, modified_by) values (5, null, 43, '2023-05-17 20:57:17', 'The Swedish Moment', '2022-09-26 22:51:27', 'Eagle vs Shark');
insert into stadium_review (gpa, review, stadium_id, created_at, created_by, modified_at, modified_by) values (2, 'Sed ante.', 36, '2023-02-23 04:32:38', 'Doll Squad, The', '2023-01-27 22:13:11', 'Rustlers'' Rhapsody');
insert into stadium_review (gpa, review, stadium_id, created_at, created_by, modified_at, modified_by) values (3, 'Nulla tellus. In sagittis dui vel nisl.', 4, '2022-11-28 19:53:33', 'Arabian Nights', '2022-10-23 01:35:29', 'Lupin III: The Castle Of Cagliostro (Rupan sansei: Kariosutoro no shiro)');
insert into stadium_review (gpa, review, stadium_id, created_at, created_by, modified_at, modified_by) values (5, null, 2, '2023-02-20 15:14:40', 'Incendies', '2022-12-21 10:41:02', 'Don''t Stop Believin'': Everyman''s Journey');
insert into stadium_review (gpa, review, stadium_id, created_at, created_by, modified_at, modified_by) values (2, null, 9, '2022-08-02 06:15:27', 'Corto Maltese: Under the Sign of Capricorn (Sous le signe du capricorne)', '2022-10-19 00:17:35', 'Passion');
insert into stadium_review (gpa, review, stadium_id, created_at, created_by, modified_at, modified_by) values (4, 'Vestibulum ante ipsum primis in faucibus orci luctus et ultrices posuere cubilia Curae; Duis faucibus accumsan odio.', 24, '2022-07-25 21:56:17', 'Andalusian Dog, An (Chien andalou, Un)', '2022-11-20 11:46:58', 'Did You Hear About the Morgans?');
insert into stadium_review (gpa, review, stadium_id, created_at, created_by, modified_at, modified_by) values (2, 'Nam dui.', 35, '2022-12-22 02:39:32', 'Boogie-Doodle', '2022-12-20 15:15:56', 'Phone Call from a Stranger');
insert into stadium_review (gpa, review, stadium_id, created_at, created_by, modified_at, modified_by) values (2, 'Nulla nisl.', 37, '2023-07-11 23:27:48', 'Dragon Missile, The (Fei long zhan)', '2022-11-09 13:14:11', 'As You Like It');
insert into stadium_review (gpa, review, stadium_id, created_at, created_by, modified_at, modified_by) values (2, null, 34, '2022-11-08 05:16:54', 'Hamlet', '2023-05-10 13:12:59', 'First a Girl');
insert into stadium_review (gpa, review, stadium_id, created_at, created_by, modified_at, modified_by) values (4, 'Vestibulum sed magna at nunc commodo placerat.', 40, '2022-10-20 02:57:43', '13th Warrior, The', '2023-04-01 17:58:04', 'Hobson''s Choice');
insert into stadium_review (gpa, review, stadium_id, created_at, created_by, modified_at, modified_by) values (2, null, 16, '2023-07-13 14:45:06', 'Chopper Chicks in Zombietown', '2023-01-21 23:14:55', 'Ip Man');
insert into stadium_review (gpa, review, stadium_id, created_at, created_by, modified_at, modified_by) values (1, null, 8, '2023-03-07 22:12:05', 'MC5: Kick Out the Jams', '2022-12-04 23:14:08', 'Goliyon Ki Raasleela Ram-Leela');
insert into stadium_review (gpa, review, stadium_id, created_at, created_by, modified_at, modified_by) values (4, null, 30, '2022-07-25 16:34:20', 'Into the White (Cross of Honour)', '2022-11-27 00:18:29', 'Keep Your Right Up');
insert into stadium_review (gpa, review, stadium_id, created_at, created_by, modified_at, modified_by) values (1, null, 2, '2023-07-17 00:28:24', '30 Days of Night', '2022-11-05 11:09:28', 'Break-Up, The');
insert into stadium_review (gpa, review, stadium_id, created_at, created_by, modified_at, modified_by) values (5, 'Vivamus vestibulum sagittis sapien. Cum sociis natoque penatibus et magnis dis parturient montes, nascetur ridiculus mus.', 11, '2023-03-18 17:03:56', 'Poison', '2023-05-13 23:40:49', 'The Raid 2: Berandal');
insert into stadium_review (gpa, review, stadium_id, created_at, created_by, modified_at, modified_by) values (5, null, 34, '2023-03-15 22:38:04', 'Gambit', '2022-12-31 14:02:03', 'Billy Bathgate');
insert into stadium_review (gpa, review, stadium_id, created_at, created_by, modified_at, modified_by) values (5, null, 5, '2022-09-04 02:45:25', 'Dyatlov Pass Incident, The (Devil''s Pass)', '2022-11-18 21:07:45', '10 Mountains 10 Years');
insert into stadium_review (gpa, review, stadium_id, created_at, created_by, modified_at, modified_by) values (3, null, 37, '2022-11-04 12:12:00', 'Bullet Ballet', '2023-04-30 19:53:01', 'Desert of the Tartars, The (Deserto dei Tartari, Il)');
insert into stadium_review (gpa, review, stadium_id, created_at, created_by, modified_at, modified_by) values (1, 'Cras mi pede, malesuada in, imperdiet et, commodo vulputate, justo. In blandit ultrices enim.', 6, '2022-12-11 04:06:31', 'Animatrix, The', '2023-05-05 18:49:42', 'Triplets of Belleville, The (Les triplettes de Belleville)');
insert into stadium_review (gpa, review, stadium_id, created_at, created_by, modified_at, modified_by) values (5, 'Maecenas tincidunt lacus at velit. Vivamus vel nulla eget eros elementum pellentesque.', 25, '2023-05-13 02:37:48', 'Rebirth of Mothra II', '2023-04-20 11:33:37', 'Trip to the Moon, A (Voyage dans la lune, Le)');
insert into stadium_review (gpa, review, stadium_id, created_at, created_by, modified_at, modified_by) values (1, 'Fusce congue, diam id ornare imperdiet, sapien urna pretium nisl, ut volutpat sapien arcu sed augue. Aliquam erat volutpat.', 9, '2023-01-22 08:19:18', 'Sebastian', '2023-04-20 05:54:38', 'Projectionist, The');
insert into stadium_review (gpa, review, stadium_id, created_at, created_by, modified_at, modified_by) values (1, null, 7, '2023-01-08 22:28:02', 'Big Bad Love', '2023-06-01 17:03:14', 'Tears of April (Käsky)');
insert into stadium_review (gpa, review, stadium_id, created_at, created_by, modified_at, modified_by) values (3, 'Suspendisse ornare consequat lectus. In est risus, auctor sed, tristique in, tempus sit amet, sem.', 22, '2023-01-26 19:02:50', 'Faces of Schlock', '2023-04-13 14:57:28', 'Elvis on Tour');
insert into stadium_review (gpa, review, stadium_id, created_at, created_by, modified_at, modified_by) values (5, null, 15, '2023-01-31 21:27:46', 'Satan''s Tango (Sátántangó)', '2023-04-10 06:20:33', 'Mayday at 40,000 Feet!');
insert into stadium_review (gpa, review, stadium_id, created_at, created_by, modified_at, modified_by) values (4, 'In eleifend quam a odio.', 38, '2022-12-29 16:08:05', 'Bella', '2022-08-11 22:21:29', 'The Power and the Glory');
insert into stadium_review (gpa, review, stadium_id, created_at, created_by, modified_at, modified_by) values (5, 'Donec vitae nisi.', 41, '2022-11-12 18:43:35', 'Love Affair', '2023-07-10 09:48:01', 'Green Room, The (a.k.a. Vanishing Fiancee) (La chambre verte)');
insert into stadium_review (gpa, review, stadium_id, created_at, created_by, modified_at, modified_by) values (4, 'Quisque ut erat.', 32, '2023-03-14 02:42:21', 'Thousand Cuts, A', '2023-03-05 12:44:10', 'Reno 911!: Miami');
insert into stadium_review (gpa, review, stadium_id, created_at, created_by, modified_at, modified_by) values (3, null, 3, '2023-01-11 18:14:19', 'Within the Woods', '2023-07-09 06:03:28', 'Groundhog Day');
insert into stadium_review (gpa, review, stadium_id, created_at, created_by, modified_at, modified_by) values (2, null, 17, '2022-11-06 21:37:50', 'Masked & Anonymous', '2023-03-26 17:53:55', 'Simon');
insert into stadium_review (gpa, review, stadium_id, created_at, created_by, modified_at, modified_by) values (4, 'Nullam sit amet turpis elementum ligula vehicula consequat.', 12, '2023-06-27 22:55:23', 'L!fe Happens', '2023-06-04 05:43:39', 'American, The');
insert into stadium_review (gpa, review, stadium_id, created_at, created_by, modified_at, modified_by) values (4, 'Quisque erat eros, viverra eget, congue eget, semper rutrum, nulla.', 42, '2023-06-23 04:48:42', 'Around the World in 80 Days', '2022-09-08 21:12:06', 'Five Dedicated to Ozu');
insert into stadium_review (gpa, review, stadium_id, created_at, created_by, modified_at, modified_by) values (5, 'Nunc nisl. Duis bibendum, felis sed interdum venenatis, turpis enim blandit mi, in porttitor pede justo eu massa.', 13, '2023-07-16 14:50:11', 'Secret Window', '2023-07-01 10:47:46', 'Metalhead (Málmhaus)');
insert into stadium_review (gpa, review, stadium_id, created_at, created_by, modified_at, modified_by) values (2, null, 19, '2023-04-19 10:16:00', 'Tokyo Fiancée', '2023-03-19 03:24:41', 'My Sassy Girl (Yeopgijeogin geunyeo)');
insert into stadium_review (gpa, review, stadium_id, created_at, created_by, modified_at, modified_by) values (1, 'Maecenas rhoncus aliquam lacus. Morbi quis tortor id nulla ultrices aliquet.', 39, '2022-12-19 08:06:10', 'Jazz', '2023-06-14 16:20:20', 'Lonely Hearts');
insert into stadium_review (gpa, review, stadium_id, created_at, created_by, modified_at, modified_by) values (3, null, 47, '2023-03-22 18:39:11', 'Cold Comes the Night', '2022-10-16 10:45:54', 'Torque');
insert into stadium_review (gpa, review, stadium_id, created_at, created_by, modified_at, modified_by) values (1, 'Morbi non quam nec dui luctus rutrum.', 3, '2022-10-13 04:23:39', 'Getting Go, the Go Doc Project', '2022-12-16 13:10:08', 'Pictures of the Old World (Obrazy starého sveta)');
insert into stadium_review (gpa, review, stadium_id, created_at, created_by, modified_at, modified_by) values (3, null, 40, '2023-07-04 22:15:35', 'Submarino', '2022-11-27 10:41:57', 'Where Angels Fear to Tread');
insert into stadium_review (gpa, review, stadium_id, created_at, created_by, modified_at, modified_by) values (4, 'Integer a nibh. In quis justo.', 14, '2022-08-27 16:19:37', 'My Perestroika', '2023-06-21 15:49:10', 'Last Hurrah for Chivalry (Hao xia)');
insert into stadium_review (gpa, review, stadium_id, created_at, created_by, modified_at, modified_by) values (5, 'Aliquam augue quam, sollicitudin vitae, consectetuer eget, rutrum at, lorem. Integer tincidunt ante vel ipsum.', 44, '2022-09-03 09:34:02', 'Clash of the Wolves', '2023-03-13 05:32:35', 'Boys Next Door, The');
insert into stadium_review (gpa, review, stadium_id, created_at, created_by, modified_at, modified_by) values (2, 'Cras in purus eu magna vulputate luctus.', 10, '2022-11-20 08:28:42', 'Jamesy Boy', '2023-01-28 13:30:28', 'Ned Kelly');
insert into stadium_review (gpa, review, stadium_id, created_at, created_by, modified_at, modified_by) values (5, 'Suspendisse potenti. Nullam porttitor lacus at turpis.', 20, '2023-02-12 18:19:10', 'Operator 13', '2022-10-28 07:11:40', 'Among Giants');
insert into stadium_review (gpa, review, stadium_id, created_at, created_by, modified_at, modified_by) values (1, 'Duis bibendum. Morbi non quam nec dui luctus rutrum.', 26, '2022-09-28 22:05:12', 'Wartorn: 1861-2010', '2023-04-08 17:02:58', 'Rocketeer, The');
insert into stadium_review (gpa, review, stadium_id, created_at, created_by, modified_at, modified_by) values (3, null, 38, '2022-07-22 03:59:23', 'The French Kissers', '2023-06-11 23:40:01', 'Huhwihaji Anha (No Regret)');
insert into stadium_review (gpa, review, stadium_id, created_at, created_by, modified_at, modified_by) values (5, null, 35, '2023-07-01 20:41:10', 'Naan Kadavul', '2022-10-27 03:57:56', 'Don Juan');
insert into stadium_review (gpa, review, stadium_id, created_at, created_by, modified_at, modified_by) values (5, 'Fusce consequat. Nulla nisl.', 44, '2022-08-19 15:01:01', 'Medicine Man', '2022-08-29 05:21:05', 'Scanners II: The New Order');
insert into stadium_review (gpa, review, stadium_id, created_at, created_by, modified_at, modified_by) values (4, 'Nulla ac enim. In tempor, turpis nec euismod scelerisque, quam turpis adipiscing lorem, vitae mattis nibh ligula nec sem.', 1, '2022-11-15 19:06:32', 'Christine Jorgensen Story, The', '2022-09-20 12:49:54', 'Bag of Bones');
insert into stadium_review (gpa, review, stadium_id, created_at, created_by, modified_at, modified_by) values (4, null, 7, '2023-06-15 14:38:35', 'Garden, The', '2023-03-24 18:37:04', 'Delphine 1, Yvan 0');
insert into stadium_review (gpa, review, stadium_id, created_at, created_by, modified_at, modified_by) values (5, 'Fusce congue, diam id ornare imperdiet, sapien urna pretium nisl, ut volutpat sapien arcu sed augue.', 24, '2022-09-06 01:34:43', 'Goalie''s Anxiety at the Penalty Kick, The (Die Angst des Tormanns beim Elfmeter)', '2022-11-21 07:50:25', 'Inquisitor, The (a.k.a. Under Suspicion) (Garde à vue)');
insert into stadium_review (gpa, review, stadium_id, created_at, created_by, modified_at, modified_by) values (2, null, 45, '2023-06-15 17:01:22', 'First Name: Carmen (Prénom Carmen)', '2022-09-25 11:11:27', 'Joker Is Wild, The (All the Way)');
insert into stadium_review (gpa, review, stadium_id, created_at, created_by, modified_at, modified_by) values (3, 'Nam congue, risus semper porta volutpat, quam pede lobortis ligula, sit amet eleifend pede libero quis orci. Nullam molestie nibh in lectus.', 27, '2022-07-22 17:25:56', 'Nick Carter, Master Detective', '2022-08-02 18:15:17', 'Independence Day (a.k.a. ID4)');
insert into stadium_review (gpa, review, stadium_id, created_at, created_by, modified_at, modified_by) values (4, 'Phasellus sit amet erat.', 47, '2022-09-11 20:00:46', 'Ingmar Bergman Makes a Movie (Ingmar Bergman gör en film)', '2022-08-05 10:58:20', 'Spend It All');
insert into stadium_review (gpa, review, stadium_id, created_at, created_by, modified_at, modified_by) values (1, 'In est risus, auctor sed, tristique in, tempus sit amet, sem. Fusce consequat.', 46, '2023-01-24 20:53:01', 'Free Radicals (Böse Zellen)', '2023-01-08 06:04:29', 'Forced Vengeance');
insert into stadium_review (gpa, review, stadium_id, created_at, created_by, modified_at, modified_by) values (5, null, 22, '2023-01-30 17:08:49', 'Murder on a Honeymoon', '2022-08-27 13:09:43', 'Mother India');
insert into stadium_review (gpa, review, stadium_id, created_at, created_by, modified_at, modified_by) values (2, null, 19, '2022-12-07 09:14:00', 'Dirty Pictures', '2022-12-23 05:02:17', 'Legend of Zorro, The');
insert into stadium_review (gpa, review, stadium_id, created_at, created_by, modified_at, modified_by) values (5, 'Aenean auctor gravida sem. Praesent id massa id nisl venenatis lacinia.', 2, '2022-10-14 16:36:47', 'It''s a Boy Girl Thing', '2023-07-16 01:15:58', 'River''s Edge');
insert into stadium_review (gpa, review, stadium_id, created_at, created_by, modified_at, modified_by) values (4, null, 17, '2022-10-31 07:40:31', 'Kanchenjungha', '2023-03-21 01:00:16', 'Inseparable');
insert into stadium_review (gpa, review, stadium_id, created_at, created_by, modified_at, modified_by) values (2, 'Integer ac neque. Duis bibendum.', 26, '2022-12-19 15:20:11', 'Little Fauss and Big Halsy', '2022-09-29 01:38:38', 'Interceptor');
insert into stadium_review (gpa, review, stadium_id, created_at, created_by, modified_at, modified_by) values (3, null, 26, '2022-08-18 11:13:21', 'Double Trouble', '2023-01-25 09:23:43', 'Head Over Heels');
insert into stadium_review (gpa, review, stadium_id, created_at, created_by, modified_at, modified_by) values (2, 'Aliquam non mauris. Morbi non lectus.', 38, '2022-12-10 08:53:04', 'Presumed Guilty (Presunto culpable)', '2023-03-13 01:32:23', 'Whitecoats');
insert into stadium_review (gpa, review, stadium_id, created_at, created_by, modified_at, modified_by) values (5, null, 34, '2022-12-05 13:35:22', 'Flowers of Shanghai (Hai shang hua)', '2023-05-25 03:00:43', 'Ama lur (Tierra Madre)');
insert into stadium_review (gpa, review, stadium_id, created_at, created_by, modified_at, modified_by) values (5, 'Fusce consequat. Nulla nisl.', 3, '2023-06-06 13:12:09', 'Lo', '2022-10-31 00:21:35', 'Being There');
insert into stadium_review (gpa, review, stadium_id, created_at, created_by, modified_at, modified_by) values (4, null, 1, '2023-05-09 08:47:51', 'My Favorite Wife', '2023-03-28 06:58:18', 'Mouse Hunt');
insert into stadium_review (gpa, review, stadium_id, created_at, created_by, modified_at, modified_by) values (5, 'Morbi vestibulum, velit id pretium iaculis, diam erat fermentum justo, nec condimentum neque sapien placerat ante.', 15, '2023-04-01 02:55:18', 'Lucky', '2023-06-25 20:43:16', 'Love (Szerelem)');
insert into stadium_review (gpa, review, stadium_id, created_at, created_by, modified_at, modified_by) values (1, null, 4, '2023-03-01 18:14:58', 'Cairo Time', '2023-02-07 04:34:05', 'Lipstick');
insert into stadium_review (gpa, review, stadium_id, created_at, created_by, modified_at, modified_by) values (1, 'In hac habitasse platea dictumst.', 29, '2023-06-14 18:00:46', '24 Hour Woman, The', '2023-06-08 04:32:40', 'The Hire: Hostage');
insert into stadium_review (gpa, review, stadium_id, created_at, created_by, modified_at, modified_by) values (1, 'Morbi quis tortor id nulla ultrices aliquet.', 21, '2023-06-07 12:16:39', 'Fear', '2022-09-02 19:20:39', 'Stakeout on Dope Street');
insert into stadium_review (gpa, review, stadium_id, created_at, created_by, modified_at, modified_by) values (1, 'Sed accumsan felis. Ut at dolor quis odio consequat varius.', 45, '2022-12-09 02:21:12', 'Witches, The', '2022-10-29 17:31:24', 'This Is Spinal Tap');
insert into stadium_review (gpa, review, stadium_id, created_at, created_by, modified_at, modified_by) values (4, 'Sed ante.', 3, '2023-05-03 15:14:33', 'Far and Away', '2022-12-20 16:18:03', 'Beethoven''s 5th');
insert into stadium_review (gpa, review, stadium_id, created_at, created_by, modified_at, modified_by) values (5, 'Duis at velit eu est congue elementum. In hac habitasse platea dictumst.', 49, '2022-08-24 01:02:09', 'Bomb It', '2023-02-10 20:04:00', 'Zorn''s Lemma');
insert into stadium_review (gpa, review, stadium_id, created_at, created_by, modified_at, modified_by) values (1, 'Quisque id justo sit amet sapien dignissim vestibulum.', 20, '2023-05-12 02:42:18', 'Film Geek', '2022-08-12 23:55:40', 'The Law of the Weakest');
insert into stadium_review (gpa, review, stadium_id, created_at, created_by, modified_at, modified_by) values (2, 'Nunc purus. Phasellus in felis.', 35, '2022-11-03 11:55:13', 'Saltmen of Tibet, The (Salzmänner von Tibet, Die)', '2022-10-05 05:13:30', 'Hell to Eternity');
insert into stadium_review (gpa, review, stadium_id, created_at, created_by, modified_at, modified_by) values (2, null, 32, '2022-09-21 03:24:18', 'Elementary Particles, The (Elementarteilchen)', '2023-05-11 02:15:17', 'Tomb, The');
insert into stadium_review (gpa, review, stadium_id, created_at, created_by, modified_at, modified_by) values (4, 'Mauris lacinia sapien quis libero.', 26, '2023-01-03 08:58:54', 'Article 99', '2022-07-30 14:56:46', 'Gods Must Be Crazy III, The (a.k.a. Crazy Safari) (Fei zhou he shang)');
insert into stadium_review (gpa, review, stadium_id, created_at, created_by, modified_at, modified_by) values (5, 'Etiam faucibus cursus urna. Ut tellus.', 5, '2022-08-28 06:29:40', 'Clay Bird, The (Matir moina)', '2023-01-26 11:37:59', 'Out of Life (Hors la vie)');
insert into stadium_review (gpa, review, stadium_id, created_at, created_by, modified_at, modified_by) values (5, null, 27, '2022-12-21 05:56:02', 'a/k/a Tommy Chong', '2023-07-17 10:43:43', 'Just Add Water');
insert into stadium_review (gpa, review, stadium_id, created_at, created_by, modified_at, modified_by) values (3, 'Fusce consequat.', 8, '2022-09-03 12:17:58', 'Day the Earth Caught Fire, The', '2022-08-17 04:37:45', 'Sweetwater');
insert into stadium_review (gpa, review, stadium_id, created_at, created_by, modified_at, modified_by) values (1, null, 16, '2023-03-21 02:35:24', 'Titus', '2023-04-04 00:16:34', 'Patriot, The');
insert into stadium_review (gpa, review, stadium_id, created_at, created_by, modified_at, modified_by) values (3, 'Vestibulum ac est lacinia nisi venenatis tristique.', 48, '2023-05-19 11:24:41', 'Nobody Knows Anything!', '2022-11-08 13:32:32', 'Winslow Boy, The');
insert into stadium_review (gpa, review, stadium_id, created_at, created_by, modified_at, modified_by) values (2, null, 1, '2022-11-07 12:21:36', 'War Wagon, The', '2023-01-12 23:22:08', 'Lone Star');
insert into stadium_review (gpa, review, stadium_id, created_at, created_by, modified_at, modified_by) values (2, null, 45, '2022-08-18 15:34:27', 'Texas Chainsaw Massacre, The', '2022-10-20 17:48:04', 'Will');
insert into stadium_review (gpa, review, stadium_id, created_at, created_by, modified_at, modified_by) values (2, 'Etiam pretium iaculis justo. In hac habitasse platea dictumst.', 8, '2023-05-17 01:42:34', 'Legend of Lylah Clare, The', '2023-06-18 07:38:35', 'Easy Virtue');
insert into stadium_review (gpa, review, stadium_id, created_at, created_by, modified_at, modified_by) values (3, 'In eleifend quam a odio.', 41, '2022-08-22 10:10:17', 'Piter FM', '2023-04-29 20:16:18', 'Grass');
insert into stadium_review (gpa, review, stadium_id, created_at, created_by, modified_at, modified_by) values (2, null, 16, '2022-11-30 11:07:23', 'Les invincibles', '2022-09-09 08:16:19', 'L.A. Story');
insert into stadium_review (gpa, review, stadium_id, created_at, created_by, modified_at, modified_by) values (3, null, 24, '2023-01-08 17:26:54', 'Welcome to the Jungle', '2023-06-11 10:25:05', 'Forgetting the Girl');
insert into stadium_review (gpa, review, stadium_id, created_at, created_by, modified_at, modified_by) values (5, 'Donec ut mauris eget massa tempor convallis. Nulla neque libero, convallis eget, eleifend luctus, ultricies eu, nibh.', 42, '2023-06-12 16:56:14', 'Talent Given Us, The', '2022-08-04 11:35:23', 'Commandos Strike at Dawn');

--matching_record
insert into matching_record (team1_id, team2_id, stadium_id, field_id, confirm_date, matching_date, start_time, end_time, confirm, all_rental, t1evalt2, t2evalt1, t1evalsta, t2evalsta) values (80, 19, 34, 119, '2023-04-09 02:54:10', '2023-01-31 03:08:42', '2023-05-25 11:09:47', '2023-01-26 08:29:27', false, true, true, false, false, true);
insert into matching_record (team1_id, team2_id, stadium_id, field_id, confirm_date, matching_date, start_time, end_time, confirm, all_rental, t1evalt2, t2evalt1, t1evalsta, t2evalsta) values (30, 61, 31, 123, '2023-04-20 00:37:01', '2022-12-17 18:03:30', '2023-04-16 22:58:50', '2023-04-22 22:47:40', true, true, true, true, true, false);
insert into matching_record (team1_id, team2_id, stadium_id, field_id, confirm_date, matching_date, start_time, end_time, confirm, all_rental, t1evalt2, t2evalt1, t1evalsta, t2evalsta) values (9, 26, 41, 7, '2023-01-10 21:43:11', '2022-12-17 18:59:05', '2022-12-13 09:38:21', '2023-06-24 12:20:10', true, false, false, true, true, false);
insert into matching_record (team1_id, team2_id, stadium_id, field_id, confirm_date, matching_date, start_time, end_time, confirm, all_rental, t1evalt2, t2evalt1, t1evalsta, t2evalsta) values (7, 71, 24, 45, '2023-03-05 02:41:33', '2023-01-19 20:47:37', '2023-04-17 08:33:46', '2023-02-23 14:20:03', false, false, true, true, false, false);
insert into matching_record (team1_id, team2_id, stadium_id, field_id, confirm_date, matching_date, start_time, end_time, confirm, all_rental, t1evalt2, t2evalt1, t1evalsta, t2evalsta) values (16, 7, 46, 53, '2022-11-05 07:53:51', '2022-07-23 09:51:52', '2023-03-18 01:14:16', '2023-06-14 20:27:59', true, true, true, true, false, false);
insert into matching_record (team1_id, team2_id, stadium_id, field_id, confirm_date, matching_date, start_time, end_time, confirm, all_rental, t1evalt2, t2evalt1, t1evalsta, t2evalsta) values (30, 7, 31, 48, '2023-06-26 20:50:28', '2023-04-04 15:47:26', '2023-07-05 15:02:40', '2022-12-26 14:27:16', false, false, false, true, false, true);
insert into matching_record (team1_id, team2_id, stadium_id, field_id, confirm_date, matching_date, start_time, end_time, confirm, all_rental, t1evalt2, t2evalt1, t1evalsta, t2evalsta) values (19, 1, 10, 2, '2022-11-11 15:15:03', '2023-03-31 01:01:33', '2022-07-20 08:41:59', '2023-04-19 01:45:24', true, false, false, true, false, true);
insert into matching_record (team1_id, team2_id, stadium_id, field_id, confirm_date, matching_date, start_time, end_time, confirm, all_rental, t1evalt2, t2evalt1, t1evalsta, t2evalsta) values (32, 40, 48, 62, '2023-04-16 07:16:57', '2023-07-08 20:16:36', '2023-03-28 11:24:47', '2023-04-12 06:12:46', true, true, false, false, false, false);
insert into matching_record (team1_id, team2_id, stadium_id, field_id, confirm_date, matching_date, start_time, end_time, confirm, all_rental, t1evalt2, t2evalt1, t1evalsta, t2evalsta) values (31, 69, 16, 110, '2023-04-16 00:55:55', '2022-08-29 11:45:59', '2022-11-22 09:19:52', '2023-02-05 05:06:42', true, true, true, true, false, true);
insert into matching_record (team1_id, team2_id, stadium_id, field_id, confirm_date, matching_date, start_time, end_time, confirm, all_rental, t1evalt2, t2evalt1, t1evalsta, t2evalsta) values (10, 29, 12, 114, '2023-04-17 11:15:46', '2023-06-14 02:40:55', '2023-04-02 19:56:34', '2022-08-06 14:46:26', true, false, false, true, true, false);
insert into matching_record (team1_id, team2_id, stadium_id, field_id, confirm_date, matching_date, start_time, end_time, confirm, all_rental, t1evalt2, t2evalt1, t1evalsta, t2evalsta) values (27, 60, 36, 59, '2022-08-21 18:55:07', '2023-05-08 19:36:03', '2022-09-22 19:57:59', '2022-09-26 18:05:02', true, true, true, true, true, true);
insert into matching_record (team1_id, team2_id, stadium_id, field_id, confirm_date, matching_date, start_time, end_time, confirm, all_rental, t1evalt2, t2evalt1, t1evalsta, t2evalsta) values (78, 1, 6, 134, '2023-05-12 20:52:35', '2023-06-29 17:37:10', '2023-01-04 09:51:02', '2022-12-03 14:28:19', true, false, true, true, false, false);
insert into matching_record (team1_id, team2_id, stadium_id, field_id, confirm_date, matching_date, start_time, end_time, confirm, all_rental, t1evalt2, t2evalt1, t1evalsta, t2evalsta) values (54, 1, 47, 103, '2022-09-17 14:13:35', '2022-12-07 03:53:37', '2023-04-23 12:39:05', '2022-10-08 13:10:28', true, false, true, false, true, true);
insert into matching_record (team1_id, team2_id, stadium_id, field_id, confirm_date, matching_date, start_time, end_time, confirm, all_rental, t1evalt2, t2evalt1, t1evalsta, t2evalsta) values (22, 28, 13, 34, '2022-12-24 19:35:15', '2023-01-09 20:34:26', '2022-08-24 17:57:34', '2023-03-19 04:27:52', false, true, false, false, false, true);
insert into matching_record (team1_id, team2_id, stadium_id, field_id, confirm_date, matching_date, start_time, end_time, confirm, all_rental, t1evalt2, t2evalt1, t1evalsta, t2evalsta) values (57, 16, 42, 106, '2023-03-01 04:27:43', '2023-01-01 20:55:36', '2022-11-14 06:34:53', '2023-02-26 13:05:07', false, false, true, false, false, false);
insert into matching_record (team1_id, team2_id, stadium_id, field_id, confirm_date, matching_date, start_time, end_time, confirm, all_rental, t1evalt2, t2evalt1, t1evalsta, t2evalsta) values (49, 18, 43, 7, '2022-11-13 05:03:43', '2023-03-22 03:09:07', '2023-03-02 10:11:50', '2022-11-01 15:44:34', false, true, true, false, false, false);
insert into matching_record (team1_id, team2_id, stadium_id, field_id, confirm_date, matching_date, start_time, end_time, confirm, all_rental, t1evalt2, t2evalt1, t1evalsta, t2evalsta) values (34, 14, 46, 24, '2023-02-20 06:17:51', '2022-11-09 06:11:26', '2022-12-06 15:27:40', '2023-03-27 11:09:44', false, false, false, true, true, true);
insert into matching_record (team1_id, team2_id, stadium_id, field_id, confirm_date, matching_date, start_time, end_time, confirm, all_rental, t1evalt2, t2evalt1, t1evalsta, t2evalsta) values (60, 57, 1, 33, '2023-04-12 03:51:02', '2022-07-28 19:17:52', '2023-07-03 07:08:12', '2022-10-21 22:42:27', true, false, true, false, false, false);
insert into matching_record (team1_id, team2_id, stadium_id, field_id, confirm_date, matching_date, start_time, end_time, confirm, all_rental, t1evalt2, t2evalt1, t1evalsta, t2evalsta) values (28, 17, 8, 124, '2023-04-13 09:20:28', '2023-02-25 11:36:07', '2023-02-11 23:35:34', '2023-02-06 09:15:16', false, true, true, true, true, true);
insert into matching_record (team1_id, team2_id, stadium_id, field_id, confirm_date, matching_date, start_time, end_time, confirm, all_rental, t1evalt2, t2evalt1, t1evalsta, t2evalsta) values (51, 30, 7, 75, '2022-08-08 01:26:57', '2023-01-22 21:22:12', '2022-10-02 19:37:24', '2022-11-20 11:30:47', false, false, true, false, true, false);
insert into matching_record (team1_id, team2_id, stadium_id, field_id, confirm_date, matching_date, start_time, end_time, confirm, all_rental, t1evalt2, t2evalt1, t1evalsta, t2evalsta) values (62, 42, 44, 115, '2023-01-10 17:51:33', '2023-04-04 11:58:13', '2022-10-01 01:57:10', '2022-08-01 21:53:14', true, true, false, false, false, false);
insert into matching_record (team1_id, team2_id, stadium_id, field_id, confirm_date, matching_date, start_time, end_time, confirm, all_rental, t1evalt2, t2evalt1, t1evalsta, t2evalsta) values (32, 20, 19, 80, '2023-01-19 04:47:32', '2023-03-18 09:40:45', '2023-07-06 12:30:35', '2022-08-10 20:15:38', false, false, false, false, false, true);
insert into matching_record (team1_id, team2_id, stadium_id, field_id, confirm_date, matching_date, start_time, end_time, confirm, all_rental, t1evalt2, t2evalt1, t1evalsta, t2evalsta) values (45, 70, 29, 81, '2022-12-07 00:58:24', '2022-09-08 00:18:31', '2022-08-01 03:18:50', '2022-08-23 17:06:49', false, false, true, true, false, false);
insert into matching_record (team1_id, team2_id, stadium_id, field_id, confirm_date, matching_date, start_time, end_time, confirm, all_rental, t1evalt2, t2evalt1, t1evalsta, t2evalsta) values (44, 74, 31, 93, '2023-03-12 22:26:34', '2023-01-08 18:23:21', '2023-06-22 20:46:19', '2022-09-16 11:08:50', false, true, true, false, false, true);
insert into matching_record (team1_id, team2_id, stadium_id, field_id, confirm_date, matching_date, start_time, end_time, confirm, all_rental, t1evalt2, t2evalt1, t1evalsta, t2evalsta) values (65, 25, 31, 96, '2022-12-15 01:42:16', '2023-01-18 17:47:15', '2023-05-06 23:03:28', '2023-03-16 15:35:17', false, true, true, true, false, true);
insert into matching_record (team1_id, team2_id, stadium_id, field_id, confirm_date, matching_date, start_time, end_time, confirm, all_rental, t1evalt2, t2evalt1, t1evalsta, t2evalsta) values (42, 3, 38, 60, '2022-08-02 17:28:28', '2023-06-22 00:12:00', '2023-06-06 17:35:18', '2023-02-03 06:14:59', false, true, true, false, false, true);
insert into matching_record (team1_id, team2_id, stadium_id, field_id, confirm_date, matching_date, start_time, end_time, confirm, all_rental, t1evalt2, t2evalt1, t1evalsta, t2evalsta) values (61, 21, 13, 115, '2023-04-25 08:30:26', '2023-01-03 05:39:45', '2022-12-24 13:10:30', '2023-01-20 10:27:07', true, true, false, false, false, false);
insert into matching_record (team1_id, team2_id, stadium_id, field_id, confirm_date, matching_date, start_time, end_time, confirm, all_rental, t1evalt2, t2evalt1, t1evalsta, t2evalsta) values (60, 49, 3, 25, '2023-05-25 09:29:05', '2022-12-24 03:24:27', '2022-09-24 07:28:14', '2022-08-30 12:36:58', false, true, false, false, true, false);
insert into matching_record (team1_id, team2_id, stadium_id, field_id, confirm_date, matching_date, start_time, end_time, confirm, all_rental, t1evalt2, t2evalt1, t1evalsta, t2evalsta) values (55, 70, 46, 123, '2023-01-12 07:29:26', '2023-01-26 15:06:16', '2023-02-04 02:29:58', '2022-07-27 05:09:56', false, true, false, true, false, false);
insert into matching_record (team1_id, team2_id, stadium_id, field_id, confirm_date, matching_date, start_time, end_time, confirm, all_rental, t1evalt2, t2evalt1, t1evalsta, t2evalsta) values (28, 19, 42, 74, '2022-10-20 03:05:42', '2022-09-17 06:14:39', '2023-05-05 13:21:04', '2022-12-08 16:17:14', true, true, true, true, true, true);
insert into matching_record (team1_id, team2_id, stadium_id, field_id, confirm_date, matching_date, start_time, end_time, confirm, all_rental, t1evalt2, t2evalt1, t1evalsta, t2evalsta) values (26, 15, 27, 142, '2023-06-04 08:06:21', '2023-01-02 23:58:22', '2022-09-24 16:38:28', '2023-05-19 18:58:12', true, false, true, false, true, false);
insert into matching_record (team1_id, team2_id, stadium_id, field_id, confirm_date, matching_date, start_time, end_time, confirm, all_rental, t1evalt2, t2evalt1, t1evalsta, t2evalsta) values (55, 13, 37, 146, '2022-12-03 21:03:53', '2023-04-16 21:59:43', '2023-07-04 09:08:43', '2022-08-25 10:23:19', true, true, false, true, true, true);
insert into matching_record (team1_id, team2_id, stadium_id, field_id, confirm_date, matching_date, start_time, end_time, confirm, all_rental, t1evalt2, t2evalt1, t1evalsta, t2evalsta) values (40, 30, 10, 132, '2023-04-13 04:34:53', '2023-04-23 21:06:58', '2022-09-19 15:33:52', '2023-02-08 00:59:15', false, true, false, false, false, true);
insert into matching_record (team1_id, team2_id, stadium_id, field_id, confirm_date, matching_date, start_time, end_time, confirm, all_rental, t1evalt2, t2evalt1, t1evalsta, t2evalsta) values (11, 55, 31, 19, '2023-05-01 06:31:18', '2023-01-11 03:03:58', '2023-04-26 03:08:14', '2022-08-28 15:50:10', true, false, true, true, false, false);
insert into matching_record (team1_id, team2_id, stadium_id, field_id, confirm_date, matching_date, start_time, end_time, confirm, all_rental, t1evalt2, t2evalt1, t1evalsta, t2evalsta) values (7, 75, 50, 20, '2023-04-15 09:55:04', '2022-12-01 07:11:17', '2023-05-04 05:09:31', '2023-05-22 21:33:54', true, true, true, true, false, false);
insert into matching_record (team1_id, team2_id, stadium_id, field_id, confirm_date, matching_date, start_time, end_time, confirm, all_rental, t1evalt2, t2evalt1, t1evalsta, t2evalsta) values (15, 9, 22, 133, '2022-10-18 08:10:18', '2023-02-04 07:51:52', '2022-07-18 07:05:02', '2023-04-17 23:52:20', true, false, true, true, false, false);
insert into matching_record (team1_id, team2_id, stadium_id, field_id, confirm_date, matching_date, start_time, end_time, confirm, all_rental, t1evalt2, t2evalt1, t1evalsta, t2evalsta) values (45, 63, 15, 10, '2022-09-27 20:27:28', '2022-08-22 05:11:32', '2022-08-23 17:50:15', '2022-08-22 06:28:02', true, false, false, true, false, true);
insert into matching_record (team1_id, team2_id, stadium_id, field_id, confirm_date, matching_date, start_time, end_time, confirm, all_rental, t1evalt2, t2evalt1, t1evalsta, t2evalsta) values (33, 73, 31, 63, '2023-06-08 00:17:06', '2023-06-03 03:38:40', '2023-03-12 03:01:56', '2022-10-27 21:21:53', false, false, true, false, true, false);
insert into matching_record (team1_id, team2_id, stadium_id, field_id, confirm_date, matching_date, start_time, end_time, confirm, all_rental, t1evalt2, t2evalt1, t1evalsta, t2evalsta) values (72, 42, 16, 59, '2022-12-07 04:01:32', '2023-02-12 00:26:20', '2022-11-09 21:36:07', '2022-08-27 19:02:54', true, true, false, true, false, false);
insert into matching_record (team1_id, team2_id, stadium_id, field_id, confirm_date, matching_date, start_time, end_time, confirm, all_rental, t1evalt2, t2evalt1, t1evalsta, t2evalsta) values (52, 44, 26, 52, '2023-07-13 21:12:35', '2022-09-27 22:52:14', '2023-02-07 00:39:55', '2023-01-31 20:59:38', false, false, false, false, false, false);
insert into matching_record (team1_id, team2_id, stadium_id, field_id, confirm_date, matching_date, start_time, end_time, confirm, all_rental, t1evalt2, t2evalt1, t1evalsta, t2evalsta) values (40, 75, 48, 27, '2023-07-06 10:50:44', '2022-10-29 23:59:56', '2022-07-20 05:03:23', '2023-07-11 17:30:37', true, true, true, true, false, true);
insert into matching_record (team1_id, team2_id, stadium_id, field_id, confirm_date, matching_date, start_time, end_time, confirm, all_rental, t1evalt2, t2evalt1, t1evalsta, t2evalsta) values (10, 2, 17, 46, '2022-10-05 06:50:34', '2023-06-15 18:16:38', '2023-02-15 19:57:54', '2022-08-10 13:07:26', false, false, true, false, true, true);
insert into matching_record (team1_id, team2_id, stadium_id, field_id, confirm_date, matching_date, start_time, end_time, confirm, all_rental, t1evalt2, t2evalt1, t1evalsta, t2evalsta) values (61, 20, 20, 85, '2023-01-26 11:33:43', '2022-11-01 16:12:44', '2023-04-30 17:55:05', '2023-04-22 02:34:27', false, false, true, false, false, false);
insert into matching_record (team1_id, team2_id, stadium_id, field_id, confirm_date, matching_date, start_time, end_time, confirm, all_rental, t1evalt2, t2evalt1, t1evalsta, t2evalsta) values (80, 43, 15, 11, '2022-12-30 16:52:02', '2022-09-08 19:18:33', '2023-03-11 10:29:37', '2023-04-02 02:32:40', true, false, true, false, true, true);
insert into matching_record (team1_id, team2_id, stadium_id, field_id, confirm_date, matching_date, start_time, end_time, confirm, all_rental, t1evalt2, t2evalt1, t1evalsta, t2evalsta) values (44, 70, 31, 36, '2022-09-27 18:25:48', '2023-05-22 14:53:04', '2022-10-26 22:13:13', '2023-04-12 06:10:38', false, true, true, false, false, true);
insert into matching_record (team1_id, team2_id, stadium_id, field_id, confirm_date, matching_date, start_time, end_time, confirm, all_rental, t1evalt2, t2evalt1, t1evalsta, t2evalsta) values (53, 26, 5, 77, '2023-01-16 06:04:41', '2022-07-20 09:09:41', '2023-01-10 17:36:16', '2022-09-03 14:49:19', false, true, false, true, false, true);
insert into matching_record (team1_id, team2_id, stadium_id, field_id, confirm_date, matching_date, start_time, end_time, confirm, all_rental, t1evalt2, t2evalt1, t1evalsta, t2evalsta) values (48, 24, 33, 106, '2022-08-08 08:49:28', '2022-11-07 06:28:01', '2022-08-21 23:07:52', '2022-12-06 15:23:55', true, false, true, true, false, true);
insert into matching_record (team1_id, team2_id, stadium_id, field_id, confirm_date, matching_date, start_time, end_time, confirm, all_rental, t1evalt2, t2evalt1, t1evalsta, t2evalsta) values (51, 19, 9, 139, '2022-11-08 16:57:04', '2023-06-08 11:13:39', '2022-07-20 22:48:58', '2023-02-18 13:07:46', false, false, false, true, false, false);
insert into matching_record (team1_id, team2_id, stadium_id, field_id, confirm_date, matching_date, start_time, end_time, confirm, all_rental, t1evalt2, t2evalt1, t1evalsta, t2evalsta) values (39, 54, 26, 67, '2022-08-17 03:50:42', '2023-02-27 08:25:49', '2022-11-23 23:42:59', '2023-02-27 07:49:15', true, true, false, true, true, true);
insert into matching_record (team1_id, team2_id, stadium_id, field_id, confirm_date, matching_date, start_time, end_time, confirm, all_rental, t1evalt2, t2evalt1, t1evalsta, t2evalsta) values (24, 74, 43, 35, '2023-03-09 18:53:34', '2023-05-20 17:16:14', '2022-12-15 23:26:18', '2023-05-19 07:11:20', true, false, true, true, false, false);
insert into matching_record (team1_id, team2_id, stadium_id, field_id, confirm_date, matching_date, start_time, end_time, confirm, all_rental, t1evalt2, t2evalt1, t1evalsta, t2evalsta) values (37, 31, 12, 86, '2023-02-27 14:06:24', '2023-03-15 16:48:28', '2023-04-30 02:58:56', '2023-05-28 00:24:38', false, true, false, false, false, true);
insert into matching_record (team1_id, team2_id, stadium_id, field_id, confirm_date, matching_date, start_time, end_time, confirm, all_rental, t1evalt2, t2evalt1, t1evalsta, t2evalsta) values (14, 79, 21, 126, '2022-12-20 06:02:36', '2023-06-25 06:36:23', '2023-04-09 23:44:05', '2022-07-27 06:22:37', false, false, false, false, true, true);
insert into matching_record (team1_id, team2_id, stadium_id, field_id, confirm_date, matching_date, start_time, end_time, confirm, all_rental, t1evalt2, t2evalt1, t1evalsta, t2evalsta) values (68, 71, 44, 33, '2023-05-20 19:30:42', '2022-08-01 07:41:18', '2023-05-29 01:20:46', '2022-12-14 03:08:53', true, true, false, false, false, true);
insert into matching_record (team1_id, team2_id, stadium_id, field_id, confirm_date, matching_date, start_time, end_time, confirm, all_rental, t1evalt2, t2evalt1, t1evalsta, t2evalsta) values (12, 22, 8, 56, '2023-04-01 20:01:59', '2023-06-02 19:17:42', '2023-02-24 17:52:35', '2023-04-23 00:21:16', true, true, false, true, false, true);
insert into matching_record (team1_id, team2_id, stadium_id, field_id, confirm_date, matching_date, start_time, end_time, confirm, all_rental, t1evalt2, t2evalt1, t1evalsta, t2evalsta) values (7, 14, 29, 113, '2022-09-18 02:06:40', '2022-10-05 09:22:17', '2022-09-23 11:19:32', '2023-02-06 23:20:26', false, true, false, true, false, false);
insert into matching_record (team1_id, team2_id, stadium_id, field_id, confirm_date, matching_date, start_time, end_time, confirm, all_rental, t1evalt2, t2evalt1, t1evalsta, t2evalsta) values (5, 34, 41, 20, '2023-04-04 12:28:43', '2023-01-17 07:18:30', '2023-05-16 21:56:40', '2022-09-05 11:19:44', true, true, true, true, true, true);
insert into matching_record (team1_id, team2_id, stadium_id, field_id, confirm_date, matching_date, start_time, end_time, confirm, all_rental, t1evalt2, t2evalt1, t1evalsta, t2evalsta) values (40, 28, 29, 63, '2022-12-18 16:55:35', '2023-03-12 06:21:27', '2023-03-05 21:37:53', '2023-01-31 15:26:18', true, false, true, true, true, true);
insert into matching_record (team1_id, team2_id, stadium_id, field_id, confirm_date, matching_date, start_time, end_time, confirm, all_rental, t1evalt2, t2evalt1, t1evalsta, t2evalsta) values (18, 46, 30, 120, '2023-03-23 08:49:14', '2022-09-28 17:30:54', '2022-09-08 22:18:21', '2023-01-24 07:30:02', false, false, true, false, true, false);
insert into matching_record (team1_id, team2_id, stadium_id, field_id, confirm_date, matching_date, start_time, end_time, confirm, all_rental, t1evalt2, t2evalt1, t1evalsta, t2evalsta) values (71, 52, 47, 89, '2023-03-04 13:30:50', '2023-01-14 21:20:14', '2023-03-18 15:04:11', '2023-03-30 00:17:29', true, true, true, false, true, true);
insert into matching_record (team1_id, team2_id, stadium_id, field_id, confirm_date, matching_date, start_time, end_time, confirm, all_rental, t1evalt2, t2evalt1, t1evalsta, t2evalsta) values (31, 16, 41, 127, '2023-06-07 06:50:24', '2022-12-26 23:14:23', '2022-12-01 00:30:08', '2022-07-31 06:28:43', true, true, false, true, true, true);
insert into matching_record (team1_id, team2_id, stadium_id, field_id, confirm_date, matching_date, start_time, end_time, confirm, all_rental, t1evalt2, t2evalt1, t1evalsta, t2evalsta) values (5, 68, 4, 131, '2023-05-15 20:04:07', '2022-10-25 22:44:43', '2022-10-19 03:53:35', '2022-11-01 07:10:39', false, false, false, true, true, true);
insert into matching_record (team1_id, team2_id, stadium_id, field_id, confirm_date, matching_date, start_time, end_time, confirm, all_rental, t1evalt2, t2evalt1, t1evalsta, t2evalsta) values (74, 59, 40, 82, '2023-06-06 01:45:32', '2023-02-01 14:23:32', '2022-07-27 07:46:32', '2022-12-03 06:01:30', true, true, true, true, false, true);
insert into matching_record (team1_id, team2_id, stadium_id, field_id, confirm_date, matching_date, start_time, end_time, confirm, all_rental, t1evalt2, t2evalt1, t1evalsta, t2evalsta) values (4, 75, 14, 30, '2022-12-26 07:12:26', '2022-12-29 23:09:18', '2022-09-17 08:47:50', '2023-03-08 16:43:57', true, true, false, true, true, true);
insert into matching_record (team1_id, team2_id, stadium_id, field_id, confirm_date, matching_date, start_time, end_time, confirm, all_rental, t1evalt2, t2evalt1, t1evalsta, t2evalsta) values (25, 12, 15, 110, '2022-12-04 20:46:15', '2023-05-28 09:01:41', '2023-06-05 22:02:32', '2023-03-26 15:34:05', true, false, false, true, true, true);
insert into matching_record (team1_id, team2_id, stadium_id, field_id, confirm_date, matching_date, start_time, end_time, confirm, all_rental, t1evalt2, t2evalt1, t1evalsta, t2evalsta) values (19, 60, 23, 144, '2022-12-06 13:35:24', '2022-09-11 07:42:06', '2023-06-07 06:53:27', '2022-08-01 13:52:28', false, true, false, true, true, false);
insert into matching_record (team1_id, team2_id, stadium_id, field_id, confirm_date, matching_date, start_time, end_time, confirm, all_rental, t1evalt2, t2evalt1, t1evalsta, t2evalsta) values (25, 66, 10, 26, '2023-06-12 05:46:43', '2022-11-01 09:34:02', '2023-06-05 18:21:03', '2023-06-09 15:59:25', true, false, false, false, true, true);
insert into matching_record (team1_id, team2_id, stadium_id, field_id, confirm_date, matching_date, start_time, end_time, confirm, all_rental, t1evalt2, t2evalt1, t1evalsta, t2evalsta) values (40, 39, 39, 26, '2022-11-06 14:49:24', '2022-08-19 08:17:21', '2022-10-05 01:53:50', '2022-11-06 20:14:38', true, false, false, true, false, true);
insert into matching_record (team1_id, team2_id, stadium_id, field_id, confirm_date, matching_date, start_time, end_time, confirm, all_rental, t1evalt2, t2evalt1, t1evalsta, t2evalsta) values (3, 13, 46, 35, '2022-12-19 01:36:43', '2023-04-24 17:12:51', '2022-12-18 14:03:12', '2023-02-18 04:46:23', true, true, true, false, true, false);
insert into matching_record (team1_id, team2_id, stadium_id, field_id, confirm_date, matching_date, start_time, end_time, confirm, all_rental, t1evalt2, t2evalt1, t1evalsta, t2evalsta) values (40, 49, 29, 122, '2022-10-20 23:54:14', '2023-04-05 04:58:19', '2022-09-18 03:11:29', '2023-01-17 02:34:08', true, false, true, false, false, true);
insert into matching_record (team1_id, team2_id, stadium_id, field_id, confirm_date, matching_date, start_time, end_time, confirm, all_rental, t1evalt2, t2evalt1, t1evalsta, t2evalsta) values (25, 67, 12, 36, '2023-03-06 13:04:27', '2023-01-30 04:30:14', '2023-02-18 07:19:17', '2023-06-08 23:58:26', false, false, false, true, true, true);
insert into matching_record (team1_id, team2_id, stadium_id, field_id, confirm_date, matching_date, start_time, end_time, confirm, all_rental, t1evalt2, t2evalt1, t1evalsta, t2evalsta) values (48, 59, 35, 143, '2022-11-19 06:25:33', '2023-06-14 05:17:53', '2022-08-29 05:58:07', '2023-05-14 07:11:04', false, true, true, false, false, true);
insert into matching_record (team1_id, team2_id, stadium_id, field_id, confirm_date, matching_date, start_time, end_time, confirm, all_rental, t1evalt2, t2evalt1, t1evalsta, t2evalsta) values (50, 18, 31, 15, '2023-04-26 17:27:06', '2022-09-16 04:12:57', '2023-05-04 05:44:59', '2023-01-19 23:59:18', true, true, true, true, false, true);
insert into matching_record (team1_id, team2_id, stadium_id, field_id, confirm_date, matching_date, start_time, end_time, confirm, all_rental, t1evalt2, t2evalt1, t1evalsta, t2evalsta) values (14, 42, 47, 126, '2023-03-26 22:19:32', '2023-03-19 08:07:49', '2023-04-02 03:45:11', '2023-04-30 03:52:02', false, false, true, false, false, false);
insert into matching_record (team1_id, team2_id, stadium_id, field_id, confirm_date, matching_date, start_time, end_time, confirm, all_rental, t1evalt2, t2evalt1, t1evalsta, t2evalsta) values (24, 75, 12, 137, '2023-07-12 13:49:28', '2022-07-26 12:21:17', '2022-11-24 07:41:13', '2023-07-17 17:49:56', false, true, true, true, false, false);
insert into matching_record (team1_id, team2_id, stadium_id, field_id, confirm_date, matching_date, start_time, end_time, confirm, all_rental, t1evalt2, t2evalt1, t1evalsta, t2evalsta) values (45, 21, 24, 25, '2022-12-31 18:09:49', '2022-10-30 06:54:02', '2022-07-29 16:06:47', '2023-05-16 04:40:59', true, false, false, false, true, true);
insert into matching_record (team1_id, team2_id, stadium_id, field_id, confirm_date, matching_date, start_time, end_time, confirm, all_rental, t1evalt2, t2evalt1, t1evalsta, t2evalsta) values (24, 58, 40, 96, '2023-05-15 03:06:47', '2023-05-26 19:28:40', '2023-01-08 14:50:17', '2022-09-26 23:10:43', false, false, false, true, true, false);
insert into matching_record (team1_id, team2_id, stadium_id, field_id, confirm_date, matching_date, start_time, end_time, confirm, all_rental, t1evalt2, t2evalt1, t1evalsta, t2evalsta) values (68, 39, 12, 137, '2022-12-01 20:53:04', '2023-01-05 20:03:09', '2023-06-05 14:26:10', '2023-03-21 06:56:07', true, false, false, false, true, true);
insert into matching_record (team1_id, team2_id, stadium_id, field_id, confirm_date, matching_date, start_time, end_time, confirm, all_rental, t1evalt2, t2evalt1, t1evalsta, t2evalsta) values (68, 34, 32, 124, '2023-07-13 00:41:50', '2022-07-27 21:09:04', '2023-05-05 02:50:34', '2023-06-29 03:46:07', true, true, true, false, true, true);
insert into matching_record (team1_id, team2_id, stadium_id, field_id, confirm_date, matching_date, start_time, end_time, confirm, all_rental, t1evalt2, t2evalt1, t1evalsta, t2evalsta) values (6, 62, 41, 145, '2023-01-24 13:49:40', '2023-01-31 14:03:06', '2023-03-08 20:05:15', '2022-09-24 01:59:51', false, false, true, false, true, false);
insert into matching_record (team1_id, team2_id, stadium_id, field_id, confirm_date, matching_date, start_time, end_time, confirm, all_rental, t1evalt2, t2evalt1, t1evalsta, t2evalsta) values (21, 40, 35, 42, '2023-06-16 04:43:07', '2022-08-09 23:25:19', '2022-10-12 17:54:56', '2022-12-11 15:33:50', true, false, false, false, false, true);
insert into matching_record (team1_id, team2_id, stadium_id, field_id, confirm_date, matching_date, start_time, end_time, confirm, all_rental, t1evalt2, t2evalt1, t1evalsta, t2evalsta) values (67, 80, 40, 3, '2022-12-21 07:14:52', '2023-04-09 02:50:31', '2022-11-09 07:48:14', '2022-10-17 05:41:31', false, false, true, false, true, true);
insert into matching_record (team1_id, team2_id, stadium_id, field_id, confirm_date, matching_date, start_time, end_time, confirm, all_rental, t1evalt2, t2evalt1, t1evalsta, t2evalsta) values (63, 78, 19, 111, '2023-01-13 09:28:53', '2022-08-15 21:26:29', '2022-12-07 22:16:40', '2023-06-01 21:31:04', true, false, true, true, false, false);
insert into matching_record (team1_id, team2_id, stadium_id, field_id, confirm_date, matching_date, start_time, end_time, confirm, all_rental, t1evalt2, t2evalt1, t1evalsta, t2evalsta) values (64, 72, 19, 123, '2022-12-24 07:00:26', '2023-07-09 07:18:39', '2023-06-03 16:17:04', '2022-08-27 08:35:46', true, true, false, true, true, true);
insert into matching_record (team1_id, team2_id, stadium_id, field_id, confirm_date, matching_date, start_time, end_time, confirm, all_rental, t1evalt2, t2evalt1, t1evalsta, t2evalsta) values (58, 56, 50, 5, '2023-04-08 12:27:37', '2023-02-27 20:59:53', '2023-03-14 13:07:28', '2022-08-17 02:10:54', false, true, false, false, false, true);
insert into matching_record (team1_id, team2_id, stadium_id, field_id, confirm_date, matching_date, start_time, end_time, confirm, all_rental, t1evalt2, t2evalt1, t1evalsta, t2evalsta) values (71, 67, 43, 91, '2022-08-14 05:18:28', '2023-06-19 02:40:07', '2022-11-09 18:30:18', '2022-08-11 14:56:07', true, true, false, false, true, false);
insert into matching_record (team1_id, team2_id, stadium_id, field_id, confirm_date, matching_date, start_time, end_time, confirm, all_rental, t1evalt2, t2evalt1, t1evalsta, t2evalsta) values (20, 73, 22, 146, '2023-04-05 18:03:12', '2022-11-27 12:42:44', '2023-04-23 19:03:06', '2023-03-14 17:36:14', true, true, false, false, false, false);
insert into matching_record (team1_id, team2_id, stadium_id, field_id, confirm_date, matching_date, start_time, end_time, confirm, all_rental, t1evalt2, t2evalt1, t1evalsta, t2evalsta) values (29, 9, 5, 133, '2023-06-22 15:29:26', '2022-09-16 05:38:49', '2022-08-22 00:42:33', '2023-02-22 04:21:42', true, false, false, false, false, true);
insert into matching_record (team1_id, team2_id, stadium_id, field_id, confirm_date, matching_date, start_time, end_time, confirm, all_rental, t1evalt2, t2evalt1, t1evalsta, t2evalsta) values (46, 48, 8, 45, '2023-01-28 00:36:33', '2022-11-09 22:13:13', '2022-12-24 00:31:43', '2023-05-18 11:49:02', false, true, false, false, true, false);
insert into matching_record (team1_id, team2_id, stadium_id, field_id, confirm_date, matching_date, start_time, end_time, confirm, all_rental, t1evalt2, t2evalt1, t1evalsta, t2evalsta) values (44, 57, 38, 61, '2023-03-22 20:34:07', '2022-08-27 10:40:30', '2022-09-18 08:11:20', '2023-02-09 08:22:14', false, false, true, true, true, true);
insert into matching_record (team1_id, team2_id, stadium_id, field_id, confirm_date, matching_date, start_time, end_time, confirm, all_rental, t1evalt2, t2evalt1, t1evalsta, t2evalsta) values (67, 67, 5, 98, '2022-12-19 16:26:35', '2022-08-15 10:43:40', '2022-12-18 21:10:47', '2022-09-01 00:23:39', false, true, false, false, false, true);
insert into matching_record (team1_id, team2_id, stadium_id, field_id, confirm_date, matching_date, start_time, end_time, confirm, all_rental, t1evalt2, t2evalt1, t1evalsta, t2evalsta) values (61, 57, 7, 32, '2023-03-21 07:49:13', '2023-04-16 22:13:25', '2022-10-26 01:20:48', '2023-07-11 03:05:22', true, false, false, true, false, true);
insert into matching_record (team1_id, team2_id, stadium_id, field_id, confirm_date, matching_date, start_time, end_time, confirm, all_rental, t1evalt2, t2evalt1, t1evalsta, t2evalsta) values (65, 4, 21, 117, '2022-10-06 15:11:42', '2022-11-14 01:08:45', '2023-01-02 00:14:21', '2022-11-09 14:13:27', false, false, false, true, true, false);
insert into matching_record (team1_id, team2_id, stadium_id, field_id, confirm_date, matching_date, start_time, end_time, confirm, all_rental, t1evalt2, t2evalt1, t1evalsta, t2evalsta) values (1, 35, 34, 53, '2023-03-08 07:20:09', '2023-01-07 00:35:42', '2022-12-27 13:23:23', '2022-10-16 10:36:53', false, false, true, true, true, false);
insert into matching_record (team1_id, team2_id, stadium_id, field_id, confirm_date, matching_date, start_time, end_time, confirm, all_rental, t1evalt2, t2evalt1, t1evalsta, t2evalsta) values (77, 77, 24, 64, '2023-01-22 01:15:01', '2022-12-07 14:54:43', '2022-10-17 10:53:42', '2022-11-06 09:33:17', false, false, true, false, true, false);
insert into matching_record (team1_id, team2_id, stadium_id, field_id, confirm_date, matching_date, start_time, end_time, confirm, all_rental, t1evalt2, t2evalt1, t1evalsta, t2evalsta) values (14, 75, 32, 28, '2022-09-08 01:52:47', '2023-05-23 13:01:26', '2023-06-13 03:21:23', '2023-03-24 20:56:06', false, false, true, false, true, true);
insert into matching_record (team1_id, team2_id, stadium_id, field_id, confirm_date, matching_date, start_time, end_time, confirm, all_rental, t1evalt2, t2evalt1, t1evalsta, t2evalsta) values (54, 31, 7, 119, '2022-12-22 19:24:45', '2022-10-19 05:25:36', '2023-05-05 23:50:35', '2022-07-23 07:38:56', false, true, true, true, false, false);
insert into matching_record (team1_id, team2_id, stadium_id, field_id, confirm_date, matching_date, start_time, end_time, confirm, all_rental, t1evalt2, t2evalt1, t1evalsta, t2evalsta) values (62, 51, 39, 80, '2022-09-11 10:28:14', '2022-11-01 23:29:30', '2022-11-04 01:45:16', '2022-10-15 12:32:41', false, false, false, true, true, false);
insert into matching_record (team1_id, team2_id, stadium_id, field_id, confirm_date, matching_date, start_time, end_time, confirm, all_rental, t1evalt2, t2evalt1, t1evalsta, t2evalsta) values (55, 80, 14, 127, '2022-12-27 19:56:50', '2022-11-14 03:36:47', '2023-05-31 14:06:24', '2023-01-23 09:13:32', true, true, true, false, true, false);
insert into matching_record (team1_id, team2_id, stadium_id, field_id, confirm_date, matching_date, start_time, end_time, confirm, all_rental, t1evalt2, t2evalt1, t1evalsta, t2evalsta) values (16, 28, 17, 88, '2023-04-21 01:31:42', '2022-10-03 17:37:31', '2022-11-15 11:34:01', '2023-04-13 22:26:32', false, true, false, false, true, false);
insert into matching_record (team1_id, team2_id, stadium_id, field_id, confirm_date, matching_date, start_time, end_time, confirm, all_rental, t1evalt2, t2evalt1, t1evalsta, t2evalsta) values (61, 34, 30, 25, '2023-04-06 17:33:18', '2023-02-13 02:21:14', '2022-10-19 06:17:46', '2022-08-31 03:23:03', true, true, true, false, true, false);

--stadium_image
insert into stadium_image (imageurl, stadium_id) values ('http://dummyimage.com/131x100.png/ff4444/ffffff', 35);
insert into stadium_image (imageurl, stadium_id) values ('http://dummyimage.com/199x100.png/cc0000/ffffff', 23);
insert into stadium_image (imageurl, stadium_id) values ('http://dummyimage.com/116x100.png/dddddd/000000', 27);
insert into stadium_image (imageurl, stadium_id) values ('http://dummyimage.com/219x100.png/dddddd/000000', 14);
insert into stadium_image (imageurl, stadium_id) values ('http://dummyimage.com/178x100.png/dddddd/000000', 47);
insert into stadium_image (imageurl, stadium_id) values ('http://dummyimage.com/184x100.png/dddddd/000000', 13);
insert into stadium_image (imageurl, stadium_id) values ('http://dummyimage.com/206x100.png/cc0000/ffffff', 16);
insert into stadium_image (imageurl, stadium_id) values ('http://dummyimage.com/163x100.png/5fa2dd/ffffff', 6);
insert into stadium_image (imageurl, stadium_id) values ('http://dummyimage.com/231x100.png/ff4444/ffffff', 41);
insert into stadium_image (imageurl, stadium_id) values ('http://dummyimage.com/229x100.png/ff4444/ffffff', 1);
insert into stadium_image (imageurl, stadium_id) values ('http://dummyimage.com/244x100.png/dddddd/000000', 25);
insert into stadium_image (imageurl, stadium_id) values ('http://dummyimage.com/244x100.png/5fa2dd/ffffff', 30);
insert into stadium_image (imageurl, stadium_id) values ('http://dummyimage.com/117x100.png/5fa2dd/ffffff', 19);
insert into stadium_image (imageurl, stadium_id) values ('http://dummyimage.com/180x100.png/dddddd/000000', 44);
insert into stadium_image (imageurl, stadium_id) values ('http://dummyimage.com/163x100.png/ff4444/ffffff', 42);
insert into stadium_image (imageurl, stadium_id) values ('http://dummyimage.com/227x100.png/5fa2dd/ffffff', 38);
insert into stadium_image (imageurl, stadium_id) values ('http://dummyimage.com/218x100.png/cc0000/ffffff', 25);
insert into stadium_image (imageurl, stadium_id) values ('http://dummyimage.com/113x100.png/5fa2dd/ffffff', 41);
insert into stadium_image (imageurl, stadium_id) values ('http://dummyimage.com/227x100.png/cc0000/ffffff', 1);
insert into stadium_image (imageurl, stadium_id) values ('http://dummyimage.com/196x100.png/ff4444/ffffff', 50);
insert into stadium_image (imageurl, stadium_id) values ('http://dummyimage.com/116x100.png/dddddd/000000', 39);
insert into stadium_image (imageurl, stadium_id) values ('http://dummyimage.com/183x100.png/dddddd/000000', 6);
insert into stadium_image (imageurl, stadium_id) values ('http://dummyimage.com/101x100.png/ff4444/ffffff', 24);
insert into stadium_image (imageurl, stadium_id) values ('http://dummyimage.com/192x100.png/cc0000/ffffff', 40);
insert into stadium_image (imageurl, stadium_id) values ('http://dummyimage.com/114x100.png/5fa2dd/ffffff', 41);
insert into stadium_image (imageurl, stadium_id) values ('http://dummyimage.com/102x100.png/5fa2dd/ffffff', 5);
insert into stadium_image (imageurl, stadium_id) values ('http://dummyimage.com/110x100.png/5fa2dd/ffffff', 32);
insert into stadium_image (imageurl, stadium_id) values ('http://dummyimage.com/118x100.png/ff4444/ffffff', 28);
insert into stadium_image (imageurl, stadium_id) values ('http://dummyimage.com/145x100.png/cc0000/ffffff', 9);
insert into stadium_image (imageurl, stadium_id) values ('http://dummyimage.com/171x100.png/dddddd/000000', 22);
insert into stadium_image (imageurl, stadium_id) values ('http://dummyimage.com/141x100.png/5fa2dd/ffffff', 50);
insert into stadium_image (imageurl, stadium_id) values ('http://dummyimage.com/155x100.png/cc0000/ffffff', 24);
insert into stadium_image (imageurl, stadium_id) values ('http://dummyimage.com/206x100.png/dddddd/000000', 33);
insert into stadium_image (imageurl, stadium_id) values ('http://dummyimage.com/205x100.png/5fa2dd/ffffff', 25);
insert into stadium_image (imageurl, stadium_id) values ('http://dummyimage.com/152x100.png/ff4444/ffffff', 2);
insert into stadium_image (imageurl, stadium_id) values ('http://dummyimage.com/234x100.png/dddddd/000000', 22);
insert into stadium_image (imageurl, stadium_id) values ('http://dummyimage.com/102x100.png/ff4444/ffffff', 34);
insert into stadium_image (imageurl, stadium_id) values ('http://dummyimage.com/219x100.png/dddddd/000000', 26);
insert into stadium_image (imageurl, stadium_id) values ('http://dummyimage.com/144x100.png/dddddd/000000', 39);
insert into stadium_image (imageurl, stadium_id) values ('http://dummyimage.com/157x100.png/5fa2dd/ffffff', 45);
insert into stadium_image (imageurl, stadium_id) values ('http://dummyimage.com/200x100.png/ff4444/ffffff', 35);
insert into stadium_image (imageurl, stadium_id) values ('http://dummyimage.com/200x100.png/dddddd/000000', 8);
insert into stadium_image (imageurl, stadium_id) values ('http://dummyimage.com/110x100.png/dddddd/000000', 23);
insert into stadium_image (imageurl, stadium_id) values ('http://dummyimage.com/152x100.png/dddddd/000000', 16);
insert into stadium_image (imageurl, stadium_id) values ('http://dummyimage.com/179x100.png/cc0000/ffffff', 4);
insert into stadium_image (imageurl, stadium_id) values ('http://dummyimage.com/241x100.png/ff4444/ffffff', 35);
insert into stadium_image (imageurl, stadium_id) values ('http://dummyimage.com/143x100.png/cc0000/ffffff', 22);
insert into stadium_image (imageurl, stadium_id) values ('http://dummyimage.com/227x100.png/ff4444/ffffff', 45);
insert into stadium_image (imageurl, stadium_id) values ('http://dummyimage.com/234x100.png/cc0000/ffffff', 19);
insert into stadium_image (imageurl, stadium_id) values ('http://dummyimage.com/125x100.png/ff4444/ffffff', 1);
insert into stadium_image (imageurl, stadium_id) values ('http://dummyimage.com/239x100.png/cc0000/ffffff', 49);
insert into stadium_image (imageurl, stadium_id) values ('http://dummyimage.com/215x100.png/cc0000/ffffff', 38);
insert into stadium_image (imageurl, stadium_id) values ('http://dummyimage.com/102x100.png/5fa2dd/ffffff', 27);
insert into stadium_image (imageurl, stadium_id) values ('http://dummyimage.com/165x100.png/ff4444/ffffff', 39);
insert into stadium_image (imageurl, stadium_id) values ('http://dummyimage.com/184x100.png/5fa2dd/ffffff', 37);
insert into stadium_image (imageurl, stadium_id) values ('http://dummyimage.com/229x100.png/cc0000/ffffff', 21);
insert into stadium_image (imageurl, stadium_id) values ('http://dummyimage.com/169x100.png/ff4444/ffffff', 48);
insert into stadium_image (imageurl, stadium_id) values ('http://dummyimage.com/107x100.png/cc0000/ffffff', 50);
insert into stadium_image (imageurl, stadium_id) values ('http://dummyimage.com/169x100.png/dddddd/000000', 40);
insert into stadium_image (imageurl, stadium_id) values ('http://dummyimage.com/233x100.png/cc0000/ffffff', 30);
insert into stadium_image (imageurl, stadium_id) values ('http://dummyimage.com/188x100.png/cc0000/ffffff', 40);
insert into stadium_image (imageurl, stadium_id) values ('http://dummyimage.com/215x100.png/ff4444/ffffff', 13);
insert into stadium_image (imageurl, stadium_id) values ('http://dummyimage.com/103x100.png/cc0000/ffffff', 21);
insert into stadium_image (imageurl, stadium_id) values ('http://dummyimage.com/163x100.png/dddddd/000000', 24);
insert into stadium_image (imageurl, stadium_id) values ('http://dummyimage.com/188x100.png/ff4444/ffffff', 43);
insert into stadium_image (imageurl, stadium_id) values ('http://dummyimage.com/218x100.png/dddddd/000000', 43);
insert into stadium_image (imageurl, stadium_id) values ('http://dummyimage.com/237x100.png/5fa2dd/ffffff', 3);
insert into stadium_image (imageurl, stadium_id) values ('http://dummyimage.com/145x100.png/cc0000/ffffff', 33);
insert into stadium_image (imageurl, stadium_id) values ('http://dummyimage.com/105x100.png/ff4444/ffffff', 28);
insert into stadium_image (imageurl, stadium_id) values ('http://dummyimage.com/215x100.png/cc0000/ffffff', 24);
insert into stadium_image (imageurl, stadium_id) values ('http://dummyimage.com/192x100.png/ff4444/ffffff', 23);
insert into stadium_image (imageurl, stadium_id) values ('http://dummyimage.com/105x100.png/5fa2dd/ffffff', 23);
insert into stadium_image (imageurl, stadium_id) values ('http://dummyimage.com/160x100.png/5fa2dd/ffffff', 30);
insert into stadium_image (imageurl, stadium_id) values ('http://dummyimage.com/146x100.png/cc0000/ffffff', 43);
insert into stadium_image (imageurl, stadium_id) values ('http://dummyimage.com/167x100.png/5fa2dd/ffffff', 3);
insert into stadium_image (imageurl, stadium_id) values ('http://dummyimage.com/231x100.png/dddddd/000000', 34);
insert into stadium_image (imageurl, stadium_id) values ('http://dummyimage.com/117x100.png/ff4444/ffffff', 37);
insert into stadium_image (imageurl, stadium_id) values ('http://dummyimage.com/156x100.png/ff4444/ffffff', 30);
insert into stadium_image (imageurl, stadium_id) values ('http://dummyimage.com/170x100.png/dddddd/000000', 18);
insert into stadium_image (imageurl, stadium_id) values ('http://dummyimage.com/108x100.png/5fa2dd/ffffff', 48);
insert into stadium_image (imageurl, stadium_id) values ('http://dummyimage.com/115x100.png/ff4444/ffffff', 37);
insert into stadium_image (imageurl, stadium_id) values ('http://dummyimage.com/103x100.png/5fa2dd/ffffff', 33);
insert into stadium_image (imageurl, stadium_id) values ('http://dummyimage.com/138x100.png/dddddd/000000', 24);
insert into stadium_image (imageurl, stadium_id) values ('http://dummyimage.com/155x100.png/cc0000/ffffff', 15);
insert into stadium_image (imageurl, stadium_id) values ('http://dummyimage.com/133x100.png/ff4444/ffffff', 31);
insert into stadium_image (imageurl, stadium_id) values ('http://dummyimage.com/105x100.png/cc0000/ffffff', 35);
insert into stadium_image (imageurl, stadium_id) values ('http://dummyimage.com/170x100.png/dddddd/000000', 16);
insert into stadium_image (imageurl, stadium_id) values ('http://dummyimage.com/153x100.png/5fa2dd/ffffff', 42);
insert into stadium_image (imageurl, stadium_id) values ('http://dummyimage.com/222x100.png/cc0000/ffffff', 37);
insert into stadium_image (imageurl, stadium_id) values ('http://dummyimage.com/147x100.png/cc0000/ffffff', 48);






