--team
insert into team (id, password, team_name, manner, skill, evaluation_count, created_at, created_by, modified_at, modified_by) values (1, '#714acc', 'Crown Victoria', 5, 3, 89, '2023-04-15 10:14:28', 'Sailor Who Fell from Grace with the Sea, The', '2023-06-02 03:40:01', 'Flight of the Living Dead');
insert into team (id, password, team_name, manner, skill, evaluation_count, created_at, created_by, modified_at, modified_by) values (2, '#9778d7', 'SL-Class', 7, 1, 22, '2023-06-05 05:55:03', 'Expecting a Miracle', '2023-07-16 05:41:39', 'Goodbye Solo');
insert into team (id, password, team_name, manner, skill, evaluation_count, created_at, created_by, modified_at, modified_by) values (3, '#0a5aa8', 'Eldorado', 2, 3, 78, '2023-05-11 15:34:17', 'Life Is Rosy (a.k.a. Life Is Beautiful) (Vie est belle, La)', '2023-05-05 17:53:22', 'Story Written with Water, A (Mizu de kakareta monogatari)');
insert into team (id, password, team_name, manner, skill, evaluation_count, created_at, created_by, modified_at, modified_by) values (4, '#8ad79b', 'SLK-Class', 4, 4, 117, '2023-03-12 01:26:35', 'Mickey''s The Prince and the Pauper', '2022-09-17 16:56:34', 'Happiest Girl in the World, The (Cea mai fericita fata din lume)');
insert into team (id, password, team_name, manner, skill, evaluation_count, created_at, created_by, modified_at, modified_by) values (5, '#e39829', 'Forester', 4, 5, 171, '2023-05-27 06:44:39', 'Harper', '2022-09-20 19:35:40', 'Cannibal! The Musical (a.k.a. Alferd Packer: The Musical)');
insert into team (id, password, team_name, manner, skill, evaluation_count, created_at, created_by, modified_at, modified_by) values (6, '#48f5e7', 'Econoline E350', 1, 5, 119, '2022-07-21 03:42:32', 'Strul', '2023-05-16 10:38:12', 'Perils of Gwendoline in the Land of the Yik Yak, The');
insert into team (id, password, team_name, manner, skill, evaluation_count, created_at, created_by, modified_at, modified_by) values (7, '#507e6b', 'Golf', 2, 1, 159, '2023-01-02 10:55:25', 'Angels of the Universe (Englar alheimsins)', '2022-08-25 18:58:36', 'Magnificent Warriors (Zhong hua zhan shi)');
insert into team (id, password, team_name, manner, skill, evaluation_count, created_at, created_by, modified_at, modified_by) values (8, '#6d1731', 'Dakota Club', 7, 3, 49, '2022-10-11 18:47:40', 'Miss Pettigrew Lives for a Day', '2023-04-20 13:24:40', 'Edge, The (Kray)');
insert into team (id, password, team_name, manner, skill, evaluation_count, created_at, created_by, modified_at, modified_by) values (9, '#970545', 'Cutlass', 2, 4, 167, '2022-09-18 01:08:33', 'Neighbours', '2023-03-23 17:46:32', 'Countdown to Zero');
insert into team (id, password, team_name, manner, skill, evaluation_count, created_at, created_by, modified_at, modified_by) values (10, '#668f0b', 'Sierra', 5, 5, 63, '2023-05-04 20:44:35', 'War of the Wildcats (In Old Oklahoma)', '2023-01-05 15:24:15', 'Day Night Day Night');
insert into team (id, password, team_name, manner, skill, evaluation_count, created_at, created_by, modified_at, modified_by) values (11, '#3a86d0', 'Mazda3', 4, 2, 194, '2022-12-03 01:26:44', 'Moonstruck', '2022-09-13 05:22:14', 'City of Hope');
insert into team (id, password, team_name, manner, skill, evaluation_count, created_at, created_by, modified_at, modified_by) values (12, '#f46dcd', 'Yukon', 3, 4, 191, '2022-10-24 18:48:04', 'Are You Here', '2023-01-18 05:15:09', 'Trans-Europ-Express');
insert into team (id, password, team_name, manner, skill, evaluation_count, created_at, created_by, modified_at, modified_by) values (13, '#9978db', 'Escort', 1, 2, 10, '2023-04-18 00:43:37', 'Goliath Awaits', '2023-03-11 08:57:49', 'Cyberbully');
insert into team (id, password, team_name, manner, skill, evaluation_count, created_at, created_by, modified_at, modified_by) values (14, '#a57385', 'Pilot', 7, 1, 152, '2022-12-29 06:27:00', 'Cheaper by the Dozen', '2022-10-16 03:16:23', 'Red Lights');
insert into team (id, password, team_name, manner, skill, evaluation_count, created_at, created_by, modified_at, modified_by) values (15, '#b7715d', '928', 3, 4, 162, '2023-03-21 13:31:26', 'Cloak and Dagger', '2022-11-22 19:21:59', 'Friends and Family');
insert into team (id, password, team_name, manner, skill, evaluation_count, created_at, created_by, modified_at, modified_by) values (16, '#0edb63', 'Range Rover', 3, 3, 74, '2023-04-21 19:06:10', 'Empire of the Ants', '2022-11-26 19:09:58', 'Old Gringo');
insert into team (id, password, team_name, manner, skill, evaluation_count, created_at, created_by, modified_at, modified_by) values (17, '#aefb06', 'Crown Victoria', 2, 4, 34, '2022-11-24 01:33:20', 'Game of Death', '2023-03-19 15:18:52', 'Lorenzo''s Oil');
insert into team (id, password, team_name, manner, skill, evaluation_count, created_at, created_by, modified_at, modified_by) values (18, '#76a21d', '944', 3, 5, 104, '2023-02-10 14:28:07', 'Suddenly, Last Summer', '2022-11-19 06:43:57', 'Sharktopus');
insert into team (id, password, team_name, manner, skill, evaluation_count, created_at, created_by, modified_at, modified_by) values (19, '#9c1de2', 'Ranger', 3, 4, 19, '2023-05-23 13:18:16', 'Purple Plain, The', '2023-04-29 02:42:02', 'Safe in Hell');
insert into team (id, password, team_name, manner, skill, evaluation_count, created_at, created_by, modified_at, modified_by) values (20, '#3e91af', 'RX-7', 6, 2, 145, '2022-10-11 16:03:10', 'Burton and Taylor', '2023-04-23 18:15:19', 'Little Mermaid 2: Return to the Sea, The');
insert into team (id, password, team_name, manner, skill, evaluation_count, created_at, created_by, modified_at, modified_by) values (21, '#97494f', '100', 3, 4, 34, '2022-11-27 14:57:20', 'Island', '2023-01-19 16:47:18', 'Three Musketeers, The');
insert into team (id, password, team_name, manner, skill, evaluation_count, created_at, created_by, modified_at, modified_by) values (22, '#57d7d8', 'Range Rover', 4, 5, 107, '2022-09-26 00:46:45', 'Dead Space: Aftermath', '2023-05-24 14:23:40', 'Journey to the Far Side of the Sun (a.k.a. Doppelgänger)');
insert into team (id, password, team_name, manner, skill, evaluation_count, created_at, created_by, modified_at, modified_by) values (23, '#b705ee', 'Capri', 3, 1, 171, '2023-02-15 09:20:43', '10', '2023-02-03 21:30:25', 'Watch Out for the Automobile (Beregis avtomobilya)');
insert into team (id, password, team_name, manner, skill, evaluation_count, created_at, created_by, modified_at, modified_by) values (24, '#f28041', 'Mazda3', 7, 4, 133, '2022-09-30 08:03:01', 'Another Nine & a Half Weeks (Love in Paris) (9 1/2 Weeks II) (Another 9 1/2 Weeks)', '2022-11-14 06:31:23', 'Fantastic Flesh: The Art of Make-Up EFX');
insert into team (id, password, team_name, manner, skill, evaluation_count, created_at, created_by, modified_at, modified_by) values (25, '#50ec6a', 'Yukon XL 2500', 4, 3, 94, '2022-12-01 15:14:06', 'Spirited Away (Sen to Chihiro no kamikakushi)', '2022-11-23 08:46:40', 'Wishmaster 2: Evil Never Dies');
insert into team (id, password, team_name, manner, skill, evaluation_count, created_at, created_by, modified_at, modified_by) values (26, '#e2433e', 'GranTurismo', 4, 5, 116, '2023-05-05 22:10:01', 'Aura, The (Aura, El)', '2023-03-03 01:06:37', 'Maze Runner, The');
insert into team (id, password, team_name, manner, skill, evaluation_count, created_at, created_by, modified_at, modified_by) values (27, '#988617', 'Sprinter', 2, 2, 172, '2023-05-08 02:36:41', 'Ordinary Sinner', '2023-02-07 17:42:37', 'Emo Philips Live');
insert into team (id, password, team_name, manner, skill, evaluation_count, created_at, created_by, modified_at, modified_by) values (28, '#89d10b', 'Mazda6', 1, 4, 33, '2022-07-26 16:43:19', 'Shrek the Halls', '2022-08-26 14:55:25', 'Russian Ark (Russkiy Kovcheg)');
insert into team (id, password, team_name, manner, skill, evaluation_count, created_at, created_by, modified_at, modified_by) values (29, '#c18531', 'Escalade EXT', 3, 2, 187, '2023-06-12 06:44:08', 'Sharknado 2: The Second One', '2023-05-12 16:52:33', 'Phantom');
insert into team (id, password, team_name, manner, skill, evaluation_count, created_at, created_by, modified_at, modified_by) values (30, '#ae3d43', 'GranTurismo', 4, 4, 83, '2023-06-03 19:27:31', 'Internship, The', '2023-06-20 03:27:52', 'Gia');
insert into team (id, password, team_name, manner, skill, evaluation_count, created_at, created_by, modified_at, modified_by) values (31, '#55c862', 'Forester', 2, 1, 81, '2023-01-21 06:55:56', 'Castle of Blood', '2022-07-18 12:36:36', 'Nine Dead');
insert into team (id, password, team_name, manner, skill, evaluation_count, created_at, created_by, modified_at, modified_by) values (32, '#f84619', 'Talon', 4, 5, 61, '2023-05-23 15:23:38', 'Ladykillers, The', '2022-11-17 07:07:26', 'Grand Masti');
insert into team (id, password, team_name, manner, skill, evaluation_count, created_at, created_by, modified_at, modified_by) values (33, '#dde876', 'Murciélago', 5, 2, 37, '2023-06-03 14:01:33', 'Uninvited, The', '2023-05-11 12:00:11', 'Stolen Life, A');
insert into team (id, password, team_name, manner, skill, evaluation_count, created_at, created_by, modified_at, modified_by) values (34, '#003069', 'B-Series Plus', 4, 2, 175, '2022-09-10 13:10:53', 'Paris, France', '2022-10-25 21:54:07', 'Naturally Native');
insert into team (id, password, team_name, manner, skill, evaluation_count, created_at, created_by, modified_at, modified_by) values (35, '#b5c4cb', '300', 7, 3, 147, '2023-01-24 19:18:41', 'Lift, De', '2022-11-04 19:25:06', 'Debt, The (Dlug)');
insert into team (id, password, team_name, manner, skill, evaluation_count, created_at, created_by, modified_at, modified_by) values (36, '#554320', 'Yukon XL 2500', 3, 4, 127, '2023-02-06 22:11:05', 'Brimstone and Treacle', '2022-11-03 20:54:57', 'Untamed Heart');
insert into team (id, password, team_name, manner, skill, evaluation_count, created_at, created_by, modified_at, modified_by) values (37, '#f9f2dc', 'Villager', 1, 2, 150, '2022-12-27 14:10:56', 'Charlie Brown Christmas, A', '2023-02-19 01:54:57', 'Emperor''s New Clothes, The');
insert into team (id, password, team_name, manner, skill, evaluation_count, created_at, created_by, modified_at, modified_by) values (38, '#25947c', 'Topaz', 1, 5, 155, '2022-09-26 00:21:07', 'Brotherhood', '2022-10-28 08:42:25', 'Sister Helen ');
insert into team (id, password, team_name, manner, skill, evaluation_count, created_at, created_by, modified_at, modified_by) values (39, '#256c21', 'RL', 5, 5, 16, '2023-07-06 07:29:19', '3 Ninjas Kick Back', '2023-05-25 00:47:26', 'Deadfall');
insert into team (id, password, team_name, manner, skill, evaluation_count, created_at, created_by, modified_at, modified_by) values (40, '#613302', 'Scoupe', 3, 4, 96, '2023-06-25 04:24:27', '3 on a Couch (Three on a Couch)', '2022-10-18 03:44:43', 'Justin and the Knights of Valour');
insert into team (id, password, team_name, manner, skill, evaluation_count, created_at, created_by, modified_at, modified_by) values (41, '#954f17', 'Yukon', 2, 3, 109, '2023-02-19 18:54:38', 'King Ralph', '2022-10-06 04:45:09', 'Puppet Master 4');
insert into team (id, password, team_name, manner, skill, evaluation_count, created_at, created_by, modified_at, modified_by) values (42, '#fcfff1', 'Impala SS', 4, 4, 173, '2023-06-13 20:56:40', 'Nanayo (Nanayomachi)', '2022-12-18 09:28:01', 'Cup, The (Phörpa)');
insert into team (id, password, team_name, manner, skill, evaluation_count, created_at, created_by, modified_at, modified_by) values (43, '#5d21a8', 'Ciera', 5, 1, 36, '2023-02-09 02:02:56', 'Slipstream', '2023-03-04 14:00:38', 'True Lies');
insert into team (id, password, team_name, manner, skill, evaluation_count, created_at, created_by, modified_at, modified_by) values (44, '#f30b72', 'SJ', 1, 3, 172, '2023-06-14 21:54:15', 'After the Fox (Caccia alla volpe)', '2023-01-27 09:38:23', 'Pretty Persuasion');
insert into team (id, password, team_name, manner, skill, evaluation_count, created_at, created_by, modified_at, modified_by) values (45, '#f7a08c', 'I', 7, 5, 120, '2023-03-29 22:11:21', 'War of the Worlds', '2022-07-28 13:59:06', 'Shaolin Temple (Shao Lin si)');
insert into team (id, password, team_name, manner, skill, evaluation_count, created_at, created_by, modified_at, modified_by) values (46, '#f80075', 'Ram 1500 Club', 7, 5, 107, '2022-09-13 00:11:57', 'River Murders, The', '2023-02-14 10:04:08', '''71');
insert into team (id, password, team_name, manner, skill, evaluation_count, created_at, created_by, modified_at, modified_by) values (47, '#c6221c', 'LS', 3, 2, 193, '2023-01-31 03:00:58', 'Another Harvest Moon', '2023-03-02 06:26:56', 'Witless Protection');
insert into team (id, password, team_name, manner, skill, evaluation_count, created_at, created_by, modified_at, modified_by) values (48, '#93dd9d', 'Amigo', 4, 4, 187, '2023-06-09 03:44:50', 'White Squall', '2022-07-21 04:49:18', 'Dry Summer (Susuz yaz) (Reflections)');
insert into team (id, password, team_name, manner, skill, evaluation_count, created_at, created_by, modified_at, modified_by) values (49, '#15f9e6', 'Galant', 5, 2, 47, '2022-08-06 10:51:23', 'I Travel Alone', '2023-02-19 06:26:40', 'Popcorn');
insert into team (id, password, team_name, manner, skill, evaluation_count, created_at, created_by, modified_at, modified_by) values (50, '#2458ff', 'Yukon', 2, 5, 57, '2022-11-25 01:37:08', 'Enemy of the State', '2022-12-27 03:14:44', 'Failan');
insert into team (id, password, team_name, manner, skill, evaluation_count, created_at, created_by, modified_at, modified_by) values (51, '#c1ebd1', 'Town & Country', 7, 5, 57, '2022-09-10 05:29:23', 'Dark Corner, The', '2022-10-24 01:11:44', 'Isle, The (Seom)');
insert into team (id, password, team_name, manner, skill, evaluation_count, created_at, created_by, modified_at, modified_by) values (52, '#428ce4', 'Impala', 5, 5, 77, '2022-08-06 15:16:01', 'Life as We Know It', '2023-03-04 21:34:49', 'Ugly, Dirty and Bad (Brutti sporchi e cattivi)');
insert into team (id, password, team_name, manner, skill, evaluation_count, created_at, created_by, modified_at, modified_by) values (53, '#505641', 'Malibu Maxx', 3, 5, 40, '2022-09-04 06:28:22', 'August', '2023-04-25 18:34:56', 'Känd från TV');
insert into team (id, password, team_name, manner, skill, evaluation_count, created_at, created_by, modified_at, modified_by) values (54, '#72f1f0', 'Cabriolet', 3, 3, 98, '2022-12-27 17:18:23', 'Tank Girl', '2023-01-22 23:47:01', 'Heatstroke');
insert into team (id, password, team_name, manner, skill, evaluation_count, created_at, created_by, modified_at, modified_by) values (55, '#1d2e47', 'Grand Prix', 6, 5, 168, '2023-03-22 07:57:23', 'Gen 13 (a.k.a. Gen13: The Animated Movie)', '2023-01-09 14:55:10', 'Crimson Wing: Mystery of the Flamingos, The');
insert into team (id, password, team_name, manner, skill, evaluation_count, created_at, created_by, modified_at, modified_by) values (56, '#18f870', 'Silhouette', 6, 4, 28, '2022-08-28 11:44:02', 'Passengers', '2023-04-09 23:03:04', 'Sweeney Todd: The Demon Barber of Fleet Street');
insert into team (id, password, team_name, manner, skill, evaluation_count, created_at, created_by, modified_at, modified_by) values (57, '#360668', 'Tahoe', 6, 2, 60, '2023-02-26 09:32:49', 'God of Cookery (Sik san)', '2022-11-12 01:23:00', 'Happy-Go-Lucky');
insert into team (id, password, team_name, manner, skill, evaluation_count, created_at, created_by, modified_at, modified_by) values (58, '#04e011', 'Legacy', 5, 3, 188, '2023-02-24 11:48:52', 'Explorers', '2023-01-28 09:29:29', 'Secrets');
insert into team (id, password, team_name, manner, skill, evaluation_count, created_at, created_by, modified_at, modified_by) values (59, '#ec1466', '1 Series', 6, 2, 14, '2022-08-08 20:01:06', 'Low Down, The', '2023-07-01 15:33:51', 'Open Windows');
insert into team (id, password, team_name, manner, skill, evaluation_count, created_at, created_by, modified_at, modified_by) values (60, '#e76b7c', 'SRX', 1, 5, 87, '2022-11-24 22:49:41', 'Blame it on Fidel! (La faute à Fidel!)', '2022-10-04 17:31:22', 'Bullies');
insert into team (id, password, team_name, manner, skill, evaluation_count, created_at, created_by, modified_at, modified_by) values (61, '#ffc83a', 'Town & Country', 6, 4, 181, '2023-02-14 09:12:17', 'Easy Money (Snabba Cash)', '2023-05-01 05:11:26', 'From Here to Eternity');
insert into team (id, password, team_name, manner, skill, evaluation_count, created_at, created_by, modified_at, modified_by) values (62, '#5c6913', 'Bronco', 4, 4, 33, '2023-02-15 11:46:31', 'C.R.A.Z.Y.', '2022-12-10 21:17:11', 'Loggerheads');
insert into team (id, password, team_name, manner, skill, evaluation_count, created_at, created_by, modified_at, modified_by) values (63, '#468250', 'A3', 2, 5, 10, '2023-02-27 02:38:51', 'River, The', '2022-08-24 14:19:50', 'Frontier of the Dawn (La frontière de l''aube)');
insert into team (id, password, team_name, manner, skill, evaluation_count, created_at, created_by, modified_at, modified_by) values (64, '#f3183d', 'STS-V', 1, 1, 53, '2023-04-27 05:47:44', 'Admiral', '2023-07-02 22:21:10', 'Thousand Clouds of Peace, A (Mil nubes de paz cercan el cielo, amor, jamás acabarás de ser amor)');
insert into team (id, password, team_name, manner, skill, evaluation_count, created_at, created_by, modified_at, modified_by) values (65, '#a6103f', 'GTI', 3, 2, 103, '2022-08-30 20:54:46', 'Truly, Madly, Deeply', '2023-03-22 01:59:22', 'True Heart Susie');
insert into team (id, password, team_name, manner, skill, evaluation_count, created_at, created_by, modified_at, modified_by) values (66, '#d973cb', 'Yukon XL 2500', 2, 1, 42, '2023-03-10 12:56:27', 'Discovery of Heaven, The', '2023-05-09 01:01:07', 'Policeman (Ha-shoter)');
insert into team (id, password, team_name, manner, skill, evaluation_count, created_at, created_by, modified_at, modified_by) values (67, '#81180f', 'V90', 1, 2, 71, '2022-09-27 05:45:33', 'Places in the Heart', '2022-07-31 03:41:37', 'Square Dance');
insert into team (id, password, team_name, manner, skill, evaluation_count, created_at, created_by, modified_at, modified_by) values (68, '#a8cedb', 'S-Type', 1, 4, 79, '2022-09-02 09:07:43', 'On_Line (a.k.a. On Line)', '2022-07-25 05:27:15', 'Blackbird');
insert into team (id, password, team_name, manner, skill, evaluation_count, created_at, created_by, modified_at, modified_by) values (69, '#a0af75', 'Escalade', 4, 4, 175, '2023-05-27 08:13:07', 'Home Movie', '2023-06-28 20:04:53', 'Opposite of Sex, The');
insert into team (id, password, team_name, manner, skill, evaluation_count, created_at, created_by, modified_at, modified_by) values (70, '#1f88fe', 'Clubman', 3, 4, 37, '2023-06-22 21:59:24', 'Eye 2, The (Gin gwai 2)', '2023-06-10 05:53:32', 'Fullmetal Alchemist the Movie: Conqueror of Shamballa (Gekijô-ban hagane no renkinjutsushi: Shanbara wo yuku mono)');
insert into team (id, password, team_name, manner, skill, evaluation_count, created_at, created_by, modified_at, modified_by) values (71, '#83c345', '5 Series', 6, 5, 96, '2022-09-18 16:40:40', 'South of Heaven, West of Hell', '2022-11-18 12:17:19', 'Legend of the Lone Ranger, The');
insert into team (id, password, team_name, manner, skill, evaluation_count, created_at, created_by, modified_at, modified_by) values (72, '#83a21f', 'B2000', 4, 2, 178, '2023-03-21 10:30:58', 'Sorority Row', '2022-09-27 13:48:05', 'Iron Man');
insert into team (id, password, team_name, manner, skill, evaluation_count, created_at, created_by, modified_at, modified_by) values (73, '#a51f89', 'Daewoo Lacetti', 3, 3, 11, '2023-02-11 21:01:33', 'Castle Freak', '2022-08-08 18:57:55', 'Film Geek');
insert into team (id, password, team_name, manner, skill, evaluation_count, created_at, created_by, modified_at, modified_by) values (74, '#3450f1', 'Range Rover', 4, 1, 107, '2022-07-28 15:50:19', 'Craigslist Joe', '2023-01-19 06:10:35', 'Planet of Snail');
insert into team (id, password, team_name, manner, skill, evaluation_count, created_at, created_by, modified_at, modified_by) values (75, '#f6335c', 'Grand Am', 6, 5, 154, '2023-05-19 18:46:31', 'Commitments, The', '2023-06-23 02:21:17', 'Vacation from Marriage');
insert into team (id, password, team_name, manner, skill, evaluation_count, created_at, created_by, modified_at, modified_by) values (76, '#ad814c', 'Countryman', 6, 4, 142, '2023-06-08 03:32:46', 'Police', '2022-08-09 18:46:01', 'Wer');
insert into team (id, password, team_name, manner, skill, evaluation_count, created_at, created_by, modified_at, modified_by) values (77, '#188f67', 'F450', 4, 4, 71, '2023-04-05 19:46:03', 'American Heart', '2022-12-31 18:28:03', 'Still Breathing');
insert into team (id, password, team_name, manner, skill, evaluation_count, created_at, created_by, modified_at, modified_by) values (78, '#262b2e', 'S-Series', 6, 5, 72, '2023-07-10 23:49:24', 'Warlords, The (Tau ming chong)', '2023-01-17 03:17:13', 'House (Hausu)');
insert into team (id, password, team_name, manner, skill, evaluation_count, created_at, created_by, modified_at, modified_by) values (79, '#f385b8', 'Lanos', 2, 4, 140, '2023-03-21 08:42:29', 'Minnie and Moskowitz', '2023-03-12 01:54:32', 'Hounds, The');
insert into team (id, password, team_name, manner, skill, evaluation_count, created_at, created_by, modified_at, modified_by) values (80, '#bc43a7', 'Econoline E250', 3, 3, 45, '2023-04-04 06:44:27', 'Care Bears Movie II: A New Generation', '2023-07-07 22:25:00', 'G.I. Joe: A Real American Hero (G.I. Joe: The MASS Device)');


--team-review
insert into team_review (team_id, manner, skill, created_at, created_by, modified_at, modified_by) values (28, 6, 3, '2022-10-29 00:48:57', 'Austin Powers: International Man of Mystery', '2023-03-12 20:19:54', 'Alibi, The (Lies and Alibis)');
insert into team_review (team_id, manner, skill, created_at, created_by, modified_at, modified_by) values (52, 4, 1, '2022-08-11 11:09:14', 'Mary and Max', '2023-04-28 09:15:36', 'Nightmare in Las Cruces, A');
insert into team_review (team_id, manner, skill, created_at, created_by, modified_at, modified_by) values (71, 1, 3, '2022-11-30 14:28:42', 'To Paint or Make Love (Peindre ou faire l''amour)', '2023-03-26 03:10:47', 'Coming Home (Gui lai)');
insert into team_review (team_id, manner, skill, created_at, created_by, modified_at, modified_by) values (30, 3, 3, '2022-08-06 09:33:16', 'Alaska: Spirit of the Wild', '2023-04-15 13:37:34', 'Fifth Commandment, The');
insert into team_review (team_id, manner, skill, created_at, created_by, modified_at, modified_by) values (2, 5, 5, '2022-07-30 10:36:55', 'Hunt, The (Caza, La)', '2022-11-03 00:01:56', 'Burn');
insert into team_review (team_id, manner, skill, created_at, created_by, modified_at, modified_by) values (75, 4, 4, '2022-09-11 01:22:44', 'Stagecoach', '2022-08-27 07:28:52', 'That Was Then... This Is Now');
insert into team_review (team_id, manner, skill, created_at, created_by, modified_at, modified_by) values (72, 3, 1, '2022-08-28 09:57:28', 'Gospel, The', '2022-12-11 06:16:57', 'Easier with Practice');
insert into team_review (team_id, manner, skill, created_at, created_by, modified_at, modified_by) values (66, 1, 5, '2023-05-27 03:28:28', 'Come September', '2023-01-30 09:00:39', 'Of Freaks and Men (Pro urodov i lyudey)');
insert into team_review (team_id, manner, skill, created_at, created_by, modified_at, modified_by) values (32, 1, 2, '2023-01-24 10:49:27', 'Someday This Pain Will Be Useful to You', '2022-08-29 06:15:58', 'Nosferatu the Vampyre (Nosferatu: Phantom der Nacht)');
insert into team_review (team_id, manner, skill, created_at, created_by, modified_at, modified_by) values (74, 5, 1, '2022-11-23 06:06:04', 'This Land Is Mine', '2023-01-09 09:43:27', '48 Shades');
insert into team_review (team_id, manner, skill, created_at, created_by, modified_at, modified_by) values (21, 5, 2, '2023-01-14 17:15:41', 'Muppets From Space', '2022-08-25 12:49:57', 'Sound of Fury, The');
insert into team_review (team_id, manner, skill, created_at, created_by, modified_at, modified_by) values (63, 5, 3, '2022-09-12 09:37:52', 'How to Deal', '2022-12-18 17:33:53', 'Finding Bliss');
insert into team_review (team_id, manner, skill, created_at, created_by, modified_at, modified_by) values (10, 5, 2, '2023-01-06 05:05:00', 'Borderline', '2022-12-01 02:26:47', 'Ruby Cairo');
insert into team_review (team_id, manner, skill, created_at, created_by, modified_at, modified_by) values (2, 5, 2, '2023-05-10 01:54:45', 'This Above All', '2022-12-13 08:36:17', 'Fourth State, The (Die vierte Macht)');
insert into team_review (team_id, manner, skill, created_at, created_by, modified_at, modified_by) values (76, 4, 4, '2023-01-17 07:25:11', 'Death on the Staircase (Soupçons)', '2023-06-30 11:35:44', 'Bread, Love and Dreams (Pane, amore e fantasia)');
insert into team_review (team_id, manner, skill, created_at, created_by, modified_at, modified_by) values (16, 1, 2, '2022-09-11 01:50:39', 'Taxing Woman, A (Marusa no onna)', '2022-11-12 06:06:15', 'Return of the King, The');
insert into team_review (team_id, manner, skill, created_at, created_by, modified_at, modified_by) values (11, 5, 2, '2022-09-23 21:28:23', 'Assassination Tango', '2023-03-07 00:57:57', 'Of Love and Shadows');
insert into team_review (team_id, manner, skill, created_at, created_by, modified_at, modified_by) values (24, 1, 3, '2023-05-14 13:49:37', 'Peep World', '2023-06-23 10:25:22', 'Impudent Girl (L''effrontée)');
insert into team_review (team_id, manner, skill, created_at, created_by, modified_at, modified_by) values (48, 5, 5, '2023-02-10 21:05:54', 'Plato''s Academy', '2022-10-13 21:05:36', 'Billy Elliot');
insert into team_review (team_id, manner, skill, created_at, created_by, modified_at, modified_by) values (38, 2, 5, '2023-06-08 10:37:03', 'My Best Friend (Mon meilleur ami)', '2022-07-24 20:03:55', 'Zulu');
insert into team_review (team_id, manner, skill, created_at, created_by, modified_at, modified_by) values (53, 5, 2, '2023-04-03 20:15:41', 'Knack ...and How to Get It, The', '2023-02-27 06:58:36', 'Leopard Son, The');
insert into team_review (team_id, manner, skill, created_at, created_by, modified_at, modified_by) values (59, 1, 2, '2023-06-16 08:11:11', 'Trixie', '2022-08-03 22:28:53', 'Fragile Trust: Plagiarism, Power, and Jayson Blair at the New York Times, A');
insert into team_review (team_id, manner, skill, created_at, created_by, modified_at, modified_by) values (50, 2, 5, '2023-06-23 04:43:15', 'The Girls', '2023-02-21 16:44:58', 'L.A. Confidential');
insert into team_review (team_id, manner, skill, created_at, created_by, modified_at, modified_by) values (77, 3, 2, '2023-01-07 00:19:46', 'Counter Investigation (Contre-enquête)', '2022-10-13 00:11:13', 'At Land');
insert into team_review (team_id, manner, skill, created_at, created_by, modified_at, modified_by) values (65, 5, 2, '2023-05-20 11:22:08', 'Ill Gotten Gains', '2022-10-07 19:23:02', 'Mosquito Net, The (La mosquitera)');
insert into team_review (team_id, manner, skill, created_at, created_by, modified_at, modified_by) values (74, 4, 4, '2022-09-27 23:16:46', 'Jack Ryan: Shadow Recruit', '2023-06-10 23:38:37', 'Flakes');
insert into team_review (team_id, manner, skill, created_at, created_by, modified_at, modified_by) values (18, 2, 2, '2022-09-15 04:19:21', 'Great Balls of Fire!', '2023-03-14 19:04:20', 'Jubal');
insert into team_review (team_id, manner, skill, created_at, created_by, modified_at, modified_by) values (13, 3, 2, '2022-12-22 05:59:26', 'Prick Up Your Ears', '2023-06-22 11:56:58', 'Sixth of the World, A (Shestaya chast mira)');
insert into team_review (team_id, manner, skill, created_at, created_by, modified_at, modified_by) values (25, 3, 2, '2023-03-23 08:01:27', 'Tasting Menu', '2023-03-17 02:53:29', 'Mentor');
insert into team_review (team_id, manner, skill, created_at, created_by, modified_at, modified_by) values (63, 1, 1, '2023-03-20 12:47:54', 'Damned, The (La Caduta degli dei)', '2022-10-07 14:18:15', 'Twice Upon a Time');
insert into team_review (team_id, manner, skill, created_at, created_by, modified_at, modified_by) values (74, 4, 4, '2022-10-21 04:52:35', 'Castle of Sand, The (Suna no utsuwa)', '2022-08-13 20:56:26', 'New York Cop (Nyû Yôku no koppu)');
insert into team_review (team_id, manner, skill, created_at, created_by, modified_at, modified_by) values (25, 5, 1, '2022-09-16 18:22:50', 'Wer', '2022-12-25 09:08:30', 'Beyond the Mat');
insert into team_review (team_id, manner, skill, created_at, created_by, modified_at, modified_by) values (54, 7, 5, '2022-12-30 12:38:23', 'Brain Damage', '2023-04-22 15:36:29', 'The Old Gun');
insert into team_review (team_id, manner, skill, created_at, created_by, modified_at, modified_by) values (15, 4, 5, '2022-12-08 18:52:56', 'Principal, The', '2022-11-04 07:49:33', 'Canyons, The');
insert into team_review (team_id, manner, skill, created_at, created_by, modified_at, modified_by) values (1, 5, 2, '2022-11-02 04:08:10', 'The Grump', '2022-10-15 04:35:22', 'Halloweentown');
insert into team_review (team_id, manner, skill, created_at, created_by, modified_at, modified_by) values (42, 2, 5, '2023-03-03 18:38:34', 'Stepdaughter, The', '2023-01-18 10:20:29', 'History of Violence, A');
insert into team_review (team_id, manner, skill, created_at, created_by, modified_at, modified_by) values (9, 2, 3, '2023-04-02 03:00:15', 'Deserter (Dezertir)', '2023-07-05 01:46:08', 'Cabinet of Caligari, The');
insert into team_review (team_id, manner, skill, created_at, created_by, modified_at, modified_by) values (7, 1, 1, '2022-09-23 19:30:47', 'United States of Leland, The', '2023-03-18 23:12:07', 'Stargate SG-1 Children of the Gods - Final Cut');
insert into team_review (team_id, manner, skill, created_at, created_by, modified_at, modified_by) values (24, 6, 3, '2023-05-25 20:20:11', 'Pusher III: I''m the Angel of Death', '2023-05-19 22:25:21', 'Sacrifice, The (Offret - Sacraficatio)');
insert into team_review (team_id, manner, skill, created_at, created_by, modified_at, modified_by) values (15, 1, 5, '2023-06-18 23:28:50', 'The Dust Bowl', '2022-12-30 06:46:16', 'Father and Son (Otets i syn)');
insert into team_review (team_id, manner, skill, created_at, created_by, modified_at, modified_by) values (57, 3, 4, '2023-03-31 08:00:01', 'Stavisky...', '2023-03-13 21:10:49', 'The Forgotten Faces');
insert into team_review (team_id, manner, skill, created_at, created_by, modified_at, modified_by) values (80, 1, 5, '2023-03-26 02:57:06', 'Cheech & Chong: Still Smokin''', '2023-02-16 02:00:02', 'Micmacs (Micmacs à tire-larigot)');
insert into team_review (team_id, manner, skill, created_at, created_by, modified_at, modified_by) values (66, 7, 1, '2023-05-20 13:57:47', 'Twisted Nerve', '2022-08-02 14:12:28', 'Reign of Assassins');
insert into team_review (team_id, manner, skill, created_at, created_by, modified_at, modified_by) values (44, 1, 3, '2023-03-14 23:55:24', 'Leviathan', '2023-01-17 10:53:36', 'Very Bad Things');
insert into team_review (team_id, manner, skill, created_at, created_by, modified_at, modified_by) values (77, 6, 2, '2023-06-20 19:09:31', 'Whales of August, The', '2023-04-12 11:19:34', 'Wedding Weekend, The (Sing Now or Forever Hold Your Peace) (Shut Up and Sing)');
insert into team_review (team_id, manner, skill, created_at, created_by, modified_at, modified_by) values (14, 1, 5, '2022-07-27 23:06:30', 'Four Christmases', '2023-06-12 18:28:30', 'Becky Sharp');
insert into team_review (team_id, manner, skill, created_at, created_by, modified_at, modified_by) values (10, 4, 3, '2023-01-28 07:44:29', 'Mother and Child', '2023-05-01 02:44:23', 'Buddy');
insert into team_review (team_id, manner, skill, created_at, created_by, modified_at, modified_by) values (50, 7, 4, '2022-10-22 15:34:01', 'Favor', '2023-06-09 21:36:06', 'Strongest Man in the World, The');
insert into team_review (team_id, manner, skill, created_at, created_by, modified_at, modified_by) values (42, 2, 3, '2022-10-30 18:15:59', 'Eat Pray Love', '2022-08-08 03:51:37', 'Substitute, The');
insert into team_review (team_id, manner, skill, created_at, created_by, modified_at, modified_by) values (15, 3, 1, '2023-06-28 10:16:26', 'Bachelor Party Vegas', '2022-10-12 08:08:58', 'Hard Way, The');
insert into team_review (team_id, manner, skill, created_at, created_by, modified_at, modified_by) values (4, 1, 5, '2022-10-16 18:26:13', 'Brain Damage', '2023-05-05 02:15:51', 'Dragonfly');
insert into team_review (team_id, manner, skill, created_at, created_by, modified_at, modified_by) values (60, 6, 3, '2022-10-22 23:11:55', 'Hyde Park on Hudson', '2022-10-28 10:24:09', 'Through the Olive Trees (Zire darakhatan zeyton)');
insert into team_review (team_id, manner, skill, created_at, created_by, modified_at, modified_by) values (22, 4, 4, '2022-07-22 13:56:48', 'Whore', '2023-01-21 16:24:19', 'King Creole');
insert into team_review (team_id, manner, skill, created_at, created_by, modified_at, modified_by) values (52, 1, 5, '2023-04-03 20:03:55', 'American Tail: Fievel Goes West, An', '2022-10-20 13:42:34', 'I''ll Do Anything');
insert into team_review (team_id, manner, skill, created_at, created_by, modified_at, modified_by) values (8, 6, 5, '2023-03-03 09:42:20', 'All American Chump', '2022-09-18 00:48:23', 'Forgotten');
insert into team_review (team_id, manner, skill, created_at, created_by, modified_at, modified_by) values (59, 7, 3, '2022-12-19 23:28:54', 'Swordfish', '2022-08-06 17:56:30', 'Swan Princess, The');
insert into team_review (team_id, manner, skill, created_at, created_by, modified_at, modified_by) values (28, 6, 1, '2023-05-08 03:55:50', 'G.I. Joe: Operation Dragonfire', '2023-01-20 01:08:37', 'Van Diemen''s Land');
insert into team_review (team_id, manner, skill, created_at, created_by, modified_at, modified_by) values (14, 1, 3, '2022-11-17 20:52:43', 'Don''t Tempt Me (Sin noticias de Dios)', '2023-05-16 14:59:57', 'Snake and Crane Arts of Shaolin (She hao ba bu)');
insert into team_review (team_id, manner, skill, created_at, created_by, modified_at, modified_by) values (30, 7, 2, '2022-12-21 14:57:31', 'Moral Tales, Filmic Issues', '2022-10-04 15:03:06', 'Perfect World, A');
insert into team_review (team_id, manner, skill, created_at, created_by, modified_at, modified_by) values (46, 4, 5, '2023-04-12 06:45:09', 'M. Butterfly', '2023-06-30 03:52:14', 'Criminal, The (a.k.a. Concrete Jungle)');
insert into team_review (team_id, manner, skill, created_at, created_by, modified_at, modified_by) values (61, 7, 1, '2022-11-11 06:09:34', 'Welcome to the Space Show (Uchû shô e yôkoso)', '2023-02-01 10:28:40', 'Girls Gone Dead');
insert into team_review (team_id, manner, skill, created_at, created_by, modified_at, modified_by) values (68, 3, 2, '2023-07-08 00:15:23', 'Reuben, Reuben', '2022-10-01 23:08:12', 'Tenchi: The Samurai Astronomer');
insert into team_review (team_id, manner, skill, created_at, created_by, modified_at, modified_by) values (60, 7, 2, '2022-09-25 23:47:13', 'Trespass', '2022-09-03 22:51:06', 'Beastmaster, The');
insert into team_review (team_id, manner, skill, created_at, created_by, modified_at, modified_by) values (48, 2, 5, '2023-05-08 09:44:38', 'Ernest Goes to Camp', '2022-08-14 23:11:27', 'Jurassic Park III');
insert into team_review (team_id, manner, skill, created_at, created_by, modified_at, modified_by) values (49, 1, 5, '2022-08-29 15:17:27', 'Spy Who Loved Me, The', '2022-10-26 10:06:58', 'Bring Me the Head of Alfredo Garcia');
insert into team_review (team_id, manner, skill, created_at, created_by, modified_at, modified_by) values (39, 6, 3, '2023-01-07 12:03:50', 'Fever', '2023-07-12 10:29:02', 'Una Noche');
insert into team_review (team_id, manner, skill, created_at, created_by, modified_at, modified_by) values (29, 1, 5, '2022-09-21 13:54:22', 'Live and Let Die', '2022-07-26 03:14:08', 'My Brother''s Wife (Mujer de mi hermano, La)');
insert into team_review (team_id, manner, skill, created_at, created_by, modified_at, modified_by) values (39, 1, 4, '2022-11-11 20:38:41', 'The Pee-Wee Herman Show on Broadway', '2023-04-25 14:21:23', 'Charlie Bartlett');
insert into team_review (team_id, manner, skill, created_at, created_by, modified_at, modified_by) values (69, 1, 2, '2022-08-20 01:22:43', 'Teddy Bear (Mis)', '2022-07-19 07:03:48', 'Last Kiss, The (Ultimo bacio, L'')');
insert into team_review (team_id, manner, skill, created_at, created_by, modified_at, modified_by) values (31, 2, 3, '2023-02-07 23:25:16', 'Asterix at the Olympic Games (Astérix aux jeux olympiques)', '2022-10-14 18:49:34', 'Casablanca Express');
insert into team_review (team_id, manner, skill, created_at, created_by, modified_at, modified_by) values (24, 6, 2, '2023-01-18 00:42:09', 'Elling', '2023-02-18 13:13:25', 'Genova (Summer in Genoa, A)');
insert into team_review (team_id, manner, skill, created_at, created_by, modified_at, modified_by) values (54, 5, 4, '2022-10-28 15:51:19', 'Ace High (Quattro dell''Ave Maria, I)', '2023-06-30 14:33:13', 'April Love');
insert into team_review (team_id, manner, skill, created_at, created_by, modified_at, modified_by) values (2, 6, 2, '2022-10-05 14:45:39', 'Coffee Town', '2022-10-27 21:03:57', 'Marjoe');
insert into team_review (team_id, manner, skill, created_at, created_by, modified_at, modified_by) values (68, 1, 3, '2023-07-17 10:41:09', 'Undertow', '2022-10-08 01:52:19', 'Taking of Pelham 1 2 3, The');
insert into team_review (team_id, manner, skill, created_at, created_by, modified_at, modified_by) values (41, 3, 2, '2022-07-28 14:10:51', 'Barcelona', '2022-12-12 07:11:32', 'Endurance: Shackleton''s Legendary Antarctic Expedition, The');
insert into team_review (team_id, manner, skill, created_at, created_by, modified_at, modified_by) values (24, 1, 5, '2023-03-31 00:17:18', 'Sparrow (a.k.a. Cultured Bird) (Man jeuk)', '2022-08-11 02:23:20', 'Way You Wanted Me, The (Sellaisena kuin sinä minut halusit)');
insert into team_review (team_id, manner, skill, created_at, created_by, modified_at, modified_by) values (56, 5, 3, '2023-04-06 20:20:25', 'Bûche, La', '2023-01-19 23:16:41', 'Little Big League');
insert into team_review (team_id, manner, skill, created_at, created_by, modified_at, modified_by) values (59, 1, 3, '2022-12-29 10:19:00', 'Man with Two Brains, The', '2022-10-27 03:17:41', 'Smitty');
insert into team_review (team_id, manner, skill, created_at, created_by, modified_at, modified_by) values (32, 6, 1, '2022-08-19 21:02:04', 'Recess: School''s Out', '2022-11-02 21:23:20', 'See Heaven');
insert into team_review (team_id, manner, skill, created_at, created_by, modified_at, modified_by) values (73, 3, 2, '2022-12-26 16:39:26', 'Bird People', '2022-08-12 15:10:32', 'Love (Szerelem)');
insert into team_review (team_id, manner, skill, created_at, created_by, modified_at, modified_by) values (7, 3, 4, '2023-07-02 20:47:42', 'Cat Chaser', '2023-01-01 08:37:52', 'Take Care of My Cat (Goyangileul butaghae)');
insert into team_review (team_id, manner, skill, created_at, created_by, modified_at, modified_by) values (37, 4, 4, '2023-03-18 13:47:13', 'Mildred Pierce', '2022-07-24 16:34:27', 'Snowblind');
insert into team_review (team_id, manner, skill, created_at, created_by, modified_at, modified_by) values (1, 1, 3, '2023-02-17 06:33:32', 'Poppy Shakespeare', '2023-02-17 12:14:00', 'Gunfighter, The');
insert into team_review (team_id, manner, skill, created_at, created_by, modified_at, modified_by) values (29, 7, 5, '2023-01-09 13:58:49', 'Amour', '2022-12-15 20:21:08', 'Moving');
insert into team_review (team_id, manner, skill, created_at, created_by, modified_at, modified_by) values (15, 7, 4, '2023-06-15 19:12:14', 'Three Times (Zui hao de shi guang)', '2023-04-21 19:11:00', 'Polite People (Kurteist fólk)');
insert into team_review (team_id, manner, skill, created_at, created_by, modified_at, modified_by) values (11, 6, 5, '2023-04-12 19:07:35', 'Benigni', '2023-02-24 12:47:28', 'Last Blitzkrieg, The');
insert into team_review (team_id, manner, skill, created_at, created_by, modified_at, modified_by) values (48, 6, 3, '2023-02-09 01:20:00', 'Man in the Saddle', '2023-02-27 06:46:59', 'Smiley''s People');
insert into team_review (team_id, manner, skill, created_at, created_by, modified_at, modified_by) values (59, 3, 4, '2022-10-22 06:16:41', 'Agora', '2022-08-14 12:56:42', 'Ballad of Jack and Rose, The');
insert into team_review (team_id, manner, skill, created_at, created_by, modified_at, modified_by) values (63, 5, 3, '2022-10-19 17:16:21', 'Act Da Fool', '2023-02-03 00:55:04', 'Dancer in the Dark');
insert into team_review (team_id, manner, skill, created_at, created_by, modified_at, modified_by) values (42, 3, 4, '2023-02-25 05:34:18', 'Sweet Charity', '2023-03-08 20:55:44', 'Shinobi No Mono 2: Vengeance (Zoku shinobi no mono)');
insert into team_review (team_id, manner, skill, created_at, created_by, modified_at, modified_by) values (1, 7, 3, '2023-03-23 21:50:06', 'Henri-Georges Clouzot''s Inferno (L''enfer d''Henri-Georges Clouzot)', '2022-10-26 00:23:36', 'Goodbye Charlie');
insert into team_review (team_id, manner, skill, created_at, created_by, modified_at, modified_by) values (61, 1, 4, '2023-06-01 16:53:37', 'Les Feux Arctiques (Arktiset tulet)', '2022-11-01 21:47:27', 'You Are God (Jestes Bogiem)');
insert into team_review (team_id, manner, skill, created_at, created_by, modified_at, modified_by) values (44, 1, 5, '2022-11-15 00:59:16', 'Stooge, The', '2022-08-24 01:14:39', 'Saint John of Las Vegas');
insert into team_review (team_id, manner, skill, created_at, created_by, modified_at, modified_by) values (51, 3, 1, '2023-02-28 10:01:08', 'Live and Become (Va, vis et deviens)', '2023-02-01 13:20:09', 'And Everything Is Going Fine');
insert into team_review (team_id, manner, skill, created_at, created_by, modified_at, modified_by) values (10, 1, 4, '2023-03-09 09:59:22', 'Note by Note: The Making of Steinway L1037', '2023-07-02 13:14:08', 'Azumi');
insert into team_review (team_id, manner, skill, created_at, created_by, modified_at, modified_by) values (43, 5, 1, '2022-07-27 18:29:38', 'Broken Arrow', '2023-06-29 00:20:21', 'Secret, The');
insert into team_review (team_id, manner, skill, created_at, created_by, modified_at, modified_by) values (25, 2, 1, '2022-08-03 11:59:38', 'Queen of the Amazons', '2023-06-13 16:38:59', 'Samaritan Zatoichi (Zatôichi kenka-daiko) (Zatôichi 19)');
insert into team_review (team_id, manner, skill, created_at, created_by, modified_at, modified_by) values (40, 3, 3, '2023-06-17 20:39:39', 'Soul Man', '2023-05-10 12:52:30', 'Let''s Do It Again');
insert into team_review (team_id, manner, skill, created_at, created_by, modified_at, modified_by) values (47, 1, 1, '2023-04-07 09:22:44', 'Mississippi Burning', '2022-11-20 02:27:55', 'Firm, The');
insert into team_review (team_id, manner, skill, created_at, created_by, modified_at, modified_by) values (73, 4, 2, '2023-02-15 14:31:08', 'The 3 Rs', '2023-06-16 07:40:14', '21 Hours at Munich');

--manager
insert into manager (id, password, created_at, created_by, modified_at, modified_by) values (1, '#e53d99', '2022-10-20 08:31:15', 'One Man Against the Organization', '2023-06-14 22:24:01', 'My Summer of Love');
insert into manager (id, password, created_at, created_by, modified_at, modified_by) values (2, '#e2ff3e', '2022-10-19 09:39:33', '7 Women (a.k.a. Seven Women)', '2022-12-07 17:23:52', 'Frenzy');
insert into manager (id, password, created_at, created_by, modified_at, modified_by) values (3, '#2d524b', '2022-09-15 13:45:23', 'Chicago Massacre: Richard Speck', '2023-03-17 04:47:33', 'Time Freak');
insert into manager (id, password, created_at, created_by, modified_at, modified_by) values (4, '#6d7663', '2023-05-03 15:28:49', 'My Left Foot', '2023-06-14 05:29:25', 'FairyTale: A True Story');
insert into manager (id, password, created_at, created_by, modified_at, modified_by) values (5, '#a55cc4', '2023-05-28 17:56:03', 'Rio', '2022-10-18 17:50:24', 'Loser Takes All, The (O hamenos ta pairnei ola)');
insert into manager (id, password, created_at, created_by, modified_at, modified_by) values (6, '#3dc687', '2022-08-14 04:12:32', 'Armour of God II: Operation Condor (Operation Condor) (Fei ying gai wak)', '2023-01-21 10:42:00', 'Asterix & Obelix: God Save Britannia (Astérix et Obélix: Au service de Sa Majesté)');
insert into manager (id, password, created_at, created_by, modified_at, modified_by) values (7, '#5cac74', '2022-08-21 01:57:11', 'Quiz Show', '2023-05-17 20:33:57', 'Dr. Who and the Daleks');
insert into manager (id, password, created_at, created_by, modified_at, modified_by) values (8, '#1f4464', '2022-11-16 14:15:32', 'See No Evil', '2022-12-14 13:03:30', 'That''s My Boy');
insert into manager (id, password, created_at, created_by, modified_at, modified_by) values (9, '#f23a32', '2022-11-08 08:01:50', 'Attack of the Giant Leeches', '2022-08-15 21:46:22', 'Light the Fuse... Sartana Is Coming');
insert into manager (id, password, created_at, created_by, modified_at, modified_by) values (10, '#c7a781', '2022-07-22 07:27:36', 'Elvis and Me', '2022-12-15 07:38:55', 'Life After Tomorrow');
insert into manager (id, password, created_at, created_by, modified_at, modified_by) values (11, '#a0d3df', '2022-12-02 03:12:15', 'Strange Invaders', '2023-02-05 11:50:27', 'The Beales of Grey Gardens');
insert into manager (id, password, created_at, created_by, modified_at, modified_by) values (12, '#7a71df', '2022-09-10 08:50:48', 'Where Angels Fear to Tread', '2023-02-17 16:13:10', 'Looking for Hortense (Cherchez Hortense) ');
insert into manager (id, password, created_at, created_by, modified_at, modified_by) values (13, '#511565', '2022-09-11 02:38:30', 'Tusk', '2023-07-02 09:05:49', 'Cloverfield');
insert into manager (id, password, created_at, created_by, modified_at, modified_by) values (14, '#9b6821', '2023-06-16 08:55:58', 'Forgetting Sarah Marshall', '2022-08-25 12:14:01', 'Budd Boetticher: A Man Can Do That');
insert into manager (id, password, created_at, created_by, modified_at, modified_by) values (15, '#c9e964', '2023-02-22 11:44:43', 'Little Mermaid: Ariel''s Beginning, The', '2023-07-01 21:10:12', 'Education of Little Tree, The');
insert into manager (id, password, created_at, created_by, modified_at, modified_by) values (16, '#6a6efd', '2023-04-26 17:18:43', 'Littlest Rebel, The', '2023-06-30 02:36:47', 'Lawman');
insert into manager (id, password, created_at, created_by, modified_at, modified_by) values (17, '#f32fa2', '2023-07-03 03:23:20', 'Lone Wolf and Cub: Baby Cart at the River Styx (Kozure Ôkami: Sanzu no kawa no ubaguruma)', '2022-12-22 17:51:19', 'Are You Here');
insert into manager (id, password, created_at, created_by, modified_at, modified_by) values (18, '#a899f3', '2023-03-07 23:10:22', 'Home of the Brave', '2022-08-31 22:04:17', 'Victory Through Air Power');
insert into manager (id, password, created_at, created_by, modified_at, modified_by) values (19, '#4f2033', '2023-01-09 14:33:49', 'What Price Hollywood?', '2022-09-03 19:52:49', 'Whispers in the Dark');
insert into manager (id, password, created_at, created_by, modified_at, modified_by) values (20, '#7e990f', '2023-03-29 15:42:33', 'Last Wave, The', '2023-05-22 13:40:43', 'Beslan: Three Days in September');
insert into manager (id, password, created_at, created_by, modified_at, modified_by) values (21, '#f525b4', '2023-02-27 01:49:37', 'Special When Lit', '2022-12-21 03:59:34', 'Valkyrie');
insert into manager (id, password, created_at, created_by, modified_at, modified_by) values (22, '#33150e', '2023-03-29 01:07:56', 'Kind of Loving, A', '2023-04-03 00:14:19', 'Eyes of Tammy Faye, The');
insert into manager (id, password, created_at, created_by, modified_at, modified_by) values (23, '#26999f', '2023-04-04 17:08:59', 'Blood Shot', '2023-02-04 03:23:49', 'Batch ''81');
insert into manager (id, password, created_at, created_by, modified_at, modified_by) values (24, '#c9d23c', '2022-12-25 21:19:14', 'Hell Night', '2023-07-01 11:51:46', 'Donnie Brasco');
insert into manager (id, password, created_at, created_by, modified_at, modified_by) values (25, '#4b4694', '2023-06-12 23:45:15', 'Incognito', '2022-10-12 18:24:48', 'Space Raiders');
insert into manager (id, password, created_at, created_by, modified_at, modified_by) values (26, '#ca9bec', '2022-10-18 10:50:24', 'Son of Lassie', '2023-03-28 00:47:58', 'Dolce Vita, La');
insert into manager (id, password, created_at, created_by, modified_at, modified_by) values (27, '#6c1ebf', '2023-01-10 11:10:07', 'Jimmy and Judy', '2022-09-26 22:47:09', 'Dark Hours, The');
insert into manager (id, password, created_at, created_by, modified_at, modified_by) values (28, '#587821', '2023-04-28 21:25:26', 'Like Water for Chocolate (Como agua para chocolate)', '2023-01-07 01:00:51', 'In Her Shoes');
insert into manager (id, password, created_at, created_by, modified_at, modified_by) values (29, '#a16753', '2023-07-12 11:01:31', 'This Christmas', '2023-01-12 17:37:17', 'Dreams of  a Life');
insert into manager (id, password, created_at, created_by, modified_at, modified_by) values (30, '#f99244', '2022-12-07 06:06:24', 'Sometimes They Come Back', '2022-10-09 04:23:14', 'Barry Munday');

--stadium
insert into stadium (field_count, gpa, tel, time, evaluation_count, manager_id, created_at, created_by, modified_at, modified_by) values (4, 1, '296 612 2964', '5:34 PM', 17, 16, '2023-02-28 18:26:23', 'Bench, The (Bænken)', '2023-05-07 11:03:19', 'What Alice Found');
insert into stadium (field_count, gpa, tel, time, evaluation_count, manager_id, created_at, created_by, modified_at, modified_by) values (5, 4, '588 486 0232', '2:40 PM', 83, 8, '2022-11-13 01:57:36', 'Into the Night', '2022-12-07 04:36:22', 'Submarine');
insert into stadium (field_count, gpa, tel, time, evaluation_count, manager_id, created_at, created_by, modified_at, modified_by) values (3, 3, '972 611 6948', '12:52 AM', 83, 26, '2022-12-18 20:33:31', 'Butterflies Are Free', '2023-02-25 01:30:55', 'Francis');
insert into stadium (field_count, gpa, tel, time, evaluation_count, manager_id, created_at, created_by, modified_at, modified_by) values (2, 4, '118 411 8098', '4:27 PM', 56, 1, '2022-09-01 06:34:48', '1984', '2023-02-23 19:27:00', 'Shelter');
insert into stadium (field_count, gpa, tel, time, evaluation_count, manager_id, created_at, created_by, modified_at, modified_by) values (1, 4, '787 356 4590', '8:59 PM', 48, 6, '2022-08-10 19:05:09', 'Stranger, The (Straniero, Lo)', '2022-10-12 10:48:55', 'Male Domination');
insert into stadium (field_count, gpa, tel, time, evaluation_count, manager_id, created_at, created_by, modified_at, modified_by) values (1, 1, '843 782 7244', '4:14 PM', 29, 13, '2023-01-28 18:08:52', 'Business, The', '2023-05-04 11:58:18', 'Ballet Shoes');
insert into stadium (field_count, gpa, tel, time, evaluation_count, manager_id, created_at, created_by, modified_at, modified_by) values (3, 1, '202 548 9534', '1:17 AM', 34, 27, '2023-01-10 05:02:28', 'Come Back to Me', '2022-11-29 13:57:58', 'Bloodhounds of Broadway');
insert into stadium (field_count, gpa, tel, time, evaluation_count, manager_id, created_at, created_by, modified_at, modified_by) values (5, 5, '858 388 0399', '4:27 PM', 19, 21, '2023-02-20 08:09:32', 'Batman Begins', '2023-01-25 20:35:31', 'Two Weeks Notice');
insert into stadium (field_count, gpa, tel, time, evaluation_count, manager_id, created_at, created_by, modified_at, modified_by) values (2, 1, '241 721 5478', '1:23 PM', 73, 1, '2023-04-05 14:09:37', 'Rasputin and the Empress', '2023-02-20 18:38:14', 'Journey for Margaret');
insert into stadium (field_count, gpa, tel, time, evaluation_count, manager_id, created_at, created_by, modified_at, modified_by) values (3, 4, '835 124 3848', '9:52 AM', 37, 22, '2023-01-18 15:00:24', 'Born to Fight (Kerd ma lui)', '2022-08-28 19:37:34', 'The Land Before Time VIII: The Big Freeze');
insert into stadium (field_count, gpa, tel, time, evaluation_count, manager_id, created_at, created_by, modified_at, modified_by) values (1, 1, '867 254 0830', '1:02 PM', 47, 11, '2023-06-14 11:44:53', 'Baby Take a Bow', '2023-02-07 23:30:44', 'Godless Girl, The');
insert into stadium (field_count, gpa, tel, time, evaluation_count, manager_id, created_at, created_by, modified_at, modified_by) values (3, 5, '311 656 1273', '6:41 PM', 79, 11, '2022-07-28 08:32:53', 'Human Lanterns (Ren pi deng long)', '2023-05-14 08:45:50', 'Adventures of Power');
insert into stadium (field_count, gpa, tel, time, evaluation_count, manager_id, created_at, created_by, modified_at, modified_by) values (3, 5, '212 749 1604', '8:04 PM', 25, 6, '2023-04-04 06:39:04', 'Q: The Winged Serpent', '2023-04-16 01:04:29', 'Udaan');
insert into stadium (field_count, gpa, tel, time, evaluation_count, manager_id, created_at, created_by, modified_at, modified_by) values (1, 1, '968 359 1515', '7:03 PM', 61, 27, '2022-08-22 05:30:07', 'London', '2023-01-10 16:38:16', 'Mighty Joe Young');
insert into stadium (field_count, gpa, tel, time, evaluation_count, manager_id, created_at, created_by, modified_at, modified_by) values (5, 2, '339 830 5972', '4:00 AM', 69, 28, '2023-06-13 11:23:44', 'Little Thief, The (Le petit voleur)', '2022-12-21 09:10:10', 'Pledge This!');
insert into stadium (field_count, gpa, tel, time, evaluation_count, manager_id, created_at, created_by, modified_at, modified_by) values (4, 5, '454 229 4622', '5:25 PM', 63, 13, '2022-07-23 18:24:53', 'Mean Girls 2', '2023-01-27 08:10:32', 'Mikado, The');
insert into stadium (field_count, gpa, tel, time, evaluation_count, manager_id, created_at, created_by, modified_at, modified_by) values (3, 4, '624 217 9923', '9:35 AM', 61, 26, '2023-05-22 20:20:39', 'Joyriders, The', '2023-05-03 14:37:16', 'Tapestries of Hope');
insert into stadium (field_count, gpa, tel, time, evaluation_count, manager_id, created_at, created_by, modified_at, modified_by) values (4, 2, '553 167 5989', '7:07 PM', 42, 12, '2023-07-05 02:42:08', 'Oasis', '2022-10-08 10:39:19', 'Midnight Dancers (Sibak)');
insert into stadium (field_count, gpa, tel, time, evaluation_count, manager_id, created_at, created_by, modified_at, modified_by) values (1, 2, '945 944 5978', '12:56 AM', 24, 29, '2023-05-15 22:56:43', 'After You (Après vous...)', '2022-10-11 06:13:34', '13 Assassins (Jûsan-nin no shikaku)');
insert into stadium (field_count, gpa, tel, time, evaluation_count, manager_id, created_at, created_by, modified_at, modified_by) values (2, 2, '373 208 5483', '12:07 AM', 76, 23, '2023-05-02 23:10:40', 'Confessions of a Teenage Drama Queen', '2023-01-09 01:37:46', 'Stars Above');
insert into stadium (field_count, gpa, tel, time, evaluation_count, manager_id, created_at, created_by, modified_at, modified_by) values (5, 5, '427 656 3033', '11:57 AM', 89, 26, '2023-03-03 05:03:51', 'Sesame Street Presents Follow That Bird', '2022-07-26 02:50:29', 'O Amor das Três Romãs');
insert into stadium (field_count, gpa, tel, time, evaluation_count, manager_id, created_at, created_by, modified_at, modified_by) values (5, 5, '733 388 2161', '10:37 AM', 57, 14, '2023-04-28 00:41:01', 'Whole Wide World, The', '2022-10-09 00:15:34', 'Ultramarines: A Warhammer 40,000 Movie');
insert into stadium (field_count, gpa, tel, time, evaluation_count, manager_id, created_at, created_by, modified_at, modified_by) values (5, 3, '598 828 4108', '7:53 PM', 52, 17, '2023-01-02 04:33:42', 'Dean Spanley', '2022-10-04 07:43:59', 'Pat and Mike');
insert into stadium (field_count, gpa, tel, time, evaluation_count, manager_id, created_at, created_by, modified_at, modified_by) values (4, 2, '864 641 6885', '5:06 AM', 81, 20, '2023-02-21 18:35:04', 'Tender Trap, The', '2022-08-29 22:54:47', 'Singh Is Kinng');
insert into stadium (field_count, gpa, tel, time, evaluation_count, manager_id, created_at, created_by, modified_at, modified_by) values (4, 3, '879 680 9002', '1:16 PM', 27, 24, '2023-06-26 00:51:29', 'Brooklyn Bridge', '2022-10-31 22:12:25', 'Stowaway');
insert into stadium (field_count, gpa, tel, time, evaluation_count, manager_id, created_at, created_by, modified_at, modified_by) values (2, 1, '106 994 0861', '6:06 PM', 100, 23, '2022-09-09 06:21:04', 'Fur: An Imaginary Portrait of Diane Arbus', '2022-12-03 21:30:50', 'May 18 (Hwaryeohan hyuga)');
insert into stadium (field_count, gpa, tel, time, evaluation_count, manager_id, created_at, created_by, modified_at, modified_by) values (1, 4, '840 109 2409', '11:45 AM', 73, 3, '2022-12-10 22:53:11', 'Incubus', '2022-07-26 11:32:55', 'Snakes on a Plane');
insert into stadium (field_count, gpa, tel, time, evaluation_count, manager_id, created_at, created_by, modified_at, modified_by) values (1, 5, '451 833 7741', '2:03 AM', 91, 24, '2022-09-11 01:28:04', 'Go', '2023-03-06 05:05:07', 'On the Waterfront');
insert into stadium (field_count, gpa, tel, time, evaluation_count, manager_id, created_at, created_by, modified_at, modified_by) values (2, 2, '354 425 9764', '7:49 PM', 88, 16, '2023-05-31 15:05:37', 'Bedevilled (Kim Bok-nam salinsageonui jeonmal)', '2023-06-06 21:47:22', 'Easy Living');
insert into stadium (field_count, gpa, tel, time, evaluation_count, manager_id, created_at, created_by, modified_at, modified_by) values (5, 5, '665 486 9699', '6:23 PM', 42, 24, '2023-04-13 20:23:28', 'Ninotchka', '2023-03-29 11:42:03', 'Battlestar Galactica: Razor');
insert into stadium (field_count, gpa, tel, time, evaluation_count, manager_id, created_at, created_by, modified_at, modified_by) values (3, 5, '901 710 4672', '11:03 PM', 66, 23, '2022-08-19 04:17:35', 'Beast of War, The (Beast, The)', '2022-08-18 20:24:05', 'The Hunters');
insert into stadium (field_count, gpa, tel, time, evaluation_count, manager_id, created_at, created_by, modified_at, modified_by) values (3, 3, '935 309 4680', '2:08 AM', 80, 18, '2023-02-11 15:58:13', 'Day of the Beast, The (Día de la Bestia, El)', '2022-12-20 12:10:51', 'I Hate Valentine''s Day');
insert into stadium (field_count, gpa, tel, time, evaluation_count, manager_id, created_at, created_by, modified_at, modified_by) values (4, 2, '736 994 9525', '12:57 PM', 35, 19, '2023-01-23 13:59:58', 'Tapia', '2023-04-02 12:26:08', 'Expecting Love (Mala wielka milosc)');
insert into stadium (field_count, gpa, tel, time, evaluation_count, manager_id, created_at, created_by, modified_at, modified_by) values (2, 2, '105 534 5495', '7:31 PM', 34, 30, '2022-11-07 16:03:03', 'Young Aphrodites (Mikres Afrodites)', '2023-02-03 15:38:52', 'Beauty and the Beast (Beauty and the Beasts: A Dark Tale)');
insert into stadium (field_count, gpa, tel, time, evaluation_count, manager_id, created_at, created_by, modified_at, modified_by) values (3, 4, '938 408 8425', '1:13 PM', 72, 16, '2023-06-18 18:00:31', 'Address Unknown (Suchwiin bulmyeong)', '2022-11-08 14:08:45', 'Between Two Worlds');
insert into stadium (field_count, gpa, tel, time, evaluation_count, manager_id, created_at, created_by, modified_at, modified_by) values (5, 3, '914 783 6714', '9:38 PM', 83, 3, '2023-05-17 18:29:38', 'Waking Ned Devine (a.k.a. Waking Ned)', '2023-05-09 00:22:46', 'Ultimate Warrior, The');
insert into stadium (field_count, gpa, tel, time, evaluation_count, manager_id, created_at, created_by, modified_at, modified_by) values (1, 2, '326 145 7432', '5:45 PM', 34, 6, '2023-02-06 16:41:25', 'Bannen Way, The', '2022-12-21 21:03:03', 'Year Zero: The Silent Death of Cambodia');
insert into stadium (field_count, gpa, tel, time, evaluation_count, manager_id, created_at, created_by, modified_at, modified_by) values (5, 5, '848 205 1231', '4:34 AM', 66, 15, '2023-03-02 01:02:21', 'Homage', '2023-03-16 17:54:59', 'Flirt');
insert into stadium (field_count, gpa, tel, time, evaluation_count, manager_id, created_at, created_by, modified_at, modified_by) values (5, 5, '314 599 8245', '4:15 AM', 26, 25, '2023-05-13 05:07:08', 'Murder on the Orient Express', '2023-02-22 10:43:53', 'Hellsing Ultimate OVA Series');
insert into stadium (field_count, gpa, tel, time, evaluation_count, manager_id, created_at, created_by, modified_at, modified_by) values (5, 3, '277 671 6223', '3:15 AM', 32, 21, '2023-04-04 22:46:49', 'Police Academy 3: Back in Training', '2022-10-02 21:33:50', 'Rainmaker, The');
insert into stadium (field_count, gpa, tel, time, evaluation_count, manager_id, created_at, created_by, modified_at, modified_by) values (5, 5, '154 763 5896', '5:14 AM', 67, 24, '2022-12-26 20:10:16', 'Genocide', '2023-02-03 23:53:18', 'Executioner, The');
insert into stadium (field_count, gpa, tel, time, evaluation_count, manager_id, created_at, created_by, modified_at, modified_by) values (5, 3, '211 303 8270', '3:39 AM', 95, 9, '2023-06-08 08:13:12', 'Juwanna Mann', '2023-02-15 18:29:56', 'Saved!');
insert into stadium (field_count, gpa, tel, time, evaluation_count, manager_id, created_at, created_by, modified_at, modified_by) values (4, 1, '567 662 8411', '2:36 PM', 73, 15, '2022-09-01 04:00:01', 'Born to Dance', '2022-08-25 09:01:06', '4th Floor, The');
insert into stadium (field_count, gpa, tel, time, evaluation_count, manager_id, created_at, created_by, modified_at, modified_by) values (5, 4, '702 253 4989', '12:29 AM', 88, 12, '2022-11-09 22:15:11', 'Assassination Tango', '2023-07-11 08:45:29', 'Gymnast, The');
insert into stadium (field_count, gpa, tel, time, evaluation_count, manager_id, created_at, created_by, modified_at, modified_by) values (1, 2, '252 353 1208', '8:16 AM', 18, 7, '2022-09-24 04:02:54', 'Angels & Demons', '2022-10-07 00:09:15', 'Uuno in Spain');
insert into stadium (field_count, gpa, tel, time, evaluation_count, manager_id, created_at, created_by, modified_at, modified_by) values (3, 1, '573 264 9836', '4:13 PM', 33, 12, '2023-03-06 18:00:33', 'Ghost Writer, The', '2023-03-23 09:13:10', 'Chronicle of a Summer (Chronique d''un été)');
insert into stadium (field_count, gpa, tel, time, evaluation_count, manager_id, created_at, created_by, modified_at, modified_by) values (2, 3, '550 621 9133', '12:27 PM', 67, 1, '2022-07-18 03:30:13', 'Forgotten Silver', '2022-12-07 16:06:49', 'Sun Alley (Sonnenallee)');
insert into stadium (field_count, gpa, tel, time, evaluation_count, manager_id, created_at, created_by, modified_at, modified_by) values (5, 2, '544 625 1532', '11:19 AM', 38, 21, '2023-02-01 16:49:25', 'Blablablá', '2022-12-22 04:10:52', 'Hangin'' with the Homeboys');
insert into stadium (field_count, gpa, tel, time, evaluation_count, manager_id, created_at, created_by, modified_at, modified_by) values (5, 3, '452 820 2527', '1:31 AM', 86, 3, '2023-03-03 10:11:01', 'Sabrina', '2022-07-29 15:36:51', 'Tom at the Farm (Tom à la ferme)');
insert into stadium (field_count, gpa, tel, time, evaluation_count, manager_id, created_at, created_by, modified_at, modified_by) values (4, 4, '548 858 1587', '12:43 PM', 97, 24, '2022-12-10 17:39:13', 'Not Your Typical Bigfoot Movie', '2023-05-31 12:53:01', 'Fûke, De');

--field
insert into field (cost, matching_date, start_time, end_time, stadium_id) values (62693, '2022-09-20 16:55:41', '2023-06-23 07:27:10', '2023-05-23 09:24:06', 46);
insert into field (cost, matching_date, start_time, end_time, stadium_id) values (57987, '2023-05-01 10:52:03', '2022-10-04 09:11:23', '2022-12-24 14:11:19', 32);
insert into field (cost, matching_date, start_time, end_time, stadium_id) values (98745, '2023-06-20 18:34:08', '2023-07-02 07:34:57', '2022-10-15 13:02:47', 19);
insert into field (cost, matching_date, start_time, end_time, stadium_id) values (62998, '2023-05-15 12:47:26', '2023-05-24 05:50:37', '2023-04-20 09:21:11', 6);
insert into field (cost, matching_date, start_time, end_time, stadium_id) values (63515, '2022-12-23 18:40:03', '2023-04-03 09:22:18', '2023-03-29 21:33:30', 13);
insert into field (cost, matching_date, start_time, end_time, stadium_id) values (53369, '2023-07-03 01:29:50', '2023-06-11 14:09:10', '2022-11-12 16:44:36', 50);
insert into field (cost, matching_date, start_time, end_time, stadium_id) values (61528, '2023-01-14 05:57:35', '2022-08-03 02:05:36', '2023-06-23 20:19:47', 18);
insert into field (cost, matching_date, start_time, end_time, stadium_id) values (72584, '2023-06-09 11:09:49', '2022-11-12 05:25:25', '2023-07-04 17:55:25', 18);
insert into field (cost, matching_date, start_time, end_time, stadium_id) values (78713, '2023-04-09 13:02:56', '2023-07-08 11:09:44', '2022-08-26 14:51:28', 7);
insert into field (cost, matching_date, start_time, end_time, stadium_id) values (55854, '2023-03-09 21:40:17', '2023-06-20 07:33:49', '2022-08-06 17:57:14', 22);
insert into field (cost, matching_date, start_time, end_time, stadium_id) values (54243, '2022-07-26 12:00:01', '2023-06-17 16:01:56', '2022-11-13 17:39:13', 7);
insert into field (cost, matching_date, start_time, end_time, stadium_id) values (96619, '2022-09-13 10:10:07', '2023-03-05 23:50:25', '2023-04-22 06:35:00', 36);
insert into field (cost, matching_date, start_time, end_time, stadium_id) values (73540, '2023-01-23 16:46:30', '2023-01-16 09:32:04', '2022-12-12 22:25:21', 30);
insert into field (cost, matching_date, start_time, end_time, stadium_id) values (69300, '2023-05-08 00:24:02', '2023-03-12 12:46:58', '2022-12-22 04:26:11', 34);
insert into field (cost, matching_date, start_time, end_time, stadium_id) values (90678, '2022-11-30 10:47:26', '2022-10-05 08:41:22', '2022-08-21 11:53:07', 45);
insert into field (cost, matching_date, start_time, end_time, stadium_id) values (55297, '2022-08-11 16:24:07', '2022-10-24 10:48:12', '2022-12-18 20:47:31', 46);
insert into field (cost, matching_date, start_time, end_time, stadium_id) values (55928, '2023-05-03 12:43:39', '2022-11-07 14:07:30', '2023-04-18 05:34:04', 11);
insert into field (cost, matching_date, start_time, end_time, stadium_id) values (84380, '2022-12-01 19:19:37', '2022-10-21 23:59:52', '2023-05-12 14:49:49', 33);
insert into field (cost, matching_date, start_time, end_time, stadium_id) values (69417, '2023-02-09 13:40:27', '2022-10-04 20:42:24', '2023-06-24 09:11:03', 30);
insert into field (cost, matching_date, start_time, end_time, stadium_id) values (93929, '2023-01-31 18:07:35', '2022-09-07 09:04:53', '2022-09-25 10:44:16', 39);
insert into field (cost, matching_date, start_time, end_time, stadium_id) values (83452, '2023-02-10 07:36:38', '2023-05-13 01:09:48', '2022-09-09 17:09:06', 21);
insert into field (cost, matching_date, start_time, end_time, stadium_id) values (98743, '2022-09-21 01:48:32', '2023-06-30 14:55:18', '2023-01-20 00:05:46', 15);
insert into field (cost, matching_date, start_time, end_time, stadium_id) values (53946, '2023-02-28 04:31:50', '2022-11-10 22:26:01', '2022-10-09 05:02:23', 12);
insert into field (cost, matching_date, start_time, end_time, stadium_id) values (82487, '2023-03-21 02:39:24', '2022-12-04 14:26:29', '2023-03-14 19:24:08', 9);
insert into field (cost, matching_date, start_time, end_time, stadium_id) values (56929, '2023-06-30 00:53:21', '2023-06-30 19:05:08', '2023-01-10 06:13:50', 47);
insert into field (cost, matching_date, start_time, end_time, stadium_id) values (71858, '2022-11-22 11:05:58', '2022-12-02 21:45:48', '2022-11-20 06:26:44', 40);
insert into field (cost, matching_date, start_time, end_time, stadium_id) values (79151, '2022-09-13 01:06:55', '2023-06-05 21:26:47', '2023-06-23 18:59:00', 22);
insert into field (cost, matching_date, start_time, end_time, stadium_id) values (63780, '2023-02-15 13:10:00', '2023-01-15 07:20:35', '2022-10-15 13:46:01', 40);
insert into field (cost, matching_date, start_time, end_time, stadium_id) values (63490, '2022-09-07 00:49:53', '2022-11-06 09:26:47', '2023-01-17 11:10:07', 41);
insert into field (cost, matching_date, start_time, end_time, stadium_id) values (79764, '2022-12-15 12:58:28', '2023-01-12 17:07:26', '2023-02-22 07:22:07', 10);
insert into field (cost, matching_date, start_time, end_time, stadium_id) values (68275, '2022-12-19 19:36:32', '2022-12-13 22:11:05', '2022-12-04 10:31:33', 18);
insert into field (cost, matching_date, start_time, end_time, stadium_id) values (64341, '2022-08-25 09:09:52', '2022-09-10 00:56:25', '2022-09-02 17:44:09', 1);
insert into field (cost, matching_date, start_time, end_time, stadium_id) values (77775, '2023-01-08 10:52:55', '2023-04-28 18:30:24', '2022-09-08 18:01:47', 14);
insert into field (cost, matching_date, start_time, end_time, stadium_id) values (92400, '2022-12-27 07:33:48', '2023-07-15 18:36:50', '2022-12-16 05:48:26', 7);
insert into field (cost, matching_date, start_time, end_time, stadium_id) values (93523, '2022-10-10 03:08:20', '2022-09-07 03:58:39', '2022-08-03 00:45:00', 39);
insert into field (cost, matching_date, start_time, end_time, stadium_id) values (50547, '2023-02-04 13:39:05', '2022-12-04 22:56:40', '2023-04-07 23:03:48', 14);
insert into field (cost, matching_date, start_time, end_time, stadium_id) values (69080, '2022-08-03 11:22:22', '2023-04-16 19:41:57', '2022-12-10 12:56:17', 40);
insert into field (cost, matching_date, start_time, end_time, stadium_id) values (68432, '2023-03-02 16:20:07', '2023-06-12 20:49:15', '2022-09-17 13:59:44', 10);
insert into field (cost, matching_date, start_time, end_time, stadium_id) values (59139, '2023-05-31 08:26:32', '2022-10-10 04:16:02', '2023-05-16 09:44:52', 4);
insert into field (cost, matching_date, start_time, end_time, stadium_id) values (90423, '2022-09-28 21:45:54', '2023-04-06 22:00:54', '2023-03-01 16:17:36', 27);
insert into field (cost, matching_date, start_time, end_time, stadium_id) values (77463, '2022-09-20 12:15:40', '2023-05-21 11:34:03', '2023-06-01 07:36:50', 33);
insert into field (cost, matching_date, start_time, end_time, stadium_id) values (66110, '2023-02-09 01:32:34', '2023-04-25 15:22:59', '2022-10-28 08:54:30', 33);
insert into field (cost, matching_date, start_time, end_time, stadium_id) values (59713, '2022-12-07 03:16:23', '2023-06-16 18:29:58', '2023-05-10 09:32:08', 7);
insert into field (cost, matching_date, start_time, end_time, stadium_id) values (88888, '2022-11-09 06:14:28', '2023-04-06 01:28:21', '2023-01-06 10:54:15', 13);
insert into field (cost, matching_date, start_time, end_time, stadium_id) values (58553, '2023-01-21 16:24:42', '2022-09-19 12:52:55', '2023-03-20 21:40:42', 32);
insert into field (cost, matching_date, start_time, end_time, stadium_id) values (69901, '2022-12-28 02:17:39', '2022-08-19 21:15:12', '2023-07-10 17:26:13', 30);
insert into field (cost, matching_date, start_time, end_time, stadium_id) values (53791, '2023-02-18 10:24:47', '2023-01-11 02:53:56', '2023-06-01 18:32:36', 19);
insert into field (cost, matching_date, start_time, end_time, stadium_id) values (99871, '2023-05-26 08:30:47', '2022-10-04 11:35:29', '2023-06-30 13:38:09', 21);
insert into field (cost, matching_date, start_time, end_time, stadium_id) values (56014, '2023-05-26 14:54:56', '2022-08-13 19:07:10', '2022-07-27 19:06:11', 10);
insert into field (cost, matching_date, start_time, end_time, stadium_id) values (82561, '2023-07-05 03:27:05', '2023-03-19 00:55:17', '2023-04-12 09:03:55', 8);
insert into field (cost, matching_date, start_time, end_time, stadium_id) values (78239, '2023-03-28 12:32:23', '2023-02-11 01:28:08', '2022-12-08 00:24:28', 50);
insert into field (cost, matching_date, start_time, end_time, stadium_id) values (51804, '2023-01-09 09:51:35', '2023-06-30 20:31:20', '2022-08-14 05:39:58', 46);
insert into field (cost, matching_date, start_time, end_time, stadium_id) values (76309, '2022-10-07 09:46:35', '2023-06-11 23:29:30', '2023-01-17 00:28:49', 11);
insert into field (cost, matching_date, start_time, end_time, stadium_id) values (80979, '2022-10-10 09:12:45', '2023-04-29 02:57:48', '2022-12-15 20:44:30', 27);
insert into field (cost, matching_date, start_time, end_time, stadium_id) values (91302, '2023-06-25 21:22:19', '2022-09-27 17:59:51', '2022-09-19 08:13:26', 34);
insert into field (cost, matching_date, start_time, end_time, stadium_id) values (90176, '2023-01-22 00:01:06', '2023-07-13 23:48:46', '2022-12-06 08:33:52', 21);
insert into field (cost, matching_date, start_time, end_time, stadium_id) values (68844, '2022-09-23 02:15:32', '2023-07-09 22:20:02', '2022-10-05 17:52:22', 7);
insert into field (cost, matching_date, start_time, end_time, stadium_id) values (80662, '2022-07-22 17:42:42', '2022-08-29 07:30:19', '2022-12-18 06:19:54', 31);
insert into field (cost, matching_date, start_time, end_time, stadium_id) values (55887, '2022-09-13 22:35:07', '2023-07-10 08:03:14', '2022-10-07 13:28:26', 17);
insert into field (cost, matching_date, start_time, end_time, stadium_id) values (80476, '2022-12-14 23:25:02', '2023-01-21 12:29:38', '2023-02-11 21:03:19', 42);
insert into field (cost, matching_date, start_time, end_time, stadium_id) values (52069, '2022-12-21 21:47:03', '2023-06-16 22:50:20', '2023-06-09 17:41:33', 37);
insert into field (cost, matching_date, start_time, end_time, stadium_id) values (85972, '2023-05-28 22:34:46', '2022-10-24 17:43:07', '2022-09-24 08:13:35', 27);
insert into field (cost, matching_date, start_time, end_time, stadium_id) values (50819, '2023-05-09 17:39:02', '2023-04-03 21:03:34', '2022-12-05 20:53:31', 36);
insert into field (cost, matching_date, start_time, end_time, stadium_id) values (57580, '2023-06-01 06:32:52', '2022-11-19 03:49:00', '2022-08-21 04:14:43', 46);
insert into field (cost, matching_date, start_time, end_time, stadium_id) values (73768, '2022-12-11 18:25:14', '2022-10-04 04:20:36', '2023-04-11 12:27:55', 11);
insert into field (cost, matching_date, start_time, end_time, stadium_id) values (72840, '2023-02-17 13:51:08', '2023-02-22 18:06:45', '2023-02-14 19:52:58', 38);
insert into field (cost, matching_date, start_time, end_time, stadium_id) values (58346, '2022-07-31 13:16:39', '2023-01-26 19:04:24', '2022-11-30 01:05:32', 2);
insert into field (cost, matching_date, start_time, end_time, stadium_id) values (67226, '2022-09-19 11:15:49', '2023-01-25 22:50:37', '2023-04-21 00:41:22', 35);
insert into field (cost, matching_date, start_time, end_time, stadium_id) values (54534, '2023-02-16 20:39:12', '2022-09-06 16:27:35', '2022-12-10 12:50:54', 20);
insert into field (cost, matching_date, start_time, end_time, stadium_id) values (93755, '2022-11-01 06:50:41', '2023-02-03 12:14:12', '2023-01-03 06:51:36', 15);
insert into field (cost, matching_date, start_time, end_time, stadium_id) values (93962, '2023-02-20 22:47:48', '2023-06-16 00:30:25', '2022-12-17 12:09:06', 43);
insert into field (cost, matching_date, start_time, end_time, stadium_id) values (50487, '2023-04-28 12:34:21', '2022-11-14 07:38:24', '2022-12-18 17:16:14', 22);
insert into field (cost, matching_date, start_time, end_time, stadium_id) values (91963, '2023-06-12 01:29:27', '2023-01-12 21:14:33', '2022-09-30 22:13:38', 17);
insert into field (cost, matching_date, start_time, end_time, stadium_id) values (75929, '2022-07-21 18:36:28', '2023-02-18 10:39:11', '2022-12-30 05:16:44', 14);
insert into field (cost, matching_date, start_time, end_time, stadium_id) values (83919, '2022-09-15 16:20:03', '2023-05-19 20:48:40', '2022-07-20 21:03:27', 28);
insert into field (cost, matching_date, start_time, end_time, stadium_id) values (99133, '2023-04-21 23:13:04', '2023-05-10 16:08:20', '2022-09-26 06:37:27', 25);
insert into field (cost, matching_date, start_time, end_time, stadium_id) values (77300, '2023-02-11 19:53:56', '2022-12-22 13:25:27', '2022-08-20 08:52:08', 47);
insert into field (cost, matching_date, start_time, end_time, stadium_id) values (81959, '2022-10-04 12:20:46', '2022-09-05 12:54:42', '2023-02-27 00:53:42', 42);
insert into field (cost, matching_date, start_time, end_time, stadium_id) values (99979, '2022-07-24 07:40:02', '2023-01-19 10:40:07', '2023-02-06 14:53:58', 21);
insert into field (cost, matching_date, start_time, end_time, stadium_id) values (77335, '2023-06-15 18:24:09', '2022-07-28 23:10:09', '2023-06-25 04:41:45', 8);
insert into field (cost, matching_date, start_time, end_time, stadium_id) values (75957, '2023-07-04 12:31:54', '2023-03-29 08:29:56', '2022-10-21 21:42:15', 45);
insert into field (cost, matching_date, start_time, end_time, stadium_id) values (71884, '2022-12-31 02:22:14', '2023-03-02 21:52:53', '2022-12-21 06:20:51', 30);
insert into field (cost, matching_date, start_time, end_time, stadium_id) values (86808, '2022-12-24 22:45:44', '2022-09-16 06:58:53', '2023-03-18 01:43:41', 37);
insert into field (cost, matching_date, start_time, end_time, stadium_id) values (82324, '2022-09-14 11:59:35', '2022-12-30 14:17:21', '2022-11-08 21:58:10', 29);
insert into field (cost, matching_date, start_time, end_time, stadium_id) values (82606, '2022-11-26 02:49:34', '2023-03-07 13:27:03', '2022-09-10 10:22:29', 16);
insert into field (cost, matching_date, start_time, end_time, stadium_id) values (61047, '2023-06-30 16:42:39', '2022-10-06 11:31:39', '2023-05-12 20:35:43', 33);
insert into field (cost, matching_date, start_time, end_time, stadium_id) values (72591, '2022-12-04 12:28:29', '2023-02-22 16:39:34', '2023-03-25 05:12:29', 33);
insert into field (cost, matching_date, start_time, end_time, stadium_id) values (50396, '2023-05-26 07:06:36', '2022-10-15 10:16:03', '2022-12-02 22:55:38', 14);
insert into field (cost, matching_date, start_time, end_time, stadium_id) values (69147, '2023-02-28 17:59:42', '2022-10-10 10:13:45', '2023-06-17 00:51:54', 19);
insert into field (cost, matching_date, start_time, end_time, stadium_id) values (51287, '2023-01-14 08:14:07', '2023-05-07 09:12:34', '2022-10-30 17:38:08', 50);
insert into field (cost, matching_date, start_time, end_time, stadium_id) values (79569, '2022-10-26 14:42:15', '2023-02-16 09:39:26', '2023-04-10 10:35:54', 12);
insert into field (cost, matching_date, start_time, end_time, stadium_id) values (61847, '2023-04-13 17:10:58', '2023-02-22 08:28:56', '2023-03-04 02:46:58', 44);
insert into field (cost, matching_date, start_time, end_time, stadium_id) values (52071, '2023-02-09 14:12:31', '2023-05-27 01:51:31', '2023-01-18 04:44:41', 4);
insert into field (cost, matching_date, start_time, end_time, stadium_id) values (80234, '2022-09-15 08:42:06', '2023-02-12 23:43:24', '2023-07-03 18:59:54', 50);
insert into field (cost, matching_date, start_time, end_time, stadium_id) values (89869, '2023-05-14 07:58:44', '2023-03-21 01:10:45', '2023-07-03 16:13:01', 5);
insert into field (cost, matching_date, start_time, end_time, stadium_id) values (82526, '2022-11-15 10:07:34', '2023-04-27 18:59:21', '2023-06-05 05:37:53', 23);
insert into field (cost, matching_date, start_time, end_time, stadium_id) values (75651, '2022-12-16 01:00:02', '2023-07-14 08:14:05', '2022-09-23 06:15:38', 30);
insert into field (cost, matching_date, start_time, end_time, stadium_id) values (92945, '2023-01-29 15:05:16', '2023-04-26 06:26:52', '2023-03-01 04:09:31', 19);
insert into field (cost, matching_date, start_time, end_time, stadium_id) values (60678, '2023-05-15 09:56:07', '2023-05-20 14:35:38', '2022-09-21 19:56:02', 11);
insert into field (cost, matching_date, start_time, end_time, stadium_id) values (84089, '2022-09-30 04:37:26', '2022-12-17 02:11:29', '2022-11-19 20:34:42', 13);
insert into field (cost, matching_date, start_time, end_time, stadium_id) values (87257, '2023-01-07 21:46:12', '2022-10-22 15:44:52', '2022-08-09 06:01:49', 46);
insert into field (cost, matching_date, start_time, end_time, stadium_id) values (58568, '2023-02-25 01:59:46', '2023-04-02 23:39:43', '2023-02-04 15:58:42', 50);
insert into field (cost, matching_date, start_time, end_time, stadium_id) values (63373, '2022-12-31 12:06:10', '2023-06-01 09:06:42', '2022-11-13 19:55:21', 9);
insert into field (cost, matching_date, start_time, end_time, stadium_id) values (60125, '2023-07-07 11:00:01', '2022-10-03 15:26:19', '2023-03-15 11:17:14', 27);
insert into field (cost, matching_date, start_time, end_time, stadium_id) values (64125, '2023-02-08 14:26:11', '2023-02-02 10:29:42', '2022-11-12 16:45:57', 27);
insert into field (cost, matching_date, start_time, end_time, stadium_id) values (55203, '2022-12-25 12:32:37', '2023-06-19 11:30:02', '2022-08-13 10:19:50', 3);
insert into field (cost, matching_date, start_time, end_time, stadium_id) values (54638, '2023-02-14 16:38:25', '2023-03-04 09:58:34', '2022-12-11 23:43:08', 16);
insert into field (cost, matching_date, start_time, end_time, stadium_id) values (74321, '2023-04-10 01:25:15', '2022-10-17 00:34:57', '2023-01-12 14:31:41', 11);
insert into field (cost, matching_date, start_time, end_time, stadium_id) values (71716, '2023-02-17 13:12:37', '2022-10-05 00:31:15', '2023-02-23 07:02:54', 21);
insert into field (cost, matching_date, start_time, end_time, stadium_id) values (61800, '2022-10-12 10:32:25', '2022-09-14 21:11:58', '2022-08-03 00:56:42', 11);
insert into field (cost, matching_date, start_time, end_time, stadium_id) values (61839, '2023-01-09 08:25:48', '2023-02-14 05:02:33', '2022-09-05 17:01:27', 46);
insert into field (cost, matching_date, start_time, end_time, stadium_id) values (63942, '2023-07-09 21:54:31', '2022-10-06 12:20:58', '2022-08-29 21:06:40', 8);
insert into field (cost, matching_date, start_time, end_time, stadium_id) values (56843, '2022-12-08 11:49:57', '2023-06-24 02:46:41', '2023-03-08 23:50:04', 10);
insert into field (cost, matching_date, start_time, end_time, stadium_id) values (56457, '2023-06-14 19:05:31', '2023-02-05 17:37:44', '2022-08-06 10:54:39', 46);
insert into field (cost, matching_date, start_time, end_time, stadium_id) values (78280, '2023-07-10 15:41:09', '2023-06-11 19:34:46', '2022-09-29 02:18:32', 8);
insert into field (cost, matching_date, start_time, end_time, stadium_id) values (68164, '2023-03-23 06:16:00', '2022-07-29 21:08:55', '2023-02-21 10:34:24', 9);
insert into field (cost, matching_date, start_time, end_time, stadium_id) values (53453, '2023-01-14 14:38:35', '2022-09-04 12:03:46', '2022-10-10 05:20:55', 4);
insert into field (cost, matching_date, start_time, end_time, stadium_id) values (77077, '2022-10-20 05:53:11', '2022-10-09 23:17:51', '2022-08-11 00:33:11', 16);
insert into field (cost, matching_date, start_time, end_time, stadium_id) values (84437, '2023-06-25 09:11:14', '2023-01-07 03:38:59', '2023-04-09 08:50:32', 44);
insert into field (cost, matching_date, start_time, end_time, stadium_id) values (86602, '2023-06-12 14:07:14', '2022-09-23 14:03:59', '2023-05-05 19:27:27', 40);
insert into field (cost, matching_date, start_time, end_time, stadium_id) values (53896, '2022-07-31 08:12:31', '2023-07-17 22:23:20', '2022-12-24 06:26:59', 37);
insert into field (cost, matching_date, start_time, end_time, stadium_id) values (77084, '2022-10-21 09:42:04', '2023-06-30 22:24:12', '2023-05-08 18:03:14', 49);
insert into field (cost, matching_date, start_time, end_time, stadium_id) values (54041, '2023-01-26 05:24:13', '2023-02-25 09:33:04', '2022-08-09 02:06:17', 23);
insert into field (cost, matching_date, start_time, end_time, stadium_id) values (84763, '2023-02-25 10:23:03', '2023-04-13 18:14:51', '2023-02-13 13:39:30', 37);
insert into field (cost, matching_date, start_time, end_time, stadium_id) values (80459, '2023-06-15 20:07:04', '2023-04-09 07:42:43', '2022-12-25 04:08:52', 39);
insert into field (cost, matching_date, start_time, end_time, stadium_id) values (90174, '2023-03-20 20:48:40', '2023-03-24 02:26:17', '2022-09-16 22:43:38', 35);
insert into field (cost, matching_date, start_time, end_time, stadium_id) values (53293, '2023-04-28 05:43:49', '2023-01-09 13:09:31', '2022-12-08 21:59:12', 28);
insert into field (cost, matching_date, start_time, end_time, stadium_id) values (57345, '2023-03-22 04:37:18', '2022-07-27 10:45:58', '2022-12-13 23:49:20', 48);
insert into field (cost, matching_date, start_time, end_time, stadium_id) values (50430, '2022-08-26 10:13:47', '2022-12-01 19:09:16', '2023-06-10 09:24:37', 29);
insert into field (cost, matching_date, start_time, end_time, stadium_id) values (92046, '2023-04-27 04:22:20', '2023-02-27 11:14:45', '2023-03-28 20:26:54', 46);
insert into field (cost, matching_date, start_time, end_time, stadium_id) values (68961, '2023-01-12 16:58:44', '2023-01-26 07:52:45', '2022-09-26 03:50:39', 15);
insert into field (cost, matching_date, start_time, end_time, stadium_id) values (80915, '2022-11-16 23:07:24', '2023-06-01 15:34:10', '2023-01-13 17:36:31', 26);
insert into field (cost, matching_date, start_time, end_time, stadium_id) values (71926, '2023-03-23 07:25:29', '2022-08-07 02:46:16', '2022-10-07 08:56:47', 17);
insert into field (cost, matching_date, start_time, end_time, stadium_id) values (93984, '2023-02-13 01:41:21', '2023-05-05 21:38:51', '2023-04-07 14:39:54', 4);
insert into field (cost, matching_date, start_time, end_time, stadium_id) values (61900, '2022-07-18 17:09:55', '2023-02-18 16:32:18', '2023-03-18 09:32:03', 5);
insert into field (cost, matching_date, start_time, end_time, stadium_id) values (65060, '2023-05-28 02:12:15', '2022-12-26 17:41:42', '2022-12-03 03:54:31', 27);
insert into field (cost, matching_date, start_time, end_time, stadium_id) values (50061, '2023-07-10 15:20:11', '2022-11-01 07:30:18', '2022-12-09 05:52:11', 14);
insert into field (cost, matching_date, start_time, end_time, stadium_id) values (88585, '2022-11-22 02:39:18', '2022-11-07 12:29:05', '2023-02-25 09:23:02', 35);
insert into field (cost, matching_date, start_time, end_time, stadium_id) values (87097, '2022-08-28 05:24:23', '2023-01-12 19:30:36', '2022-11-02 10:31:20', 32);
insert into field (cost, matching_date, start_time, end_time, stadium_id) values (61026, '2023-01-11 01:41:09', '2022-11-03 01:01:21', '2022-11-18 03:18:37', 21);
insert into field (cost, matching_date, start_time, end_time, stadium_id) values (89383, '2022-08-27 05:31:26', '2022-08-26 12:17:49', '2023-03-03 00:23:20', 45);
insert into field (cost, matching_date, start_time, end_time, stadium_id) values (97904, '2022-08-13 03:34:59', '2022-08-18 04:58:45', '2023-05-04 20:37:21', 50);
insert into field (cost, matching_date, start_time, end_time, stadium_id) values (56363, '2022-10-08 04:53:05', '2022-12-27 20:59:00', '2022-09-26 12:31:30', 2);
insert into field (cost, matching_date, start_time, end_time, stadium_id) values (90959, '2023-03-12 02:05:20', '2023-03-26 14:14:55', '2022-08-04 03:40:04', 33);
insert into field (cost, matching_date, start_time, end_time, stadium_id) values (90864, '2023-04-29 23:38:24', '2023-01-01 00:25:15', '2022-11-12 03:14:04', 36);
insert into field (cost, matching_date, start_time, end_time, stadium_id) values (88315, '2023-02-13 08:42:02', '2022-11-21 21:17:10', '2022-12-12 06:58:14', 49);
insert into field (cost, matching_date, start_time, end_time, stadium_id) values (71063, '2023-02-21 11:20:57', '2023-06-06 14:52:12', '2022-09-07 20:28:02', 50);
insert into field (cost, matching_date, start_time, end_time, stadium_id) values (73227, '2023-06-05 07:22:52', '2023-07-16 23:33:55', '2022-07-23 04:53:22', 34);
insert into field (cost, matching_date, start_time, end_time, stadium_id) values (93376, '2022-08-30 19:58:26', '2023-03-07 04:59:28', '2023-04-07 13:34:57', 23);
insert into field (cost, matching_date, start_time, end_time, stadium_id) values (77688, '2023-02-24 12:06:31', '2023-01-16 01:07:48', '2022-08-31 21:21:59', 9);
insert into field (cost, matching_date, start_time, end_time, stadium_id) values (61594, '2023-01-26 18:10:27', '2022-10-03 07:19:51', '2023-07-12 23:24:39', 20);
insert into field (cost, matching_date, start_time, end_time, stadium_id) values (92037, '2023-04-29 17:57:52', '2022-10-15 00:29:38', '2022-08-18 06:39:36', 48);
insert into field (cost, matching_date, start_time, end_time, stadium_id) values (54533, '2023-01-19 23:23:42', '2022-08-22 20:24:50', '2022-10-31 03:04:08', 33);
insert into field (cost, matching_date, start_time, end_time, stadium_id) values (67762, '2023-04-15 14:04:02', '2023-04-10 22:48:26', '2022-12-25 12:19:41', 21);
insert into field (cost, matching_date, start_time, end_time, stadium_id) values (56246, '2022-08-26 12:31:06', '2023-05-11 00:33:09', '2023-06-11 10:10:45', 17);
insert into field (cost, matching_date, start_time, end_time, stadium_id) values (97892, '2022-10-20 20:07:53', '2023-01-29 13:33:26', '2022-08-02 18:47:27', 48);
insert into field (cost, matching_date, start_time, end_time, stadium_id) values (87432, '2022-12-01 09:37:33', '2023-01-12 07:24:33', '2023-04-22 06:15:31', 5);
insert into field (cost, matching_date, start_time, end_time, stadium_id) values (63152, '2022-12-06 01:20:56', '2022-08-30 15:42:47', '2023-04-18 06:29:57', 2);
insert into field (cost, matching_date, start_time, end_time, stadium_id) values (56336, '2023-02-05 04:49:18', '2022-09-14 00:33:41', '2022-07-22 05:09:42', 8);
insert into field (cost, matching_date, start_time, end_time, stadium_id) values (50323, '2022-12-22 23:20:13', '2022-12-10 20:52:34', '2022-09-18 15:28:27', 32);
insert into field (cost, matching_date, start_time, end_time, stadium_id) values (97565, '2023-03-31 15:32:38', '2023-05-10 01:29:19', '2023-06-23 00:25:07', 9);
insert into field (cost, matching_date, start_time, end_time, stadium_id) values (71986, '2023-04-23 06:07:09', '2023-01-04 05:16:20', '2022-11-15 09:39:50', 23);
insert into field (cost, matching_date, start_time, end_time, stadium_id) values (60306, '2022-10-17 18:44:59', '2023-02-20 03:00:28', '2022-10-30 04:18:05', 48);
insert into field (cost, matching_date, start_time, end_time, stadium_id) values (64143, '2022-09-04 11:46:18', '2022-11-26 02:00:06', '2022-12-25 10:58:29', 44);
insert into field (cost, matching_date, start_time, end_time, stadium_id) values (77388, '2023-01-21 05:03:23', '2023-05-21 08:08:03', '2023-06-27 11:46:43', 11);
insert into field (cost, matching_date, start_time, end_time, stadium_id) values (59572, '2022-11-05 00:16:26', '2022-08-25 11:18:37', '2022-11-23 22:04:39', 8);
insert into field (cost, matching_date, start_time, end_time, stadium_id) values (51080, '2023-02-14 00:29:24', '2022-12-19 05:08:46', '2023-03-30 22:40:58', 41);
insert into field (cost, matching_date, start_time, end_time, stadium_id) values (58196, '2022-07-23 11:32:46', '2023-01-11 18:22:39', '2022-11-04 01:39:14', 28);
insert into field (cost, matching_date, start_time, end_time, stadium_id) values (89294, '2023-01-14 21:52:14', '2022-12-18 18:43:10', '2023-07-03 05:51:37', 28);
insert into field (cost, matching_date, start_time, end_time, stadium_id) values (65134, '2023-03-23 03:29:04', '2022-12-11 17:51:16', '2023-04-10 08:19:57', 48);
insert into field (cost, matching_date, start_time, end_time, stadium_id) values (98746, '2022-07-31 08:50:02', '2023-05-12 08:28:21', '2023-04-02 20:59:22', 13);
insert into field (cost, matching_date, start_time, end_time, stadium_id) values (77361, '2023-06-05 03:16:45', '2022-09-16 09:11:52', '2023-06-12 16:59:22', 2);
insert into field (cost, matching_date, start_time, end_time, stadium_id) values (61029, '2022-11-16 19:14:52', '2022-08-22 19:36:38', '2022-12-16 12:44:37', 44);
insert into field (cost, matching_date, start_time, end_time, stadium_id) values (74042, '2022-11-11 14:46:10', '2022-07-22 21:20:02', '2022-11-18 04:58:31', 32);
insert into field (cost, matching_date, start_time, end_time, stadium_id) values (92979, '2022-09-27 17:18:15', '2022-09-21 06:56:02', '2023-03-07 08:30:41', 17);
insert into field (cost, matching_date, start_time, end_time, stadium_id) values (78271, '2022-12-08 00:48:38', '2023-01-25 13:52:54', '2022-08-07 01:08:53', 10);
insert into field (cost, matching_date, start_time, end_time, stadium_id) values (76668, '2023-03-07 02:51:54', '2023-03-27 11:12:48', '2022-12-21 12:03:15', 21);
insert into field (cost, matching_date, start_time, end_time, stadium_id) values (73119, '2023-03-18 12:19:49', '2023-05-10 03:47:24', '2022-10-03 03:29:15', 49);
insert into field (cost, matching_date, start_time, end_time, stadium_id) values (97271, '2023-06-26 15:02:13', '2023-04-06 04:03:48', '2022-11-26 04:14:06', 3);
insert into field (cost, matching_date, start_time, end_time, stadium_id) values (76433, '2022-11-01 15:43:55', '2023-03-15 02:12:03', '2022-12-22 04:41:42', 10);
insert into field (cost, matching_date, start_time, end_time, stadium_id) values (98650, '2023-06-11 05:16:01', '2022-09-12 05:41:13', '2023-05-31 22:24:12', 24);
insert into field (cost, matching_date, start_time, end_time, stadium_id) values (50426, '2022-10-24 17:38:36', '2022-10-12 23:20:59', '2023-03-28 07:33:39', 50);
insert into field (cost, matching_date, start_time, end_time, stadium_id) values (97472, '2022-12-09 22:34:40', '2022-10-03 22:22:01', '2023-03-03 23:29:39', 50);
insert into field (cost, matching_date, start_time, end_time, stadium_id) values (66919, '2023-04-03 19:00:40', '2023-07-07 17:13:57', '2022-11-28 20:32:13', 4);
insert into field (cost, matching_date, start_time, end_time, stadium_id) values (59156, '2022-08-01 00:06:54', '2023-03-10 18:37:15', '2022-09-11 11:25:50', 9);
insert into field (cost, matching_date, start_time, end_time, stadium_id) values (86391, '2023-01-28 08:40:03', '2022-11-05 22:06:27', '2023-04-11 09:57:40', 46);
insert into field (cost, matching_date, start_time, end_time, stadium_id) values (82385, '2023-02-26 13:52:03', '2022-09-17 01:10:38', '2023-04-13 09:17:58', 28);
insert into field (cost, matching_date, start_time, end_time, stadium_id) values (51479, '2022-08-21 04:13:44', '2022-10-09 08:35:03', '2022-08-03 05:59:08', 23);
insert into field (cost, matching_date, start_time, end_time, stadium_id) values (94503, '2023-04-13 07:43:54', '2023-05-13 16:42:53', '2022-07-20 06:04:13', 24);
insert into field (cost, matching_date, start_time, end_time, stadium_id) values (56403, '2023-02-07 05:12:22', '2023-03-25 08:22:18', '2022-11-24 00:04:36', 43);
insert into field (cost, matching_date, start_time, end_time, stadium_id) values (91747, '2022-12-10 06:25:16', '2022-11-15 11:39:01', '2023-04-05 21:28:53', 16);
insert into field (cost, matching_date, start_time, end_time, stadium_id) values (90974, '2022-10-25 07:26:00', '2022-08-19 02:16:12', '2023-05-02 11:12:06', 7);
insert into field (cost, matching_date, start_time, end_time, stadium_id) values (73720, '2023-01-30 15:52:58', '2022-09-11 11:32:50', '2023-06-24 18:42:31', 1);
insert into field (cost, matching_date, start_time, end_time, stadium_id) values (93457, '2022-12-03 04:22:41', '2023-05-06 16:10:50', '2023-02-20 02:17:13', 4);
insert into field (cost, matching_date, start_time, end_time, stadium_id) values (72225, '2023-01-14 08:14:23', '2023-06-26 15:03:19', '2022-09-25 14:58:33', 24);
insert into field (cost, matching_date, start_time, end_time, stadium_id) values (86212, '2022-08-31 07:40:38', '2022-09-03 08:01:50', '2022-09-05 20:00:58', 49);
insert into field (cost, matching_date, start_time, end_time, stadium_id) values (81636, '2023-01-25 10:42:21', '2023-05-29 06:49:58', '2022-11-01 02:41:49', 34);
insert into field (cost, matching_date, start_time, end_time, stadium_id) values (69668, '2022-08-17 09:29:17', '2022-10-18 17:48:44', '2022-11-26 09:21:07', 48);
insert into field (cost, matching_date, start_time, end_time, stadium_id) values (88423, '2022-10-19 04:19:41', '2023-02-15 07:56:47', '2023-05-01 03:35:46', 47);
insert into field (cost, matching_date, start_time, end_time, stadium_id) values (92950, '2023-04-15 11:13:14', '2022-11-14 17:59:55', '2023-06-19 05:13:18', 28);


--stadium_review
insert into stadium_review (gpa, review, stadium_id, created_at, created_by, modified_at, modified_by) values (1, null, 40, '2022-07-28 08:23:18', 'Annie', '2023-05-11 18:10:10', 'Getting In');
insert into stadium_review (gpa, review, stadium_id, created_at, created_by, modified_at, modified_by) values (4, 'Cum sociis natoque penatibus et magnis dis parturient montes, nascetur ridiculus mus. Etiam vel augue.', 10, '2023-04-20 03:28:49', 'Man Apart, A', '2022-07-31 21:04:09', 'Beyond Tomorrow (Beyond Christmas)');
insert into stadium_review (gpa, review, stadium_id, created_at, created_by, modified_at, modified_by) values (4, 'Vestibulum ante ipsum primis in faucibus orci luctus et ultrices posuere cubilia Curae; Duis faucibus accumsan odio.', 12, '2022-10-15 07:44:19', 'Bound', '2022-07-27 13:51:21', 'American Buffalo');
insert into stadium_review (gpa, review, stadium_id, created_at, created_by, modified_at, modified_by) values (1, 'Aliquam sit amet diam in magna bibendum imperdiet. Nullam orci pede, venenatis non, sodales sed, tincidunt eu, felis.', 25, '2022-10-16 18:52:45', 'How to Be a Man', '2022-11-04 20:20:37', 'Emperor''s New Clothes, The');
insert into stadium_review (gpa, review, stadium_id, created_at, created_by, modified_at, modified_by) values (5, null, 35, '2023-01-26 13:53:21', 'Turbo: A Power Rangers Movie', '2022-12-07 20:15:59', 'Zero 2');
insert into stadium_review (gpa, review, stadium_id, created_at, created_by, modified_at, modified_by) values (5, 'Etiam vel augue.', 20, '2022-08-18 02:36:53', 'Edison Kinetoscopic Record of a Sneeze', '2022-08-24 03:54:15', 'Sniper');
insert into stadium_review (gpa, review, stadium_id, created_at, created_by, modified_at, modified_by) values (4, 'Vivamus in felis eu sapien cursus vestibulum. Proin eu mi.', 42, '2023-03-22 01:23:25', 'Mulholland Drive', '2022-11-10 13:57:37', 'Ring, The');
insert into stadium_review (gpa, review, stadium_id, created_at, created_by, modified_at, modified_by) values (2, 'Aliquam sit amet diam in magna bibendum imperdiet. Nullam orci pede, venenatis non, sodales sed, tincidunt eu, felis.', 7, '2023-07-03 17:26:28', 'Escape', '2023-06-22 01:03:06', 'Mechanic, The');
insert into stadium_review (gpa, review, stadium_id, created_at, created_by, modified_at, modified_by) values (4, 'Ut at dolor quis odio consequat varius. Integer ac leo.', 13, '2022-12-06 01:51:04', 'Porky''s', '2022-08-10 11:01:48', 'Mirror, The (Zerkalo)');
insert into stadium_review (gpa, review, stadium_id, created_at, created_by, modified_at, modified_by) values (2, 'Integer aliquet, massa id lobortis convallis, tortor risus dapibus augue, vel accumsan tellus nisi eu orci. Mauris lacinia sapien quis libero.', 36, '2022-09-26 12:20:50', 'No Blood Relation (Stepchild, The) (Nasanunaka)', '2022-08-24 06:15:34', 'Zatoichi Meets Yojimbo (Zatôichi to Yôjinbô) (Zatôichi 20)');
insert into stadium_review (gpa, review, stadium_id, created_at, created_by, modified_at, modified_by) values (3, null, 37, '2022-10-13 04:04:59', 'Renaissance', '2022-07-22 09:35:19', 'OSS 117 - Lost in Rio (OSS 117: Rio ne répond plus)');
insert into stadium_review (gpa, review, stadium_id, created_at, created_by, modified_at, modified_by) values (3, null, 31, '2023-01-30 16:42:28', 'Doc', '2023-02-17 02:51:38', 'Plastic');
insert into stadium_review (gpa, review, stadium_id, created_at, created_by, modified_at, modified_by) values (4, 'In tempor, turpis nec euismod scelerisque, quam turpis adipiscing lorem, vitae mattis nibh ligula nec sem. Duis aliquam convallis nunc.', 45, '2023-01-17 02:03:48', 'Il piccolo diavolo', '2023-02-04 21:19:23', 'A Coming-Out Party');
insert into stadium_review (gpa, review, stadium_id, created_at, created_by, modified_at, modified_by) values (4, null, 31, '2023-02-02 14:39:44', 'Half Moon Street', '2023-03-26 10:21:17', 'Anatahan');
insert into stadium_review (gpa, review, stadium_id, created_at, created_by, modified_at, modified_by) values (5, 'Integer tincidunt ante vel ipsum.', 6, '2023-05-16 13:11:56', 'Papusza', '2023-05-10 12:45:32', 'Wonderland');
insert into stadium_review (gpa, review, stadium_id, created_at, created_by, modified_at, modified_by) values (2, 'Morbi vestibulum, velit id pretium iaculis, diam erat fermentum justo, nec condimentum neque sapien placerat ante. Nulla justo.', 25, '2023-02-15 08:12:15', 'Meilleur espoir féminin', '2023-02-09 19:09:04', 'Combat Shock');
insert into stadium_review (gpa, review, stadium_id, created_at, created_by, modified_at, modified_by) values (3, null, 17, '2023-06-28 22:56:03', 'The Natural Love', '2022-11-27 08:47:53', 'Ice Cream Man');
insert into stadium_review (gpa, review, stadium_id, created_at, created_by, modified_at, modified_by) values (2, 'Nulla nisl.', 2, '2023-07-05 22:27:35', 'Thumbsucker', '2022-07-29 01:12:30', 'Five-Year Engagement, The');
insert into stadium_review (gpa, review, stadium_id, created_at, created_by, modified_at, modified_by) values (2, 'Pellentesque viverra pede ac diam. Cras pellentesque volutpat dui.', 22, '2023-02-24 14:09:07', 'Dossier 51 (Dossier 51, Le)', '2022-08-29 22:02:17', 'Devil''s Double, The');
insert into stadium_review (gpa, review, stadium_id, created_at, created_by, modified_at, modified_by) values (3, 'Vivamus vestibulum sagittis sapien.', 12, '2023-07-02 00:00:44', 'Earth vs. the Flying Saucers', '2023-04-14 15:45:33', 'Love Object');
insert into stadium_review (gpa, review, stadium_id, created_at, created_by, modified_at, modified_by) values (4, 'Morbi quis tortor id nulla ultrices aliquet.', 2, '2022-07-31 21:50:00', 'Electra, My Love (Szerelmem, Elektra)', '2023-06-27 02:04:16', 'Thoughtcrimes');
insert into stadium_review (gpa, review, stadium_id, created_at, created_by, modified_at, modified_by) values (2, null, 17, '2022-07-22 05:28:58', 'Graffiti Bridge', '2023-06-03 20:10:33', 'Toto le héros');
insert into stadium_review (gpa, review, stadium_id, created_at, created_by, modified_at, modified_by) values (5, null, 48, '2023-02-09 09:22:11', 'Mulan II', '2022-09-15 11:48:46', 'My Prairie Home');
insert into stadium_review (gpa, review, stadium_id, created_at, created_by, modified_at, modified_by) values (5, 'Curabitur gravida nisi at nibh.', 43, '2022-07-27 18:41:46', 'Reincarnated', '2022-12-14 06:38:53', 'Outlaw Blues');
insert into stadium_review (gpa, review, stadium_id, created_at, created_by, modified_at, modified_by) values (5, null, 35, '2023-03-05 19:09:15', 'Keys of the Kingdom, The', '2023-04-26 21:17:17', 'Air Hawks');
insert into stadium_review (gpa, review, stadium_id, created_at, created_by, modified_at, modified_by) values (2, null, 23, '2022-08-03 07:52:09', 'Invictus', '2022-12-09 08:09:40', 'State of Things, The (Stand der Dinge, Der)');
insert into stadium_review (gpa, review, stadium_id, created_at, created_by, modified_at, modified_by) values (2, null, 28, '2023-01-20 02:35:38', 'Sadie Thompson', '2023-06-12 16:14:46', 'Farah Goes Bang');
insert into stadium_review (gpa, review, stadium_id, created_at, created_by, modified_at, modified_by) values (1, 'Vestibulum sed magna at nunc commodo placerat. Praesent blandit.', 6, '2023-03-16 10:57:51', 'Messengers 2: The Scarecrow', '2023-05-07 08:22:12', 'Raiders of the Lost Ark: The Adaptation');
insert into stadium_review (gpa, review, stadium_id, created_at, created_by, modified_at, modified_by) values (1, 'Nam ultrices, libero non mattis pulvinar, nulla pede ullamcorper augue, a suscipit nulla elit ac nulla.', 23, '2022-10-11 11:43:37', 'Morgan Stewart''s Coming Home', '2023-03-04 08:10:32', 'Corridors of Blood');
insert into stadium_review (gpa, review, stadium_id, created_at, created_by, modified_at, modified_by) values (5, null, 14, '2022-10-15 22:52:51', 'Fracture', '2022-08-18 00:55:21', 'Flight of the Conchords: A Texan Odyssey');
insert into stadium_review (gpa, review, stadium_id, created_at, created_by, modified_at, modified_by) values (3, 'Cum sociis natoque penatibus et magnis dis parturient montes, nascetur ridiculus mus.', 13, '2023-01-14 20:55:39', 'Hoosiers (a.k.a. Best Shot)', '2023-07-11 00:45:56', 'Easy Virtue');
insert into stadium_review (gpa, review, stadium_id, created_at, created_by, modified_at, modified_by) values (5, null, 22, '2023-05-22 17:07:24', 'Jour se lève, Le (Daybreak)', '2022-12-19 00:46:23', 'Stratosphere Girl');
insert into stadium_review (gpa, review, stadium_id, created_at, created_by, modified_at, modified_by) values (1, 'Nunc rhoncus dui vel sem. Sed sagittis.', 19, '2022-12-18 22:04:31', 'The Green', '2022-08-29 18:44:48', 'Visitor Q (Bizita Q)');
insert into stadium_review (gpa, review, stadium_id, created_at, created_by, modified_at, modified_by) values (2, 'Phasellus sit amet erat.', 49, '2022-12-04 03:35:30', 'Stand by Me', '2022-10-16 08:53:17', 'Fantastic Four');
insert into stadium_review (gpa, review, stadium_id, created_at, created_by, modified_at, modified_by) values (3, null, 22, '2022-12-22 14:25:22', 'Sekirei', '2023-04-02 13:17:37', 'Way of War, The');
insert into stadium_review (gpa, review, stadium_id, created_at, created_by, modified_at, modified_by) values (1, null, 6, '2023-06-12 19:59:37', 'Baby, the Rain Must Fall', '2022-11-15 01:51:27', 'The Big Shave');
insert into stadium_review (gpa, review, stadium_id, created_at, created_by, modified_at, modified_by) values (4, 'Proin eu mi.', 37, '2022-12-20 14:13:42', 'Heart of a Dog (Sobachye serdtse)', '2022-11-21 00:00:13', 'Volcano');
insert into stadium_review (gpa, review, stadium_id, created_at, created_by, modified_at, modified_by) values (5, 'Maecenas pulvinar lobortis est.', 5, '2022-07-28 08:23:18', 'Privates on Parade', '2023-05-10 05:31:54', 'Kummelin jackpot');
insert into stadium_review (gpa, review, stadium_id, created_at, created_by, modified_at, modified_by) values (3, 'Suspendisse potenti. Nullam porttitor lacus at turpis.', 17, '2022-10-26 08:22:21', 'Bug', '2023-06-09 21:23:26', 'Day Watch (Dnevnoy dozor)');
insert into stadium_review (gpa, review, stadium_id, created_at, created_by, modified_at, modified_by) values (5, 'Sed vel enim sit amet nunc viverra dapibus. Nulla suscipit ligula in lacus.', 31, '2022-12-31 21:08:18', 'Gantz: Perfect Answer', '2023-06-21 11:31:52', 'Jack Reacher');
insert into stadium_review (gpa, review, stadium_id, created_at, created_by, modified_at, modified_by) values (1, 'Morbi non lectus. Aliquam sit amet diam in magna bibendum imperdiet.', 5, '2022-10-04 12:35:33', 'Rosalie Goes Shopping', '2023-02-11 09:52:28', 'Simple Men');
insert into stadium_review (gpa, review, stadium_id, created_at, created_by, modified_at, modified_by) values (2, 'Duis bibendum, felis sed interdum venenatis, turpis enim blandit mi, in porttitor pede justo eu massa.', 22, '2022-09-12 12:59:45', 'Reader, The', '2022-10-16 22:45:46', 'Gigantic (A Tale of Two Johns)');
insert into stadium_review (gpa, review, stadium_id, created_at, created_by, modified_at, modified_by) values (4, 'Cras pellentesque volutpat dui.', 18, '2022-10-11 00:45:10', 'Salut cousin!', '2023-01-09 09:59:46', 'S21: The Khmer Rouge Death Machine (S-21, la machine de mort Khmère rouge)');
insert into stadium_review (gpa, review, stadium_id, created_at, created_by, modified_at, modified_by) values (5, 'In quis justo.', 29, '2022-09-13 18:58:10', '2019: After the Fall of New York', '2022-09-12 11:43:02', 'Joshua');
insert into stadium_review (gpa, review, stadium_id, created_at, created_by, modified_at, modified_by) values (5, 'Phasellus sit amet erat.', 33, '2023-07-04 09:51:47', 'Saturn 3', '2022-11-13 02:27:29', 'All for the Winner (Dou sing)');
insert into stadium_review (gpa, review, stadium_id, created_at, created_by, modified_at, modified_by) values (4, 'Cum sociis natoque penatibus et magnis dis parturient montes, nascetur ridiculus mus.', 3, '2022-08-21 01:00:16', 'Watchmen: Tales of the Black Freighter', '2022-09-18 23:03:05', 'Dust');
insert into stadium_review (gpa, review, stadium_id, created_at, created_by, modified_at, modified_by) values (5, 'Duis mattis egestas metus.', 43, '2022-10-13 13:05:29', 'Stolen', '2023-05-04 08:52:34', 'Flamingo Kid, The');
insert into stadium_review (gpa, review, stadium_id, created_at, created_by, modified_at, modified_by) values (5, null, 26, '2023-06-27 03:50:48', 'Lord of Illusions', '2023-04-12 03:16:53', 'Incendies');
insert into stadium_review (gpa, review, stadium_id, created_at, created_by, modified_at, modified_by) values (1, 'In hac habitasse platea dictumst. Maecenas ut massa quis augue luctus tincidunt.', 3, '2023-01-26 04:21:46', 'Three Men and a Cradle (3 hommes et un couffin)', '2023-05-08 10:38:34', 'Story of Adele H., The (Histoire d''Adèle H., L'')');
insert into stadium_review (gpa, review, stadium_id, created_at, created_by, modified_at, modified_by) values (3, 'Nullam porttitor lacus at turpis.', 17, '2023-06-15 06:49:16', 'Freebie and the Bean', '2023-07-04 13:22:32', 'Two Much');
insert into stadium_review (gpa, review, stadium_id, created_at, created_by, modified_at, modified_by) values (3, 'Sed accumsan felis.', 29, '2023-03-30 16:58:34', 'Goodbye Girl, The', '2022-09-04 18:05:08', 'Countess Dracula');
insert into stadium_review (gpa, review, stadium_id, created_at, created_by, modified_at, modified_by) values (4, 'Quisque erat eros, viverra eget, congue eget, semper rutrum, nulla. Nunc purus.', 4, '2022-10-15 09:55:49', 'Goddess (Devi)', '2023-03-26 15:58:17', 'Charlie Chan in Panama');
insert into stadium_review (gpa, review, stadium_id, created_at, created_by, modified_at, modified_by) values (2, 'Pellentesque eget nunc. Donec quis orci eget orci vehicula condimentum.', 15, '2022-07-18 09:49:47', 'Kill by Inches', '2023-06-14 23:16:07', 'Ju Dou');
insert into stadium_review (gpa, review, stadium_id, created_at, created_by, modified_at, modified_by) values (2, 'Aenean auctor gravida sem. Praesent id massa id nisl venenatis lacinia.', 6, '2022-12-14 06:47:46', 'Lightspeed', '2023-02-21 03:01:47', 'Camino');
insert into stadium_review (gpa, review, stadium_id, created_at, created_by, modified_at, modified_by) values (4, 'Donec ut mauris eget massa tempor convallis. Nulla neque libero, convallis eget, eleifend luctus, ultricies eu, nibh.', 6, '2022-08-18 02:29:40', 'Eight Men Out', '2023-05-02 20:36:18', 'Saphead, The');
insert into stadium_review (gpa, review, stadium_id, created_at, created_by, modified_at, modified_by) values (2, 'Integer pede justo, lacinia eget, tincidunt eget, tempus vel, pede.', 36, '2023-02-23 08:36:43', 'Bigger, Stronger, Faster*', '2023-04-10 10:38:06', 'Trans-Europ-Express');
insert into stadium_review (gpa, review, stadium_id, created_at, created_by, modified_at, modified_by) values (3, null, 16, '2023-05-25 00:49:17', 'Savage Three', '2023-04-19 19:32:07', 'Sybil');
insert into stadium_review (gpa, review, stadium_id, created_at, created_by, modified_at, modified_by) values (1, 'In blandit ultrices enim.', 1, '2022-11-15 06:28:23', 'Killing Us Softly 3', '2023-02-12 06:05:00', 'Air Doll (Kûki ningyô)');
insert into stadium_review (gpa, review, stadium_id, created_at, created_by, modified_at, modified_by) values (3, null, 19, '2022-09-04 15:03:39', 'Painted Veil, The', '2022-11-01 19:19:18', 'My Life in Orange (Sommer in Orange)');
insert into stadium_review (gpa, review, stadium_id, created_at, created_by, modified_at, modified_by) values (3, 'Duis bibendum, felis sed interdum venenatis, turpis enim blandit mi, in porttitor pede justo eu massa.', 27, '2023-05-22 18:35:45', 'Bambi', '2023-06-21 12:20:08', 'Calling, The');
insert into stadium_review (gpa, review, stadium_id, created_at, created_by, modified_at, modified_by) values (4, null, 10, '2022-10-23 14:22:52', 'What the Day Owes the Night', '2023-03-14 11:47:08', 'That Championship Season');
insert into stadium_review (gpa, review, stadium_id, created_at, created_by, modified_at, modified_by) values (1, null, 27, '2023-05-29 07:40:00', 'Wrong Is Right (a.k.a. The Man With the Deadly Lens)', '2023-05-21 01:35:11', 'Point of Order');
insert into stadium_review (gpa, review, stadium_id, created_at, created_by, modified_at, modified_by) values (2, null, 19, '2023-01-21 17:51:18', 'Tom Thumb', '2022-08-24 11:20:01', 'Super 8 Stories');
insert into stadium_review (gpa, review, stadium_id, created_at, created_by, modified_at, modified_by) values (4, null, 38, '2023-06-30 22:55:05', 'Happy New Year (La Bonne Année)', '2022-08-25 20:48:56', 'De Dana Dan');
insert into stadium_review (gpa, review, stadium_id, created_at, created_by, modified_at, modified_by) values (2, 'Donec dapibus. Duis at velit eu est congue elementum.', 15, '2022-10-03 22:45:37', 'In a Year with 13 Moons (In einem Jahr mit 13 Monden)', '2022-11-27 05:03:40', 'Leave');
insert into stadium_review (gpa, review, stadium_id, created_at, created_by, modified_at, modified_by) values (2, 'Aenean auctor gravida sem.', 35, '2023-02-10 16:07:17', 'Arrival II', '2023-02-19 16:51:53', 'Superman and the Mole-Men');
insert into stadium_review (gpa, review, stadium_id, created_at, created_by, modified_at, modified_by) values (5, null, 22, '2023-03-12 06:45:53', 'Faith Like Potatoes', '2022-10-22 19:17:40', 'Golden Child, The');
insert into stadium_review (gpa, review, stadium_id, created_at, created_by, modified_at, modified_by) values (4, null, 40, '2023-04-05 12:16:11', 'George Lopez: It''s Not Me, It''s You', '2022-12-26 14:42:00', 'Pulgasari');
insert into stadium_review (gpa, review, stadium_id, created_at, created_by, modified_at, modified_by) values (4, 'In tempor, turpis nec euismod scelerisque, quam turpis adipiscing lorem, vitae mattis nibh ligula nec sem.', 8, '2023-01-17 17:24:15', 'California Suite', '2023-05-13 15:44:30', 'Spring in a Small Town (Xiao cheng zhi chun)');
insert into stadium_review (gpa, review, stadium_id, created_at, created_by, modified_at, modified_by) values (5, null, 48, '2022-08-29 13:13:13', 'Ten Skies', '2023-02-27 18:57:12', 'Project Almanac');
insert into stadium_review (gpa, review, stadium_id, created_at, created_by, modified_at, modified_by) values (3, 'Vestibulum ac est lacinia nisi venenatis tristique.', 21, '2023-03-29 17:49:39', 'Rumble in the Air-Conditioned Auditorium: O''Reilly vs. Stewart 2012, The', '2023-07-01 13:26:37', 'Quills');
insert into stadium_review (gpa, review, stadium_id, created_at, created_by, modified_at, modified_by) values (3, 'Mauris enim leo, rhoncus sed, vestibulum sit amet, cursus id, turpis. Integer aliquet, massa id lobortis convallis, tortor risus dapibus augue, vel accumsan tellus nisi eu orci.', 25, '2023-02-20 14:09:16', 'See You in Hell, My Darling (Tha se do stin Kolasi, agapi mou)', '2023-02-04 04:41:19', 'Baby''s Day Out');
insert into stadium_review (gpa, review, stadium_id, created_at, created_by, modified_at, modified_by) values (4, 'Donec quis orci eget orci vehicula condimentum. Curabitur in libero ut massa volutpat convallis.', 40, '2022-12-09 07:28:10', 'Talcum Powder', '2022-08-08 04:10:37', 'Sisters, The');
insert into stadium_review (gpa, review, stadium_id, created_at, created_by, modified_at, modified_by) values (3, 'Vestibulum sed magna at nunc commodo placerat.', 8, '2023-05-22 09:37:44', 'Goods: Live Hard, Sell Hard, The', '2023-02-02 03:59:50', 'Circle of Friends');
insert into stadium_review (gpa, review, stadium_id, created_at, created_by, modified_at, modified_by) values (1, 'In hac habitasse platea dictumst.', 18, '2023-05-09 11:57:25', 'Serial', '2023-03-17 03:39:44', 'Roula');
insert into stadium_review (gpa, review, stadium_id, created_at, created_by, modified_at, modified_by) values (3, 'Vestibulum rutrum rutrum neque.', 36, '2022-10-23 12:06:03', 'Off Beat', '2023-05-24 05:20:49', 'Born Wild');
insert into stadium_review (gpa, review, stadium_id, created_at, created_by, modified_at, modified_by) values (4, null, 12, '2023-04-21 10:04:02', 'Three Faces East', '2022-09-11 15:34:22', '2019: After the Fall of New York');
insert into stadium_review (gpa, review, stadium_id, created_at, created_by, modified_at, modified_by) values (4, 'In blandit ultrices enim. Lorem ipsum dolor sit amet, consectetuer adipiscing elit.', 36, '2022-07-23 00:57:29', 'Chained Heat', '2023-03-28 10:08:33', 'Singapore Sling (Singapore sling: O anthropos pou agapise ena ptoma)');
insert into stadium_review (gpa, review, stadium_id, created_at, created_by, modified_at, modified_by) values (3, null, 34, '2022-10-20 12:27:02', 'Shadows and Fog', '2022-08-30 07:05:15', 'Garbage Prince');
insert into stadium_review (gpa, review, stadium_id, created_at, created_by, modified_at, modified_by) values (3, 'Aliquam quis turpis eget elit sodales scelerisque. Mauris sit amet eros.', 33, '2022-09-23 19:55:39', 'Crooks in Clover (a.k.a. Monsieur Gangster) (Les tontons flingueurs)', '2023-01-11 04:52:28', 'Juno');
insert into stadium_review (gpa, review, stadium_id, created_at, created_by, modified_at, modified_by) values (4, null, 49, '2023-03-02 11:58:32', 'Handsome Harry', '2022-10-10 03:19:29', 'Boricua''s Bond');
insert into stadium_review (gpa, review, stadium_id, created_at, created_by, modified_at, modified_by) values (3, 'Quisque id justo sit amet sapien dignissim vestibulum. Vestibulum ante ipsum primis in faucibus orci luctus et ultrices posuere cubilia Curae; Nulla dapibus dolor vel est.', 16, '2023-06-05 06:26:57', 'Captive Heart: The James Mink Story', '2023-03-26 23:21:51', 'Lured');
insert into stadium_review (gpa, review, stadium_id, created_at, created_by, modified_at, modified_by) values (3, null, 17, '2023-05-24 06:48:51', 'Pieta', '2022-08-04 02:51:47', 'Jackpot');
insert into stadium_review (gpa, review, stadium_id, created_at, created_by, modified_at, modified_by) values (4, null, 8, '2023-03-03 00:44:17', 'Summer Stock', '2022-08-14 09:42:42', 'Cadillac Records');
insert into stadium_review (gpa, review, stadium_id, created_at, created_by, modified_at, modified_by) values (1, 'Aliquam erat volutpat. In congue.', 26, '2023-03-22 14:44:13', 'Downstairs', '2022-09-19 15:11:39', 'Red Scorpion');
insert into stadium_review (gpa, review, stadium_id, created_at, created_by, modified_at, modified_by) values (2, 'Phasellus in felis. Donec semper sapien a libero.', 26, '2023-03-05 08:28:07', 'Appointment in Tokyo', '2022-11-20 21:17:04', 'What Men Talk About');
insert into stadium_review (gpa, review, stadium_id, created_at, created_by, modified_at, modified_by) values (4, null, 8, '2022-10-05 08:18:25', 'Beau Brummel', '2023-06-08 14:00:13', 'Haunted Mansion, The');
insert into stadium_review (gpa, review, stadium_id, created_at, created_by, modified_at, modified_by) values (4, null, 28, '2023-04-06 04:12:04', 'Intruder, The (L''intrus)', '2023-05-23 21:20:51', 'Swamp Thing');
insert into stadium_review (gpa, review, stadium_id, created_at, created_by, modified_at, modified_by) values (4, 'Curabitur gravida nisi at nibh.', 39, '2022-09-20 10:04:52', 'Story of Mankind, The', '2023-07-15 01:25:27', 'JFK');
insert into stadium_review (gpa, review, stadium_id, created_at, created_by, modified_at, modified_by) values (1, 'Aenean lectus. Pellentesque eget nunc.', 26, '2023-04-08 22:48:10', 'Bounce', '2023-03-28 00:56:26', 'Comrade Pedersen (Gymnaslærer Pedersen)');
insert into stadium_review (gpa, review, stadium_id, created_at, created_by, modified_at, modified_by) values (1, 'Suspendisse potenti.', 17, '2023-01-26 13:36:31', 'Sicilian Clan, The (Clan des Siciliens, Le)', '2023-05-12 10:09:49', 'Carandiru');
insert into stadium_review (gpa, review, stadium_id, created_at, created_by, modified_at, modified_by) values (4, null, 22, '2023-04-21 19:45:44', 'Honor Among Thieves (Adieu l''ami) (Farewell, Friend)', '2023-04-04 12:06:35', 'Antonio Gaudí');
insert into stadium_review (gpa, review, stadium_id, created_at, created_by, modified_at, modified_by) values (3, null, 20, '2023-07-17 09:13:23', 'City in the Sea', '2022-11-15 09:59:48', 'Craig Ferguson: I''m Here To Help');
insert into stadium_review (gpa, review, stadium_id, created_at, created_by, modified_at, modified_by) values (1, 'Integer a nibh. In quis justo.', 6, '2023-06-14 19:08:54', 'Three Musketeers, The', '2022-10-17 11:22:29', 'Tyler Perry''s Temptation: Confessions of a Marriage Counselor');
insert into stadium_review (gpa, review, stadium_id, created_at, created_by, modified_at, modified_by) values (1, 'In congue.', 22, '2023-06-01 20:54:03', 'Funny About Love', '2023-06-19 03:05:06', 'Anonymous');
insert into stadium_review (gpa, review, stadium_id, created_at, created_by, modified_at, modified_by) values (5, 'Cras in purus eu magna vulputate luctus. Cum sociis natoque penatibus et magnis dis parturient montes, nascetur ridiculus mus.', 36, '2022-09-06 22:50:31', 'Family Resemblances (Un air de famille)', '2022-08-16 00:06:48', 'I Start Counting');
insert into stadium_review (gpa, review, stadium_id, created_at, created_by, modified_at, modified_by) values (4, 'Curabitur gravida nisi at nibh.', 47, '2023-03-09 23:20:02', 'About Face: Supermodels Then and Now', '2022-08-31 09:22:49', 'Ninja Assassin');
insert into stadium_review (gpa, review, stadium_id, created_at, created_by, modified_at, modified_by) values (4, null, 17, '2022-08-15 19:23:02', 'Air Hawks', '2022-11-07 06:21:26', 'Get Rich or Die Tryin''');
insert into stadium_review (gpa, review, stadium_id, created_at, created_by, modified_at, modified_by) values (3, 'Nam congue, risus semper porta volutpat, quam pede lobortis ligula, sit amet eleifend pede libero quis orci.', 21, '2023-02-09 08:18:45', 'Dilemma, The', '2023-04-09 23:16:17', 'Chemical Brothers: Don''t Think, The');
insert into stadium_review (gpa, review, stadium_id, created_at, created_by, modified_at, modified_by) values (5, null, 17, '2023-03-20 15:19:26', 'Fly Away', '2023-05-07 14:19:02', 'Run Sister Run!');
insert into stadium_review (gpa, review, stadium_id, created_at, created_by, modified_at, modified_by) values (4, null, 16, '2022-09-22 10:37:14', 'If You Could See What I Hear', '2022-10-29 23:48:37', 'Jasminum');
insert into stadium_review (gpa, review, stadium_id, created_at, created_by, modified_at, modified_by) values (1, null, 26, '2023-04-08 02:27:02', 'Sommer der Gaukler, Der', '2023-07-16 03:10:21', 'Pokémon the Movie: Black - Victini and Reshiram');
insert into stadium_review (gpa, review, stadium_id, created_at, created_by, modified_at, modified_by) values (1, 'In hac habitasse platea dictumst.', 39, '2023-03-09 08:06:53', 'Barbarian Queen II: The Empress Strikes Back', '2022-10-21 17:10:11', 'Hereafter');
insert into stadium_review (gpa, review, stadium_id, created_at, created_by, modified_at, modified_by) values (1, null, 12, '2023-04-04 09:00:23', 'In the Bedroom', '2023-03-26 14:23:47', 'Kimberly');
insert into stadium_review (gpa, review, stadium_id, created_at, created_by, modified_at, modified_by) values (4, 'Vestibulum sed magna at nunc commodo placerat. Praesent blandit.', 44, '2022-09-28 21:59:33', 'Goodbye, Mr. Chips', '2023-02-03 09:20:49', 'Homicide');
insert into stadium_review (gpa, review, stadium_id, created_at, created_by, modified_at, modified_by) values (1, 'Mauris lacinia sapien quis libero. Nullam sit amet turpis elementum ligula vehicula consequat.', 20, '2022-10-22 15:01:33', 'Laughing Policeman, The', '2022-07-23 10:14:37', 'Sister Kenny');
insert into stadium_review (gpa, review, stadium_id, created_at, created_by, modified_at, modified_by) values (3, null, 16, '2022-08-22 21:14:51', 'Bernard and Doris', '2023-04-17 10:30:34', 'Haunting in Connecticut, The');
insert into stadium_review (gpa, review, stadium_id, created_at, created_by, modified_at, modified_by) values (4, null, 35, '2022-12-16 19:58:28', 'Katsastus', '2023-03-17 23:44:30', 'Merry Christmas Mr. Lawrence');
insert into stadium_review (gpa, review, stadium_id, created_at, created_by, modified_at, modified_by) values (4, 'Pellentesque ultrices mattis odio. Donec vitae nisi.', 17, '2023-02-28 19:07:10', 'DysFunktional Family', '2023-02-16 14:36:41', 'Someone''s Watching Me!');
insert into stadium_review (gpa, review, stadium_id, created_at, created_by, modified_at, modified_by) values (4, null, 3, '2022-10-13 19:07:29', 'Cutlet for Three (Ein Schnitzel für drei)', '2022-09-07 20:46:12', 'Squeeze');
insert into stadium_review (gpa, review, stadium_id, created_at, created_by, modified_at, modified_by) values (1, 'In quis justo.', 47, '2023-04-16 17:39:51', 'Earth Is a Sinful Song, The (Maa on syntinen laulu)', '2022-07-30 18:32:09', 'Short Film About Killing, A (Krótki film o zabijaniu)');
insert into stadium_review (gpa, review, stadium_id, created_at, created_by, modified_at, modified_by) values (5, 'Etiam faucibus cursus urna.', 8, '2023-05-18 02:40:33', 'Boys', '2023-05-30 04:16:18', 'Seduction of Joe Tynan, The');
insert into stadium_review (gpa, review, stadium_id, created_at, created_by, modified_at, modified_by) values (3, null, 46, '2023-03-08 08:18:32', 'BloodRayne: The Third Reich', '2022-12-28 14:22:56', 'For the Bible Tells Me So');
insert into stadium_review (gpa, review, stadium_id, created_at, created_by, modified_at, modified_by) values (3, null, 45, '2022-10-12 05:22:12', 'Nanayo (Nanayomachi)', '2022-09-15 08:55:50', 'Counselor, The');
insert into stadium_review (gpa, review, stadium_id, created_at, created_by, modified_at, modified_by) values (2, 'Vestibulum rutrum rutrum neque. Aenean auctor gravida sem.', 1, '2023-05-19 03:14:20', 'Devil''s Nightmare, The (Plus longue nuit du diable, La)', '2022-09-16 10:14:33', 'Love and Sex under Nazi Occupation (Amour et sexe sous l''occupation) ');
insert into stadium_review (gpa, review, stadium_id, created_at, created_by, modified_at, modified_by) values (3, null, 7, '2022-08-30 22:35:10', 'Captain Ron', '2023-05-31 04:10:10', 'In Bruges');
insert into stadium_review (gpa, review, stadium_id, created_at, created_by, modified_at, modified_by) values (5, null, 20, '2023-03-08 01:44:10', 'Black Box, The (La boîte noire)', '2022-07-24 02:07:53', 'Monster');
insert into stadium_review (gpa, review, stadium_id, created_at, created_by, modified_at, modified_by) values (2, null, 13, '2023-06-25 14:02:16', 'Revenge of the Green Dragons', '2022-09-29 12:24:16', 'Nine Miles Down');
insert into stadium_review (gpa, review, stadium_id, created_at, created_by, modified_at, modified_by) values (4, 'Cras mi pede, malesuada in, imperdiet et, commodo vulputate, justo.', 8, '2022-10-28 12:27:11', 'Three Wise Fools', '2023-07-01 01:30:20', 'Restless');
insert into stadium_review (gpa, review, stadium_id, created_at, created_by, modified_at, modified_by) values (5, null, 33, '2023-05-02 19:17:31', 'Helter Skelter', '2023-04-17 05:57:57', 'Il fiore dai petali d''acciaio');
insert into stadium_review (gpa, review, stadium_id, created_at, created_by, modified_at, modified_by) values (5, null, 29, '2022-09-24 19:25:01', 'Rich and Strange', '2023-02-24 02:34:19', 'Patti Smith: Dream of Life');
insert into stadium_review (gpa, review, stadium_id, created_at, created_by, modified_at, modified_by) values (2, 'Donec vitae nisi.', 42, '2022-12-13 10:34:20', 'Wanted! (Nachbarinnen)', '2022-12-28 12:15:44', 'Whatever Happened to Aunt Alice?');
insert into stadium_review (gpa, review, stadium_id, created_at, created_by, modified_at, modified_by) values (4, null, 40, '2022-10-16 11:53:08', 'No Way Out', '2022-08-05 19:10:13', 'Charms for the Easy Life');
insert into stadium_review (gpa, review, stadium_id, created_at, created_by, modified_at, modified_by) values (2, 'Cras non velit nec nisi vulputate nonummy.', 22, '2023-04-23 09:55:49', 'The White Sister', '2023-01-19 02:25:59', 'Island in the Sun');
insert into stadium_review (gpa, review, stadium_id, created_at, created_by, modified_at, modified_by) values (5, null, 34, '2023-03-30 00:36:27', 'New Waterford Girl', '2023-05-06 21:07:33', 'Dynamite');
insert into stadium_review (gpa, review, stadium_id, created_at, created_by, modified_at, modified_by) values (4, 'Vivamus vel nulla eget eros elementum pellentesque. Quisque porta volutpat erat.', 36, '2022-10-16 08:17:34', 'Thieves'' Highway', '2023-06-06 19:32:00', 'Bad Fucking');
insert into stadium_review (gpa, review, stadium_id, created_at, created_by, modified_at, modified_by) values (5, 'Suspendisse accumsan tortor quis turpis. Sed ante.', 39, '2023-07-11 21:30:45', 'Micmacs (Micmacs à tire-larigot)', '2022-11-09 11:31:44', 'Three Colors: Blue (Trois couleurs: Bleu)');
insert into stadium_review (gpa, review, stadium_id, created_at, created_by, modified_at, modified_by) values (5, null, 6, '2022-10-31 19:38:18', 'Christmas on Mars', '2022-08-11 04:44:58', 'Miami Connection');
insert into stadium_review (gpa, review, stadium_id, created_at, created_by, modified_at, modified_by) values (3, 'Integer aliquet, massa id lobortis convallis, tortor risus dapibus augue, vel accumsan tellus nisi eu orci. Mauris lacinia sapien quis libero.', 26, '2022-07-20 18:08:50', 'Mysterious Island', '2023-05-07 00:28:58', 'Europa (Zentropa)');
insert into stadium_review (gpa, review, stadium_id, created_at, created_by, modified_at, modified_by) values (1, 'Vestibulum ante ipsum primis in faucibus orci luctus et ultrices posuere cubilia Curae; Duis faucibus accumsan odio. Curabitur convallis.', 23, '2023-04-10 20:28:19', 'Mega Shark vs. Crocosaurus', '2023-05-27 01:40:27', 'Face in the Crowd, A');
insert into stadium_review (gpa, review, stadium_id, created_at, created_by, modified_at, modified_by) values (4, 'Duis bibendum, felis sed interdum venenatis, turpis enim blandit mi, in porttitor pede justo eu massa.', 8, '2022-11-15 00:06:39', 'Millennium Actress (Sennen joyû)', '2023-01-11 22:20:33', 'October Country');
insert into stadium_review (gpa, review, stadium_id, created_at, created_by, modified_at, modified_by) values (4, null, 12, '2023-03-16 14:59:37', 'Nobody Knows (Dare mo shiranai)', '2023-02-14 10:54:26', 'Frank McKlusky, C.I.');
insert into stadium_review (gpa, review, stadium_id, created_at, created_by, modified_at, modified_by) values (3, null, 1, '2022-12-13 17:23:57', 'Daylight', '2023-04-13 12:39:29', 'Slave of Love, A (Raba lyubvi)');
insert into stadium_review (gpa, review, stadium_id, created_at, created_by, modified_at, modified_by) values (1, null, 19, '2022-12-19 12:47:40', 'Flashdance', '2022-10-12 12:18:17', 'Uncle Nino');
insert into stadium_review (gpa, review, stadium_id, created_at, created_by, modified_at, modified_by) values (2, null, 1, '2023-04-18 07:22:36', 'Off the Charts: The Song-Poem Story', '2022-11-17 23:11:46', 'Meet Me at the Fair');
insert into stadium_review (gpa, review, stadium_id, created_at, created_by, modified_at, modified_by) values (3, 'Vivamus metus arcu, adipiscing molestie, hendrerit at, vulputate vitae, nisl.', 49, '2022-10-05 16:48:34', 'Valley of the Dragons', '2022-12-29 13:19:56', 'Female Convict Scorpion: Jailhouse 41 (Joshuu sasori: Dai-41 zakkyo-bô)');
insert into stadium_review (gpa, review, stadium_id, created_at, created_by, modified_at, modified_by) values (1, 'Proin risus.', 17, '2023-05-25 06:53:16', 'Armageddon', '2022-12-04 07:23:42', 'Takedown: The DNA of GSP');
insert into stadium_review (gpa, review, stadium_id, created_at, created_by, modified_at, modified_by) values (1, 'Vestibulum ante ipsum primis in faucibus orci luctus et ultrices posuere cubilia Curae; Mauris viverra diam vitae quam. Suspendisse potenti.', 47, '2023-07-10 04:14:18', 'Nibelungen: Kriemhild''s Revenge, Die (Die Nibelungen: Kriemhilds Rache)', '2023-04-06 14:37:21', 'Star Wars: Episode I - The Phantom Menace');
insert into stadium_review (gpa, review, stadium_id, created_at, created_by, modified_at, modified_by) values (4, null, 21, '2023-03-09 04:18:56', 'Hope Springs', '2023-03-31 23:12:24', 'Friend Among Strangers, Stranger Among Friends (Svoy sredi chuzhikh, chuzhoy sredi svoikh)');
insert into stadium_review (gpa, review, stadium_id, created_at, created_by, modified_at, modified_by) values (4, 'Pellentesque at nulla. Suspendisse potenti.', 1, '2023-03-21 10:28:13', 'Forklift Driver Klaus: The First Day on the Job', '2022-10-13 11:31:46', 'Fear City');
insert into stadium_review (gpa, review, stadium_id, created_at, created_by, modified_at, modified_by) values (5, 'Maecenas pulvinar lobortis est.', 14, '2023-02-17 15:12:35', 'Cold Prey III (Fritt Vilt III)', '2023-05-28 04:41:11', 'Surviving Christmas');
insert into stadium_review (gpa, review, stadium_id, created_at, created_by, modified_at, modified_by) values (4, null, 5, '2023-05-23 20:49:40', 'Titicut Follies', '2023-03-23 19:03:22', 'White Noise 2: The Light');
insert into stadium_review (gpa, review, stadium_id, created_at, created_by, modified_at, modified_by) values (5, null, 1, '2022-12-11 19:23:32', 'Mike Tyson:  Undisputed Truth', '2022-12-07 11:00:35', 'Carried Away');
insert into stadium_review (gpa, review, stadium_id, created_at, created_by, modified_at, modified_by) values (1, null, 46, '2023-02-05 21:37:52', 'Man Who Saw Tomorrow, The', '2022-12-08 14:31:19', 'Accidents Happen');
insert into stadium_review (gpa, review, stadium_id, created_at, created_by, modified_at, modified_by) values (4, 'Proin risus. Praesent lectus.', 28, '2022-12-17 01:05:51', 'In the Navy', '2023-06-04 04:37:39', 'Twelve O''Clock High');
insert into stadium_review (gpa, review, stadium_id, created_at, created_by, modified_at, modified_by) values (4, 'Donec ut dolor.', 22, '2023-03-13 05:35:58', 'Mitchell', '2023-02-26 05:16:16', 'Flu Bird');
insert into stadium_review (gpa, review, stadium_id, created_at, created_by, modified_at, modified_by) values (5, 'Nam nulla.', 40, '2022-12-10 04:43:50', '3 dev adam (Three Giant Men) ', '2022-10-17 20:26:20', 'Inbetweeners 2, The');
insert into stadium_review (gpa, review, stadium_id, created_at, created_by, modified_at, modified_by) values (3, null, 33, '2023-01-15 12:38:36', 'Duplicity', '2023-02-08 20:43:30', 'Mike Bassett: England Manager');
insert into stadium_review (gpa, review, stadium_id, created_at, created_by, modified_at, modified_by) values (3, 'Curabitur in libero ut massa volutpat convallis.', 33, '2022-08-29 11:40:46', 'Snow Falling on Cedars', '2022-08-11 23:52:46', 'My Life in Orange (Sommer in Orange)');
insert into stadium_review (gpa, review, stadium_id, created_at, created_by, modified_at, modified_by) values (5, 'Vivamus vestibulum sagittis sapien. Cum sociis natoque penatibus et magnis dis parturient montes, nascetur ridiculus mus.', 36, '2022-10-31 09:12:33', 'Wallace & Gromit: The Wrong Trousers', '2023-01-30 12:09:56', 'Mike Tyson:  Undisputed Truth');
insert into stadium_review (gpa, review, stadium_id, created_at, created_by, modified_at, modified_by) values (5, null, 15, '2023-06-20 21:11:47', 'Golden Coach, The (Le carrosse d''or)', '2023-04-03 22:25:23', 'Love & Savagery');
insert into stadium_review (gpa, review, stadium_id, created_at, created_by, modified_at, modified_by) values (1, 'Suspendisse potenti.', 26, '2023-03-17 03:45:16', 'Bereavement', '2022-11-20 02:03:15', 'Fearless Hyena, The (Xiao quan guai zhao)');
insert into stadium_review (gpa, review, stadium_id, created_at, created_by, modified_at, modified_by) values (4, 'Integer a nibh.', 15, '2023-04-18 16:09:34', 'Illegal Tender', '2022-12-05 08:49:26', 'Three Musketeers, The');
insert into stadium_review (gpa, review, stadium_id, created_at, created_by, modified_at, modified_by) values (3, null, 38, '2022-08-14 17:31:45', 'Morning Glory', '2022-11-02 14:32:03', 'What? (Che?)');
insert into stadium_review (gpa, review, stadium_id, created_at, created_by, modified_at, modified_by) values (5, 'Vivamus vestibulum sagittis sapien.', 18, '2022-08-17 21:08:58', 'Bullfighters, The', '2022-07-28 15:28:04', 'Ethan Mao');
insert into stadium_review (gpa, review, stadium_id, created_at, created_by, modified_at, modified_by) values (5, null, 28, '2023-01-26 21:03:31', 'Ivanhoe', '2023-03-01 04:29:33', 'Super 8 Stories');
insert into stadium_review (gpa, review, stadium_id, created_at, created_by, modified_at, modified_by) values (1, null, 26, '2022-10-11 10:33:38', 'Night and the City', '2022-12-13 16:43:53', 'Raincoat');
insert into stadium_review (gpa, review, stadium_id, created_at, created_by, modified_at, modified_by) values (5, null, 13, '2023-06-25 23:01:54', 'Illusionist, The', '2022-12-20 15:03:06', 'Miracle on 34th Street');
insert into stadium_review (gpa, review, stadium_id, created_at, created_by, modified_at, modified_by) values (3, 'Maecenas ut massa quis augue luctus tincidunt. Nulla mollis molestie lorem.', 1, '2022-09-21 04:48:34', 'Blue Steel', '2022-08-18 11:32:54', 'Girls on Top 2');
insert into stadium_review (gpa, review, stadium_id, created_at, created_by, modified_at, modified_by) values (3, null, 14, '2022-10-21 10:57:00', 'Resident Evil: Retribution', '2022-12-21 00:11:45', 'Perfect Game, The');
insert into stadium_review (gpa, review, stadium_id, created_at, created_by, modified_at, modified_by) values (5, 'Curabitur in libero ut massa volutpat convallis.', 28, '2022-07-25 01:50:36', 'What Is It?', '2023-01-14 02:55:57', 'Butterfly Girl');
insert into stadium_review (gpa, review, stadium_id, created_at, created_by, modified_at, modified_by) values (1, null, 14, '2022-12-30 20:08:50', 'Camino', '2022-09-12 20:06:36', 'The Boy');
insert into stadium_review (gpa, review, stadium_id, created_at, created_by, modified_at, modified_by) values (2, 'Nam dui.', 41, '2022-09-08 15:31:28', 'Cameraman: The Life and Work of Jack Cardiff', '2022-11-14 16:36:04', '3 Simoa');
insert into stadium_review (gpa, review, stadium_id, created_at, created_by, modified_at, modified_by) values (1, 'Nulla facilisi.', 8, '2022-11-18 11:34:22', 'Mighty Ducks, The', '2022-07-20 05:47:20', 'Divorcing Jack');
insert into stadium_review (gpa, review, stadium_id, created_at, created_by, modified_at, modified_by) values (4, null, 17, '2022-11-24 03:34:12', 'Heart Is Deceitful Above All Things, The', '2023-07-07 05:28:03', 'Lost Youth');
insert into stadium_review (gpa, review, stadium_id, created_at, created_by, modified_at, modified_by) values (1, 'Vestibulum ante ipsum primis in faucibus orci luctus et ultrices posuere cubilia Curae; Duis faucibus accumsan odio. Curabitur convallis.', 26, '2023-06-05 23:57:24', 'Music Man, The', '2023-01-15 23:56:42', 'Wild Horses (Caballos salvajes)');
insert into stadium_review (gpa, review, stadium_id, created_at, created_by, modified_at, modified_by) values (1, 'Mauris ullamcorper purus sit amet nulla.', 22, '2022-10-24 11:03:43', 'Walk in the Sun, A', '2023-03-29 08:30:02', 'Gemini (Sôseiji)');
insert into stadium_review (gpa, review, stadium_id, created_at, created_by, modified_at, modified_by) values (2, 'Nulla ut erat id mauris vulputate elementum.', 2, '2022-09-01 15:19:30', 'Castaway on the Moon (Kimssi pyoryugi)', '2022-09-17 14:17:39', 'Alone in the Dark II');
insert into stadium_review (gpa, review, stadium_id, created_at, created_by, modified_at, modified_by) values (3, 'Quisque erat eros, viverra eget, congue eget, semper rutrum, nulla.', 3, '2022-09-18 01:59:13', 'Four Shades of Brown (Fyra nyanser av brunt)', '2022-10-19 20:20:21', 'Wishmaster 3: Beyond the Gates of Hell');
insert into stadium_review (gpa, review, stadium_id, created_at, created_by, modified_at, modified_by) values (4, 'Nulla tempus.', 42, '2022-07-29 13:53:38', 'Act of Aggression', '2023-05-27 07:01:58', 'Auto Focus');
insert into stadium_review (gpa, review, stadium_id, created_at, created_by, modified_at, modified_by) values (3, null, 14, '2023-05-23 23:37:41', 'Police Academy 2: Their First Assignment', '2023-05-01 09:03:23', 'Girl Most Likely');
insert into stadium_review (gpa, review, stadium_id, created_at, created_by, modified_at, modified_by) values (1, null, 8, '2022-12-24 04:07:53', 'Triumph of the Nerds, The: The Rise of Accidental Empires', '2023-02-28 23:09:53', 'Life 2.0');
insert into stadium_review (gpa, review, stadium_id, created_at, created_by, modified_at, modified_by) values (3, null, 49, '2022-10-03 13:16:51', 'Shock Doctrine, The', '2023-04-30 15:31:18', 'Kiss Me Again');
insert into stadium_review (gpa, review, stadium_id, created_at, created_by, modified_at, modified_by) values (1, null, 45, '2022-07-18 11:23:08', 'Ghost in the Shell 2: Innocence (a.k.a. Innocence) (Inosensu)', '2022-08-13 13:08:01', 'Rosewood Lane');
insert into stadium_review (gpa, review, stadium_id, created_at, created_by, modified_at, modified_by) values (2, 'Morbi a ipsum. Integer a nibh.', 48, '2022-08-18 08:56:55', 'Portraits Chinois', '2023-06-20 17:51:41', 'Funeral Parade of Roses (Bara no sôretsu)');
insert into stadium_review (gpa, review, stadium_id, created_at, created_by, modified_at, modified_by) values (1, null, 48, '2023-03-31 04:55:11', 'For Richer or Poorer', '2022-07-23 16:23:28', 'Out of Reach');
insert into stadium_review (gpa, review, stadium_id, created_at, created_by, modified_at, modified_by) values (5, 'Etiam faucibus cursus urna. Ut tellus.', 22, '2023-04-06 08:43:34', 'Agony and the Ecstasy, The', '2023-03-11 09:48:34', 'Linguini Incident, The');
insert into stadium_review (gpa, review, stadium_id, created_at, created_by, modified_at, modified_by) values (4, null, 19, '2022-12-07 15:01:20', 'Blood Wedding (Bodas de sangre)', '2022-11-29 01:47:43', 'DarkBlueAlmostBlack (Azuloscurocasinegro)');
insert into stadium_review (gpa, review, stadium_id, created_at, created_by, modified_at, modified_by) values (3, 'Integer aliquet, massa id lobortis convallis, tortor risus dapibus augue, vel accumsan tellus nisi eu orci. Mauris lacinia sapien quis libero.', 12, '2023-04-16 02:32:23', 'Bean', '2023-05-12 03:02:45', 'Return of Frank Cannon, The');
insert into stadium_review (gpa, review, stadium_id, created_at, created_by, modified_at, modified_by) values (1, 'Quisque porta volutpat erat. Quisque erat eros, viverra eget, congue eget, semper rutrum, nulla.', 21, '2023-07-09 07:59:12', 'Offside', '2023-05-24 21:23:11', 'Ice Castles');
insert into stadium_review (gpa, review, stadium_id, created_at, created_by, modified_at, modified_by) values (2, null, 14, '2022-09-07 14:24:30', 'When the Wind Blows', '2022-07-21 15:47:51', 'Donkey Punch');
insert into stadium_review (gpa, review, stadium_id, created_at, created_by, modified_at, modified_by) values (2, 'Nullam varius. Nulla facilisi.', 35, '2023-06-22 08:46:13', 'Fool''s Gold', '2023-06-15 11:48:43', 'Between Heaven and Hell');
insert into stadium_review (gpa, review, stadium_id, created_at, created_by, modified_at, modified_by) values (3, null, 32, '2022-09-17 05:29:51', 'Happy Endings', '2022-11-01 13:46:35', 'Dennis the Menace');
insert into stadium_review (gpa, review, stadium_id, created_at, created_by, modified_at, modified_by) values (4, 'Morbi a ipsum. Integer a nibh.', 1, '2023-07-13 01:56:19', 'Chinese Take-Out (Chinese Take-Away) (Un cuento chino)', '2022-11-04 02:19:39', 'Glimpse Inside the Mind of Charles Swan III, A');
insert into stadium_review (gpa, review, stadium_id, created_at, created_by, modified_at, modified_by) values (2, null, 34, '2023-04-03 00:59:02', 'Perfect Blue', '2023-01-05 20:35:17', 'Stormbreaker (Alex Rider: Operation Stormbreaker)');
insert into stadium_review (gpa, review, stadium_id, created_at, created_by, modified_at, modified_by) values (1, 'Integer a nibh. In quis justo.', 42, '2023-03-30 08:19:23', 'Pop Redemption', '2023-01-03 10:53:44', 'Monsieur Ibrahim (Monsieur Ibrahim et les fleurs du Coran)');
insert into stadium_review (gpa, review, stadium_id, created_at, created_by, modified_at, modified_by) values (5, 'Nam dui.', 44, '2022-12-06 18:40:00', 'Lesson Plan ', '2022-08-20 01:36:18', 'Lion''s Den (Leonera)');
insert into stadium_review (gpa, review, stadium_id, created_at, created_by, modified_at, modified_by) values (2, 'In sagittis dui vel nisl.', 45, '2023-02-12 21:04:18', 'G.I. Joe: The Revenge of Cobra', '2023-07-16 12:01:17', 'Swing Time');
insert into stadium_review (gpa, review, stadium_id, created_at, created_by, modified_at, modified_by) values (1, 'Nullam sit amet turpis elementum ligula vehicula consequat. Morbi a ipsum.', 33, '2022-07-18 01:49:43', 'Snake of June, A (Rokugatsu no hebi)', '2022-10-06 20:27:10', 'Bordertown');
insert into stadium_review (gpa, review, stadium_id, created_at, created_by, modified_at, modified_by) values (2, 'Nunc purus.', 32, '2023-06-24 14:19:20', '41-Year-Old Virgin Who Knocked Up Sarah Marshall and Felt Superbad About It, The', '2022-12-18 14:57:31', 'Laws of Attraction');
insert into stadium_review (gpa, review, stadium_id, created_at, created_by, modified_at, modified_by) values (1, null, 17, '2022-12-20 16:02:23', 'Trip to Bountiful, The', '2023-07-02 14:57:07', 'Awakenings');
insert into stadium_review (gpa, review, stadium_id, created_at, created_by, modified_at, modified_by) values (1, null, 28, '2023-04-29 10:29:47', 'Putney Swope', '2023-04-03 20:49:29', 'Monkey''s Teeth (Dents du singe, Les)');
insert into stadium_review (gpa, review, stadium_id, created_at, created_by, modified_at, modified_by) values (4, 'Morbi non quam nec dui luctus rutrum. Nulla tellus.', 30, '2023-05-09 02:53:20', 'Nick Fury: Agent of S.H.I.E.L.D.', '2023-07-01 01:55:26', 'Rulers of the City');
insert into stadium_review (gpa, review, stadium_id, created_at, created_by, modified_at, modified_by) values (3, 'Donec ut dolor.', 9, '2023-05-26 23:59:08', 'Proof', '2022-08-20 03:23:20', 'Whatever');
insert into stadium_review (gpa, review, stadium_id, created_at, created_by, modified_at, modified_by) values (5, 'Integer pede justo, lacinia eget, tincidunt eget, tempus vel, pede.', 35, '2022-08-14 14:30:53', 'Design for Living', '2022-09-21 06:52:29', 'Austenland');
insert into stadium_review (gpa, review, stadium_id, created_at, created_by, modified_at, modified_by) values (1, 'Nullam molestie nibh in lectus.', 4, '2023-04-01 07:58:02', 'Margaret Thatcher: The Long Walk to Finchley', '2022-08-02 16:54:07', 'Season of the Witch (Hungry Wives) (Jack''s Wife)');
insert into stadium_review (gpa, review, stadium_id, created_at, created_by, modified_at, modified_by) values (5, 'Quisque id justo sit amet sapien dignissim vestibulum.', 48, '2023-01-05 19:14:05', 'Beyond Hypothermia (Sip si 32 doe)', '2023-03-22 19:29:11', 'Falling Up');
insert into stadium_review (gpa, review, stadium_id, created_at, created_by, modified_at, modified_by) values (1, null, 4, '2022-08-10 12:11:27', 'Scar, The (Blizna)', '2022-08-19 04:00:31', 'Station, The (Blutgletscher)');
insert into stadium_review (gpa, review, stadium_id, created_at, created_by, modified_at, modified_by) values (2, null, 28, '2023-01-29 05:55:15', 'Dungeon Masters, The', '2022-08-10 02:00:26', 'Food of the Gods, The');
insert into stadium_review (gpa, review, stadium_id, created_at, created_by, modified_at, modified_by) values (5, null, 39, '2023-06-08 16:19:51', 'Samurai III: Duel on Ganryu Island (a.k.a. Bushido) (Miyamoto Musashi kanketsuhen: kettô Ganryûjima)', '2023-05-31 01:32:00', 'Mirror Mirror');
insert into stadium_review (gpa, review, stadium_id, created_at, created_by, modified_at, modified_by) values (5, null, 46, '2023-02-01 05:24:23', 'Miracle', '2022-11-25 03:46:17', 'Browning Version, The');
insert into stadium_review (gpa, review, stadium_id, created_at, created_by, modified_at, modified_by) values (5, null, 35, '2023-05-30 23:31:35', 'Dead Men Tell', '2022-10-08 14:00:38', 'Fritz the Cat');
insert into stadium_review (gpa, review, stadium_id, created_at, created_by, modified_at, modified_by) values (1, 'In est risus, auctor sed, tristique in, tempus sit amet, sem. Fusce consequat.', 5, '2023-05-14 13:21:36', 'Prize of Peril, The (Prix du danger, Le)', '2022-08-11 19:23:31', 'Hotline');
insert into stadium_review (gpa, review, stadium_id, created_at, created_by, modified_at, modified_by) values (1, 'Etiam vel augue. Vestibulum rutrum rutrum neque.', 2, '2023-05-29 06:56:50', 'Ramona and Beezus', '2022-11-22 01:12:21', 'Outsider');
insert into stadium_review (gpa, review, stadium_id, created_at, created_by, modified_at, modified_by) values (4, 'Duis at velit eu est congue elementum. In hac habitasse platea dictumst.', 48, '2023-01-23 13:08:13', 'Step Up 3D', '2023-04-28 16:39:49', 'Mean Guns');
insert into stadium_review (gpa, review, stadium_id, created_at, created_by, modified_at, modified_by) values (5, 'Lorem ipsum dolor sit amet, consectetuer adipiscing elit.', 21, '2023-02-09 21:54:04', 'Inquire Within', '2022-11-07 19:35:42', 'House of Angels (Änglagård)');
insert into stadium_review (gpa, review, stadium_id, created_at, created_by, modified_at, modified_by) values (5, null, 13, '2022-11-24 15:10:29', 'Nirvana', '2022-09-05 13:07:26', 'Story of Xinghua, The (Xinghua san yue tian)');
insert into stadium_review (gpa, review, stadium_id, created_at, created_by, modified_at, modified_by) values (2, 'Morbi quis tortor id nulla ultrices aliquet.', 22, '2022-12-30 08:15:45', 'Bulletproof Monk', '2023-01-18 18:59:11', 'Beethoven''s 5th');
insert into stadium_review (gpa, review, stadium_id, created_at, created_by, modified_at, modified_by) values (3, 'Lorem ipsum dolor sit amet, consectetuer adipiscing elit. Proin interdum mauris non ligula pellentesque ultrices.', 26, '2023-01-26 04:34:39', 'Urban Ghost Story', '2023-07-09 18:00:04', 'Super Fly (Superfly)');
insert into stadium_review (gpa, review, stadium_id, created_at, created_by, modified_at, modified_by) values (3, 'Duis ac nibh.', 21, '2023-05-18 01:01:03', 'Beautiful Girl', '2023-05-07 15:05:27', 'Kids Are All Right, The');
insert into stadium_review (gpa, review, stadium_id, created_at, created_by, modified_at, modified_by) values (4, 'Aenean fermentum. Donec ut mauris eget massa tempor convallis.', 23, '2023-05-07 10:37:51', 'In the Mirror of Maya Deren (Im Spiegel der Maya Deren)', '2023-01-05 15:46:04', 'Where Angels Go, Trouble Follows');
insert into stadium_review (gpa, review, stadium_id, created_at, created_by, modified_at, modified_by) values (1, null, 1, '2023-06-22 09:05:55', 'Robin Hood', '2023-05-23 03:58:02', 'One Percent, The');
insert into stadium_review (gpa, review, stadium_id, created_at, created_by, modified_at, modified_by) values (5, 'Vestibulum ante ipsum primis in faucibus orci luctus et ultrices posuere cubilia Curae; Nulla dapibus dolor vel est. Donec odio justo, sollicitudin ut, suscipit a, feugiat et, eros.', 40, '2023-04-23 22:57:56', 'Wonder Man', '2023-04-15 19:29:36', 'Grand Prix');
insert into stadium_review (gpa, review, stadium_id, created_at, created_by, modified_at, modified_by) values (2, 'In est risus, auctor sed, tristique in, tempus sit amet, sem. Fusce consequat.', 22, '2022-11-25 15:07:33', 'The Frame', '2023-06-12 03:23:50', 'Evil Dead');
insert into stadium_review (gpa, review, stadium_id, created_at, created_by, modified_at, modified_by) values (2, null, 21, '2023-01-22 21:54:08', 'More Than a Game', '2023-03-25 20:26:22', 'Itinerary of a Spoiled Child');
insert into stadium_review (gpa, review, stadium_id, created_at, created_by, modified_at, modified_by) values (5, null, 43, '2023-05-17 20:57:17', 'The Swedish Moment', '2022-09-26 22:51:27', 'Eagle vs Shark');
insert into stadium_review (gpa, review, stadium_id, created_at, created_by, modified_at, modified_by) values (2, 'Sed ante.', 36, '2023-02-23 04:32:38', 'Doll Squad, The', '2023-01-27 22:13:11', 'Rustlers'' Rhapsody');
insert into stadium_review (gpa, review, stadium_id, created_at, created_by, modified_at, modified_by) values (3, 'Nulla tellus. In sagittis dui vel nisl.', 4, '2022-11-28 19:53:33', 'Arabian Nights', '2022-10-23 01:35:29', 'Lupin III: The Castle Of Cagliostro (Rupan sansei: Kariosutoro no shiro)');
insert into stadium_review (gpa, review, stadium_id, created_at, created_by, modified_at, modified_by) values (5, null, 2, '2023-02-20 15:14:40', 'Incendies', '2022-12-21 10:41:02', 'Don''t Stop Believin'': Everyman''s Journey');
insert into stadium_review (gpa, review, stadium_id, created_at, created_by, modified_at, modified_by) values (2, null, 9, '2022-08-02 06:15:27', 'Corto Maltese: Under the Sign of Capricorn (Sous le signe du capricorne)', '2022-10-19 00:17:35', 'Passion');
insert into stadium_review (gpa, review, stadium_id, created_at, created_by, modified_at, modified_by) values (4, 'Vestibulum ante ipsum primis in faucibus orci luctus et ultrices posuere cubilia Curae; Duis faucibus accumsan odio.', 24, '2022-07-25 21:56:17', 'Andalusian Dog, An (Chien andalou, Un)', '2022-11-20 11:46:58', 'Did You Hear About the Morgans?');
insert into stadium_review (gpa, review, stadium_id, created_at, created_by, modified_at, modified_by) values (2, 'Nam dui.', 35, '2022-12-22 02:39:32', 'Boogie-Doodle', '2022-12-20 15:15:56', 'Phone Call from a Stranger');
insert into stadium_review (gpa, review, stadium_id, created_at, created_by, modified_at, modified_by) values (2, 'Nulla nisl.', 37, '2023-07-11 23:27:48', 'Dragon Missile, The (Fei long zhan)', '2022-11-09 13:14:11', 'As You Like It');
insert into stadium_review (gpa, review, stadium_id, created_at, created_by, modified_at, modified_by) values (2, null, 34, '2022-11-08 05:16:54', 'Hamlet', '2023-05-10 13:12:59', 'First a Girl');
insert into stadium_review (gpa, review, stadium_id, created_at, created_by, modified_at, modified_by) values (4, 'Vestibulum sed magna at nunc commodo placerat.', 40, '2022-10-20 02:57:43', '13th Warrior, The', '2023-04-01 17:58:04', 'Hobson''s Choice');
insert into stadium_review (gpa, review, stadium_id, created_at, created_by, modified_at, modified_by) values (2, null, 16, '2023-07-13 14:45:06', 'Chopper Chicks in Zombietown', '2023-01-21 23:14:55', 'Ip Man');
insert into stadium_review (gpa, review, stadium_id, created_at, created_by, modified_at, modified_by) values (1, null, 8, '2023-03-07 22:12:05', 'MC5: Kick Out the Jams', '2022-12-04 23:14:08', 'Goliyon Ki Raasleela Ram-Leela');
insert into stadium_review (gpa, review, stadium_id, created_at, created_by, modified_at, modified_by) values (4, null, 30, '2022-07-25 16:34:20', 'Into the White (Cross of Honour)', '2022-11-27 00:18:29', 'Keep Your Right Up');
insert into stadium_review (gpa, review, stadium_id, created_at, created_by, modified_at, modified_by) values (1, null, 2, '2023-07-17 00:28:24', '30 Days of Night', '2022-11-05 11:09:28', 'Break-Up, The');
insert into stadium_review (gpa, review, stadium_id, created_at, created_by, modified_at, modified_by) values (5, 'Vivamus vestibulum sagittis sapien. Cum sociis natoque penatibus et magnis dis parturient montes, nascetur ridiculus mus.', 11, '2023-03-18 17:03:56', 'Poison', '2023-05-13 23:40:49', 'The Raid 2: Berandal');
insert into stadium_review (gpa, review, stadium_id, created_at, created_by, modified_at, modified_by) values (5, null, 34, '2023-03-15 22:38:04', 'Gambit', '2022-12-31 14:02:03', 'Billy Bathgate');
insert into stadium_review (gpa, review, stadium_id, created_at, created_by, modified_at, modified_by) values (5, null, 5, '2022-09-04 02:45:25', 'Dyatlov Pass Incident, The (Devil''s Pass)', '2022-11-18 21:07:45', '10 Mountains 10 Years');
insert into stadium_review (gpa, review, stadium_id, created_at, created_by, modified_at, modified_by) values (3, null, 37, '2022-11-04 12:12:00', 'Bullet Ballet', '2023-04-30 19:53:01', 'Desert of the Tartars, The (Deserto dei Tartari, Il)');
insert into stadium_review (gpa, review, stadium_id, created_at, created_by, modified_at, modified_by) values (1, 'Cras mi pede, malesuada in, imperdiet et, commodo vulputate, justo. In blandit ultrices enim.', 6, '2022-12-11 04:06:31', 'Animatrix, The', '2023-05-05 18:49:42', 'Triplets of Belleville, The (Les triplettes de Belleville)');
insert into stadium_review (gpa, review, stadium_id, created_at, created_by, modified_at, modified_by) values (5, 'Maecenas tincidunt lacus at velit. Vivamus vel nulla eget eros elementum pellentesque.', 25, '2023-05-13 02:37:48', 'Rebirth of Mothra II', '2023-04-20 11:33:37', 'Trip to the Moon, A (Voyage dans la lune, Le)');
insert into stadium_review (gpa, review, stadium_id, created_at, created_by, modified_at, modified_by) values (1, 'Fusce congue, diam id ornare imperdiet, sapien urna pretium nisl, ut volutpat sapien arcu sed augue. Aliquam erat volutpat.', 9, '2023-01-22 08:19:18', 'Sebastian', '2023-04-20 05:54:38', 'Projectionist, The');
insert into stadium_review (gpa, review, stadium_id, created_at, created_by, modified_at, modified_by) values (1, null, 7, '2023-01-08 22:28:02', 'Big Bad Love', '2023-06-01 17:03:14', 'Tears of April (Käsky)');
insert into stadium_review (gpa, review, stadium_id, created_at, created_by, modified_at, modified_by) values (3, 'Suspendisse ornare consequat lectus. In est risus, auctor sed, tristique in, tempus sit amet, sem.', 22, '2023-01-26 19:02:50', 'Faces of Schlock', '2023-04-13 14:57:28', 'Elvis on Tour');
insert into stadium_review (gpa, review, stadium_id, created_at, created_by, modified_at, modified_by) values (5, null, 15, '2023-01-31 21:27:46', 'Satan''s Tango (Sátántangó)', '2023-04-10 06:20:33', 'Mayday at 40,000 Feet!');
insert into stadium_review (gpa, review, stadium_id, created_at, created_by, modified_at, modified_by) values (4, 'In eleifend quam a odio.', 38, '2022-12-29 16:08:05', 'Bella', '2022-08-11 22:21:29', 'The Power and the Glory');
insert into stadium_review (gpa, review, stadium_id, created_at, created_by, modified_at, modified_by) values (5, 'Donec vitae nisi.', 41, '2022-11-12 18:43:35', 'Love Affair', '2023-07-10 09:48:01', 'Green Room, The (a.k.a. Vanishing Fiancee) (La chambre verte)');
insert into stadium_review (gpa, review, stadium_id, created_at, created_by, modified_at, modified_by) values (4, 'Quisque ut erat.', 32, '2023-03-14 02:42:21', 'Thousand Cuts, A', '2023-03-05 12:44:10', 'Reno 911!: Miami');
insert into stadium_review (gpa, review, stadium_id, created_at, created_by, modified_at, modified_by) values (3, null, 3, '2023-01-11 18:14:19', 'Within the Woods', '2023-07-09 06:03:28', 'Groundhog Day');
insert into stadium_review (gpa, review, stadium_id, created_at, created_by, modified_at, modified_by) values (2, null, 17, '2022-11-06 21:37:50', 'Masked & Anonymous', '2023-03-26 17:53:55', 'Simon');
insert into stadium_review (gpa, review, stadium_id, created_at, created_by, modified_at, modified_by) values (4, 'Nullam sit amet turpis elementum ligula vehicula consequat.', 12, '2023-06-27 22:55:23', 'L!fe Happens', '2023-06-04 05:43:39', 'American, The');
insert into stadium_review (gpa, review, stadium_id, created_at, created_by, modified_at, modified_by) values (4, 'Quisque erat eros, viverra eget, congue eget, semper rutrum, nulla.', 42, '2023-06-23 04:48:42', 'Around the World in 80 Days', '2022-09-08 21:12:06', 'Five Dedicated to Ozu');
insert into stadium_review (gpa, review, stadium_id, created_at, created_by, modified_at, modified_by) values (5, 'Nunc nisl. Duis bibendum, felis sed interdum venenatis, turpis enim blandit mi, in porttitor pede justo eu massa.', 13, '2023-07-16 14:50:11', 'Secret Window', '2023-07-01 10:47:46', 'Metalhead (Málmhaus)');
insert into stadium_review (gpa, review, stadium_id, created_at, created_by, modified_at, modified_by) values (2, null, 19, '2023-04-19 10:16:00', 'Tokyo Fiancée', '2023-03-19 03:24:41', 'My Sassy Girl (Yeopgijeogin geunyeo)');
insert into stadium_review (gpa, review, stadium_id, created_at, created_by, modified_at, modified_by) values (1, 'Maecenas rhoncus aliquam lacus. Morbi quis tortor id nulla ultrices aliquet.', 39, '2022-12-19 08:06:10', 'Jazz', '2023-06-14 16:20:20', 'Lonely Hearts');
insert into stadium_review (gpa, review, stadium_id, created_at, created_by, modified_at, modified_by) values (3, null, 47, '2023-03-22 18:39:11', 'Cold Comes the Night', '2022-10-16 10:45:54', 'Torque');
insert into stadium_review (gpa, review, stadium_id, created_at, created_by, modified_at, modified_by) values (1, 'Morbi non quam nec dui luctus rutrum.', 3, '2022-10-13 04:23:39', 'Getting Go, the Go Doc Project', '2022-12-16 13:10:08', 'Pictures of the Old World (Obrazy starého sveta)');
insert into stadium_review (gpa, review, stadium_id, created_at, created_by, modified_at, modified_by) values (3, null, 40, '2023-07-04 22:15:35', 'Submarino', '2022-11-27 10:41:57', 'Where Angels Fear to Tread');
insert into stadium_review (gpa, review, stadium_id, created_at, created_by, modified_at, modified_by) values (4, 'Integer a nibh. In quis justo.', 14, '2022-08-27 16:19:37', 'My Perestroika', '2023-06-21 15:49:10', 'Last Hurrah for Chivalry (Hao xia)');
insert into stadium_review (gpa, review, stadium_id, created_at, created_by, modified_at, modified_by) values (5, 'Aliquam augue quam, sollicitudin vitae, consectetuer eget, rutrum at, lorem. Integer tincidunt ante vel ipsum.', 44, '2022-09-03 09:34:02', 'Clash of the Wolves', '2023-03-13 05:32:35', 'Boys Next Door, The');
insert into stadium_review (gpa, review, stadium_id, created_at, created_by, modified_at, modified_by) values (2, 'Cras in purus eu magna vulputate luctus.', 10, '2022-11-20 08:28:42', 'Jamesy Boy', '2023-01-28 13:30:28', 'Ned Kelly');
insert into stadium_review (gpa, review, stadium_id, created_at, created_by, modified_at, modified_by) values (5, 'Suspendisse potenti. Nullam porttitor lacus at turpis.', 20, '2023-02-12 18:19:10', 'Operator 13', '2022-10-28 07:11:40', 'Among Giants');
insert into stadium_review (gpa, review, stadium_id, created_at, created_by, modified_at, modified_by) values (1, 'Duis bibendum. Morbi non quam nec dui luctus rutrum.', 26, '2022-09-28 22:05:12', 'Wartorn: 1861-2010', '2023-04-08 17:02:58', 'Rocketeer, The');
insert into stadium_review (gpa, review, stadium_id, created_at, created_by, modified_at, modified_by) values (3, null, 38, '2022-07-22 03:59:23', 'The French Kissers', '2023-06-11 23:40:01', 'Huhwihaji Anha (No Regret)');
insert into stadium_review (gpa, review, stadium_id, created_at, created_by, modified_at, modified_by) values (5, null, 35, '2023-07-01 20:41:10', 'Naan Kadavul', '2022-10-27 03:57:56', 'Don Juan');
insert into stadium_review (gpa, review, stadium_id, created_at, created_by, modified_at, modified_by) values (5, 'Fusce consequat. Nulla nisl.', 44, '2022-08-19 15:01:01', 'Medicine Man', '2022-08-29 05:21:05', 'Scanners II: The New Order');
insert into stadium_review (gpa, review, stadium_id, created_at, created_by, modified_at, modified_by) values (4, 'Nulla ac enim. In tempor, turpis nec euismod scelerisque, quam turpis adipiscing lorem, vitae mattis nibh ligula nec sem.', 1, '2022-11-15 19:06:32', 'Christine Jorgensen Story, The', '2022-09-20 12:49:54', 'Bag of Bones');
insert into stadium_review (gpa, review, stadium_id, created_at, created_by, modified_at, modified_by) values (4, null, 7, '2023-06-15 14:38:35', 'Garden, The', '2023-03-24 18:37:04', 'Delphine 1, Yvan 0');
insert into stadium_review (gpa, review, stadium_id, created_at, created_by, modified_at, modified_by) values (5, 'Fusce congue, diam id ornare imperdiet, sapien urna pretium nisl, ut volutpat sapien arcu sed augue.', 24, '2022-09-06 01:34:43', 'Goalie''s Anxiety at the Penalty Kick, The (Die Angst des Tormanns beim Elfmeter)', '2022-11-21 07:50:25', 'Inquisitor, The (a.k.a. Under Suspicion) (Garde à vue)');
insert into stadium_review (gpa, review, stadium_id, created_at, created_by, modified_at, modified_by) values (2, null, 45, '2023-06-15 17:01:22', 'First Name: Carmen (Prénom Carmen)', '2022-09-25 11:11:27', 'Joker Is Wild, The (All the Way)');
insert into stadium_review (gpa, review, stadium_id, created_at, created_by, modified_at, modified_by) values (3, 'Nam congue, risus semper porta volutpat, quam pede lobortis ligula, sit amet eleifend pede libero quis orci. Nullam molestie nibh in lectus.', 27, '2022-07-22 17:25:56', 'Nick Carter, Master Detective', '2022-08-02 18:15:17', 'Independence Day (a.k.a. ID4)');
insert into stadium_review (gpa, review, stadium_id, created_at, created_by, modified_at, modified_by) values (4, 'Phasellus sit amet erat.', 47, '2022-09-11 20:00:46', 'Ingmar Bergman Makes a Movie (Ingmar Bergman gör en film)', '2022-08-05 10:58:20', 'Spend It All');
insert into stadium_review (gpa, review, stadium_id, created_at, created_by, modified_at, modified_by) values (1, 'In est risus, auctor sed, tristique in, tempus sit amet, sem. Fusce consequat.', 46, '2023-01-24 20:53:01', 'Free Radicals (Böse Zellen)', '2023-01-08 06:04:29', 'Forced Vengeance');
insert into stadium_review (gpa, review, stadium_id, created_at, created_by, modified_at, modified_by) values (5, null, 22, '2023-01-30 17:08:49', 'Murder on a Honeymoon', '2022-08-27 13:09:43', 'Mother India');
insert into stadium_review (gpa, review, stadium_id, created_at, created_by, modified_at, modified_by) values (2, null, 19, '2022-12-07 09:14:00', 'Dirty Pictures', '2022-12-23 05:02:17', 'Legend of Zorro, The');
insert into stadium_review (gpa, review, stadium_id, created_at, created_by, modified_at, modified_by) values (5, 'Aenean auctor gravida sem. Praesent id massa id nisl venenatis lacinia.', 2, '2022-10-14 16:36:47', 'It''s a Boy Girl Thing', '2023-07-16 01:15:58', 'River''s Edge');
insert into stadium_review (gpa, review, stadium_id, created_at, created_by, modified_at, modified_by) values (4, null, 17, '2022-10-31 07:40:31', 'Kanchenjungha', '2023-03-21 01:00:16', 'Inseparable');
insert into stadium_review (gpa, review, stadium_id, created_at, created_by, modified_at, modified_by) values (2, 'Integer ac neque. Duis bibendum.', 26, '2022-12-19 15:20:11', 'Little Fauss and Big Halsy', '2022-09-29 01:38:38', 'Interceptor');
insert into stadium_review (gpa, review, stadium_id, created_at, created_by, modified_at, modified_by) values (3, null, 26, '2022-08-18 11:13:21', 'Double Trouble', '2023-01-25 09:23:43', 'Head Over Heels');
insert into stadium_review (gpa, review, stadium_id, created_at, created_by, modified_at, modified_by) values (2, 'Aliquam non mauris. Morbi non lectus.', 38, '2022-12-10 08:53:04', 'Presumed Guilty (Presunto culpable)', '2023-03-13 01:32:23', 'Whitecoats');
insert into stadium_review (gpa, review, stadium_id, created_at, created_by, modified_at, modified_by) values (5, null, 34, '2022-12-05 13:35:22', 'Flowers of Shanghai (Hai shang hua)', '2023-05-25 03:00:43', 'Ama lur (Tierra Madre)');
insert into stadium_review (gpa, review, stadium_id, created_at, created_by, modified_at, modified_by) values (5, 'Fusce consequat. Nulla nisl.', 3, '2023-06-06 13:12:09', 'Lo', '2022-10-31 00:21:35', 'Being There');
insert into stadium_review (gpa, review, stadium_id, created_at, created_by, modified_at, modified_by) values (4, null, 1, '2023-05-09 08:47:51', 'My Favorite Wife', '2023-03-28 06:58:18', 'Mouse Hunt');
insert into stadium_review (gpa, review, stadium_id, created_at, created_by, modified_at, modified_by) values (5, 'Morbi vestibulum, velit id pretium iaculis, diam erat fermentum justo, nec condimentum neque sapien placerat ante.', 15, '2023-04-01 02:55:18', 'Lucky', '2023-06-25 20:43:16', 'Love (Szerelem)');
insert into stadium_review (gpa, review, stadium_id, created_at, created_by, modified_at, modified_by) values (1, null, 4, '2023-03-01 18:14:58', 'Cairo Time', '2023-02-07 04:34:05', 'Lipstick');
insert into stadium_review (gpa, review, stadium_id, created_at, created_by, modified_at, modified_by) values (1, 'In hac habitasse platea dictumst.', 29, '2023-06-14 18:00:46', '24 Hour Woman, The', '2023-06-08 04:32:40', 'The Hire: Hostage');
insert into stadium_review (gpa, review, stadium_id, created_at, created_by, modified_at, modified_by) values (1, 'Morbi quis tortor id nulla ultrices aliquet.', 21, '2023-06-07 12:16:39', 'Fear', '2022-09-02 19:20:39', 'Stakeout on Dope Street');
insert into stadium_review (gpa, review, stadium_id, created_at, created_by, modified_at, modified_by) values (1, 'Sed accumsan felis. Ut at dolor quis odio consequat varius.', 45, '2022-12-09 02:21:12', 'Witches, The', '2022-10-29 17:31:24', 'This Is Spinal Tap');
insert into stadium_review (gpa, review, stadium_id, created_at, created_by, modified_at, modified_by) values (4, 'Sed ante.', 3, '2023-05-03 15:14:33', 'Far and Away', '2022-12-20 16:18:03', 'Beethoven''s 5th');
insert into stadium_review (gpa, review, stadium_id, created_at, created_by, modified_at, modified_by) values (5, 'Duis at velit eu est congue elementum. In hac habitasse platea dictumst.', 49, '2022-08-24 01:02:09', 'Bomb It', '2023-02-10 20:04:00', 'Zorn''s Lemma');
insert into stadium_review (gpa, review, stadium_id, created_at, created_by, modified_at, modified_by) values (1, 'Quisque id justo sit amet sapien dignissim vestibulum.', 20, '2023-05-12 02:42:18', 'Film Geek', '2022-08-12 23:55:40', 'The Law of the Weakest');
insert into stadium_review (gpa, review, stadium_id, created_at, created_by, modified_at, modified_by) values (2, 'Nunc purus. Phasellus in felis.', 35, '2022-11-03 11:55:13', 'Saltmen of Tibet, The (Salzmänner von Tibet, Die)', '2022-10-05 05:13:30', 'Hell to Eternity');
insert into stadium_review (gpa, review, stadium_id, created_at, created_by, modified_at, modified_by) values (2, null, 32, '2022-09-21 03:24:18', 'Elementary Particles, The (Elementarteilchen)', '2023-05-11 02:15:17', 'Tomb, The');
insert into stadium_review (gpa, review, stadium_id, created_at, created_by, modified_at, modified_by) values (4, 'Mauris lacinia sapien quis libero.', 26, '2023-01-03 08:58:54', 'Article 99', '2022-07-30 14:56:46', 'Gods Must Be Crazy III, The (a.k.a. Crazy Safari) (Fei zhou he shang)');
insert into stadium_review (gpa, review, stadium_id, created_at, created_by, modified_at, modified_by) values (5, 'Etiam faucibus cursus urna. Ut tellus.', 5, '2022-08-28 06:29:40', 'Clay Bird, The (Matir moina)', '2023-01-26 11:37:59', 'Out of Life (Hors la vie)');
insert into stadium_review (gpa, review, stadium_id, created_at, created_by, modified_at, modified_by) values (5, null, 27, '2022-12-21 05:56:02', 'a/k/a Tommy Chong', '2023-07-17 10:43:43', 'Just Add Water');
insert into stadium_review (gpa, review, stadium_id, created_at, created_by, modified_at, modified_by) values (3, 'Fusce consequat.', 8, '2022-09-03 12:17:58', 'Day the Earth Caught Fire, The', '2022-08-17 04:37:45', 'Sweetwater');
insert into stadium_review (gpa, review, stadium_id, created_at, created_by, modified_at, modified_by) values (1, null, 16, '2023-03-21 02:35:24', 'Titus', '2023-04-04 00:16:34', 'Patriot, The');
insert into stadium_review (gpa, review, stadium_id, created_at, created_by, modified_at, modified_by) values (3, 'Vestibulum ac est lacinia nisi venenatis tristique.', 48, '2023-05-19 11:24:41', 'Nobody Knows Anything!', '2022-11-08 13:32:32', 'Winslow Boy, The');
insert into stadium_review (gpa, review, stadium_id, created_at, created_by, modified_at, modified_by) values (2, null, 1, '2022-11-07 12:21:36', 'War Wagon, The', '2023-01-12 23:22:08', 'Lone Star');
insert into stadium_review (gpa, review, stadium_id, created_at, created_by, modified_at, modified_by) values (2, null, 45, '2022-08-18 15:34:27', 'Texas Chainsaw Massacre, The', '2022-10-20 17:48:04', 'Will');
insert into stadium_review (gpa, review, stadium_id, created_at, created_by, modified_at, modified_by) values (2, 'Etiam pretium iaculis justo. In hac habitasse platea dictumst.', 8, '2023-05-17 01:42:34', 'Legend of Lylah Clare, The', '2023-06-18 07:38:35', 'Easy Virtue');
insert into stadium_review (gpa, review, stadium_id, created_at, created_by, modified_at, modified_by) values (3, 'In eleifend quam a odio.', 41, '2022-08-22 10:10:17', 'Piter FM', '2023-04-29 20:16:18', 'Grass');
insert into stadium_review (gpa, review, stadium_id, created_at, created_by, modified_at, modified_by) values (2, null, 16, '2022-11-30 11:07:23', 'Les invincibles', '2022-09-09 08:16:19', 'L.A. Story');
insert into stadium_review (gpa, review, stadium_id, created_at, created_by, modified_at, modified_by) values (3, null, 24, '2023-01-08 17:26:54', 'Welcome to the Jungle', '2023-06-11 10:25:05', 'Forgetting the Girl');
insert into stadium_review (gpa, review, stadium_id, created_at, created_by, modified_at, modified_by) values (5, 'Donec ut mauris eget massa tempor convallis. Nulla neque libero, convallis eget, eleifend luctus, ultricies eu, nibh.', 42, '2023-06-12 16:56:14', 'Talent Given Us, The', '2022-08-04 11:35:23', 'Commandos Strike at Dawn');

--matching_record
insert into matching_record (team1_id, team2_id, stadium_id, field_id, confirm_date, matching_date, start_time, end_time, confirm, all_rental, t1evalt2, t2evalt1, t1evalsta, t2evalsta) values (80, 19, 34, 119, '2023-04-09 02:54:10', '2023-01-31 03:08:42', '2023-05-25 11:09:47', '2023-01-26 08:29:27', false, true, true, false, false, true);
insert into matching_record (team1_id, team2_id, stadium_id, field_id, confirm_date, matching_date, start_time, end_time, confirm, all_rental, t1evalt2, t2evalt1, t1evalsta, t2evalsta) values (30, 61, 31, 123, '2023-04-20 00:37:01', '2022-12-17 18:03:30', '2023-04-16 22:58:50', '2023-04-22 22:47:40', true, true, true, true, true, false);
insert into matching_record (team1_id, team2_id, stadium_id, field_id, confirm_date, matching_date, start_time, end_time, confirm, all_rental, t1evalt2, t2evalt1, t1evalsta, t2evalsta) values (9, 26, 41, 7, '2023-01-10 21:43:11', '2022-12-17 18:59:05', '2022-12-13 09:38:21', '2023-06-24 12:20:10', true, false, false, true, true, false);
insert into matching_record (team1_id, team2_id, stadium_id, field_id, confirm_date, matching_date, start_time, end_time, confirm, all_rental, t1evalt2, t2evalt1, t1evalsta, t2evalsta) values (7, 71, 24, 45, '2023-03-05 02:41:33', '2023-01-19 20:47:37', '2023-04-17 08:33:46', '2023-02-23 14:20:03', false, false, true, true, false, false);
insert into matching_record (team1_id, team2_id, stadium_id, field_id, confirm_date, matching_date, start_time, end_time, confirm, all_rental, t1evalt2, t2evalt1, t1evalsta, t2evalsta) values (16, 7, 46, 53, '2022-11-05 07:53:51', '2022-07-23 09:51:52', '2023-03-18 01:14:16', '2023-06-14 20:27:59', true, true, true, true, false, false);
insert into matching_record (team1_id, team2_id, stadium_id, field_id, confirm_date, matching_date, start_time, end_time, confirm, all_rental, t1evalt2, t2evalt1, t1evalsta, t2evalsta) values (30, 7, 31, 48, '2023-06-26 20:50:28', '2023-04-04 15:47:26', '2023-07-05 15:02:40', '2022-12-26 14:27:16', false, false, false, true, false, true);
insert into matching_record (team1_id, team2_id, stadium_id, field_id, confirm_date, matching_date, start_time, end_time, confirm, all_rental, t1evalt2, t2evalt1, t1evalsta, t2evalsta) values (19, 1, 10, 2, '2022-11-11 15:15:03', '2023-03-31 01:01:33', '2022-07-20 08:41:59', '2023-04-19 01:45:24', true, false, false, true, false, true);
insert into matching_record (team1_id, team2_id, stadium_id, field_id, confirm_date, matching_date, start_time, end_time, confirm, all_rental, t1evalt2, t2evalt1, t1evalsta, t2evalsta) values (32, 40, 48, 62, '2023-04-16 07:16:57', '2023-07-08 20:16:36', '2023-03-28 11:24:47', '2023-04-12 06:12:46', true, true, false, false, false, false);
insert into matching_record (team1_id, team2_id, stadium_id, field_id, confirm_date, matching_date, start_time, end_time, confirm, all_rental, t1evalt2, t2evalt1, t1evalsta, t2evalsta) values (31, 69, 16, 110, '2023-04-16 00:55:55', '2022-08-29 11:45:59', '2022-11-22 09:19:52', '2023-02-05 05:06:42', true, true, true, true, false, true);
insert into matching_record (team1_id, team2_id, stadium_id, field_id, confirm_date, matching_date, start_time, end_time, confirm, all_rental, t1evalt2, t2evalt1, t1evalsta, t2evalsta) values (10, 29, 12, 114, '2023-04-17 11:15:46', '2023-06-14 02:40:55', '2023-04-02 19:56:34', '2022-08-06 14:46:26', true, false, false, true, true, false);
insert into matching_record (team1_id, team2_id, stadium_id, field_id, confirm_date, matching_date, start_time, end_time, confirm, all_rental, t1evalt2, t2evalt1, t1evalsta, t2evalsta) values (27, 60, 36, 59, '2022-08-21 18:55:07', '2023-05-08 19:36:03', '2022-09-22 19:57:59', '2022-09-26 18:05:02', true, true, true, true, true, true);
insert into matching_record (team1_id, team2_id, stadium_id, field_id, confirm_date, matching_date, start_time, end_time, confirm, all_rental, t1evalt2, t2evalt1, t1evalsta, t2evalsta) values (78, 1, 6, 134, '2023-05-12 20:52:35', '2023-06-29 17:37:10', '2023-01-04 09:51:02', '2022-12-03 14:28:19', true, false, true, true, false, false);
insert into matching_record (team1_id, team2_id, stadium_id, field_id, confirm_date, matching_date, start_time, end_time, confirm, all_rental, t1evalt2, t2evalt1, t1evalsta, t2evalsta) values (54, 1, 47, 103, '2022-09-17 14:13:35', '2022-12-07 03:53:37', '2023-04-23 12:39:05', '2022-10-08 13:10:28', true, false, true, false, true, true);
insert into matching_record (team1_id, team2_id, stadium_id, field_id, confirm_date, matching_date, start_time, end_time, confirm, all_rental, t1evalt2, t2evalt1, t1evalsta, t2evalsta) values (22, 28, 13, 34, '2022-12-24 19:35:15', '2023-01-09 20:34:26', '2022-08-24 17:57:34', '2023-03-19 04:27:52', false, true, false, false, false, true);
insert into matching_record (team1_id, team2_id, stadium_id, field_id, confirm_date, matching_date, start_time, end_time, confirm, all_rental, t1evalt2, t2evalt1, t1evalsta, t2evalsta) values (57, 16, 42, 106, '2023-03-01 04:27:43', '2023-01-01 20:55:36', '2022-11-14 06:34:53', '2023-02-26 13:05:07', false, false, true, false, false, false);
insert into matching_record (team1_id, team2_id, stadium_id, field_id, confirm_date, matching_date, start_time, end_time, confirm, all_rental, t1evalt2, t2evalt1, t1evalsta, t2evalsta) values (49, 18, 43, 7, '2022-11-13 05:03:43', '2023-03-22 03:09:07', '2023-03-02 10:11:50', '2022-11-01 15:44:34', false, true, true, false, false, false);
insert into matching_record (team1_id, team2_id, stadium_id, field_id, confirm_date, matching_date, start_time, end_time, confirm, all_rental, t1evalt2, t2evalt1, t1evalsta, t2evalsta) values (34, 14, 46, 24, '2023-02-20 06:17:51', '2022-11-09 06:11:26', '2022-12-06 15:27:40', '2023-03-27 11:09:44', false, false, false, true, true, true);
insert into matching_record (team1_id, team2_id, stadium_id, field_id, confirm_date, matching_date, start_time, end_time, confirm, all_rental, t1evalt2, t2evalt1, t1evalsta, t2evalsta) values (60, 57, 1, 33, '2023-04-12 03:51:02', '2022-07-28 19:17:52', '2023-07-03 07:08:12', '2022-10-21 22:42:27', true, false, true, false, false, false);
insert into matching_record (team1_id, team2_id, stadium_id, field_id, confirm_date, matching_date, start_time, end_time, confirm, all_rental, t1evalt2, t2evalt1, t1evalsta, t2evalsta) values (28, 17, 8, 124, '2023-04-13 09:20:28', '2023-02-25 11:36:07', '2023-02-11 23:35:34', '2023-02-06 09:15:16', false, true, true, true, true, true);
insert into matching_record (team1_id, team2_id, stadium_id, field_id, confirm_date, matching_date, start_time, end_time, confirm, all_rental, t1evalt2, t2evalt1, t1evalsta, t2evalsta) values (51, 30, 7, 75, '2022-08-08 01:26:57', '2023-01-22 21:22:12', '2022-10-02 19:37:24', '2022-11-20 11:30:47', false, false, true, false, true, false);
insert into matching_record (team1_id, team2_id, stadium_id, field_id, confirm_date, matching_date, start_time, end_time, confirm, all_rental, t1evalt2, t2evalt1, t1evalsta, t2evalsta) values (62, 42, 44, 115, '2023-01-10 17:51:33', '2023-04-04 11:58:13', '2022-10-01 01:57:10', '2022-08-01 21:53:14', true, true, false, false, false, false);
insert into matching_record (team1_id, team2_id, stadium_id, field_id, confirm_date, matching_date, start_time, end_time, confirm, all_rental, t1evalt2, t2evalt1, t1evalsta, t2evalsta) values (32, 20, 19, 80, '2023-01-19 04:47:32', '2023-03-18 09:40:45', '2023-07-06 12:30:35', '2022-08-10 20:15:38', false, false, false, false, false, true);
insert into matching_record (team1_id, team2_id, stadium_id, field_id, confirm_date, matching_date, start_time, end_time, confirm, all_rental, t1evalt2, t2evalt1, t1evalsta, t2evalsta) values (45, 70, 29, 81, '2022-12-07 00:58:24', '2022-09-08 00:18:31', '2022-08-01 03:18:50', '2022-08-23 17:06:49', false, false, true, true, false, false);
insert into matching_record (team1_id, team2_id, stadium_id, field_id, confirm_date, matching_date, start_time, end_time, confirm, all_rental, t1evalt2, t2evalt1, t1evalsta, t2evalsta) values (44, 74, 31, 93, '2023-03-12 22:26:34', '2023-01-08 18:23:21', '2023-06-22 20:46:19', '2022-09-16 11:08:50', false, true, true, false, false, true);
insert into matching_record (team1_id, team2_id, stadium_id, field_id, confirm_date, matching_date, start_time, end_time, confirm, all_rental, t1evalt2, t2evalt1, t1evalsta, t2evalsta) values (65, 25, 31, 96, '2022-12-15 01:42:16', '2023-01-18 17:47:15', '2023-05-06 23:03:28', '2023-03-16 15:35:17', false, true, true, true, false, true);
insert into matching_record (team1_id, team2_id, stadium_id, field_id, confirm_date, matching_date, start_time, end_time, confirm, all_rental, t1evalt2, t2evalt1, t1evalsta, t2evalsta) values (42, 3, 38, 60, '2022-08-02 17:28:28', '2023-06-22 00:12:00', '2023-06-06 17:35:18', '2023-02-03 06:14:59', false, true, true, false, false, true);
insert into matching_record (team1_id, team2_id, stadium_id, field_id, confirm_date, matching_date, start_time, end_time, confirm, all_rental, t1evalt2, t2evalt1, t1evalsta, t2evalsta) values (61, 21, 13, 115, '2023-04-25 08:30:26', '2023-01-03 05:39:45', '2022-12-24 13:10:30', '2023-01-20 10:27:07', true, true, false, false, false, false);
insert into matching_record (team1_id, team2_id, stadium_id, field_id, confirm_date, matching_date, start_time, end_time, confirm, all_rental, t1evalt2, t2evalt1, t1evalsta, t2evalsta) values (60, 49, 3, 25, '2023-05-25 09:29:05', '2022-12-24 03:24:27', '2022-09-24 07:28:14', '2022-08-30 12:36:58', false, true, false, false, true, false);
insert into matching_record (team1_id, team2_id, stadium_id, field_id, confirm_date, matching_date, start_time, end_time, confirm, all_rental, t1evalt2, t2evalt1, t1evalsta, t2evalsta) values (55, 70, 46, 123, '2023-01-12 07:29:26', '2023-01-26 15:06:16', '2023-02-04 02:29:58', '2022-07-27 05:09:56', false, true, false, true, false, false);
insert into matching_record (team1_id, team2_id, stadium_id, field_id, confirm_date, matching_date, start_time, end_time, confirm, all_rental, t1evalt2, t2evalt1, t1evalsta, t2evalsta) values (28, 19, 42, 74, '2022-10-20 03:05:42', '2022-09-17 06:14:39', '2023-05-05 13:21:04', '2022-12-08 16:17:14', true, true, true, true, true, true);
insert into matching_record (team1_id, team2_id, stadium_id, field_id, confirm_date, matching_date, start_time, end_time, confirm, all_rental, t1evalt2, t2evalt1, t1evalsta, t2evalsta) values (26, 15, 27, 142, '2023-06-04 08:06:21', '2023-01-02 23:58:22', '2022-09-24 16:38:28', '2023-05-19 18:58:12', true, false, true, false, true, false);
insert into matching_record (team1_id, team2_id, stadium_id, field_id, confirm_date, matching_date, start_time, end_time, confirm, all_rental, t1evalt2, t2evalt1, t1evalsta, t2evalsta) values (55, 13, 37, 146, '2022-12-03 21:03:53', '2023-04-16 21:59:43', '2023-07-04 09:08:43', '2022-08-25 10:23:19', true, true, false, true, true, true);
insert into matching_record (team1_id, team2_id, stadium_id, field_id, confirm_date, matching_date, start_time, end_time, confirm, all_rental, t1evalt2, t2evalt1, t1evalsta, t2evalsta) values (40, 30, 10, 132, '2023-04-13 04:34:53', '2023-04-23 21:06:58', '2022-09-19 15:33:52', '2023-02-08 00:59:15', false, true, false, false, false, true);
insert into matching_record (team1_id, team2_id, stadium_id, field_id, confirm_date, matching_date, start_time, end_time, confirm, all_rental, t1evalt2, t2evalt1, t1evalsta, t2evalsta) values (11, 55, 31, 19, '2023-05-01 06:31:18', '2023-01-11 03:03:58', '2023-04-26 03:08:14', '2022-08-28 15:50:10', true, false, true, true, false, false);
insert into matching_record (team1_id, team2_id, stadium_id, field_id, confirm_date, matching_date, start_time, end_time, confirm, all_rental, t1evalt2, t2evalt1, t1evalsta, t2evalsta) values (7, 75, 50, 20, '2023-04-15 09:55:04', '2022-12-01 07:11:17', '2023-05-04 05:09:31', '2023-05-22 21:33:54', true, true, true, true, false, false);
insert into matching_record (team1_id, team2_id, stadium_id, field_id, confirm_date, matching_date, start_time, end_time, confirm, all_rental, t1evalt2, t2evalt1, t1evalsta, t2evalsta) values (15, 9, 22, 133, '2022-10-18 08:10:18', '2023-02-04 07:51:52', '2022-07-18 07:05:02', '2023-04-17 23:52:20', true, false, true, true, false, false);
insert into matching_record (team1_id, team2_id, stadium_id, field_id, confirm_date, matching_date, start_time, end_time, confirm, all_rental, t1evalt2, t2evalt1, t1evalsta, t2evalsta) values (45, 63, 15, 10, '2022-09-27 20:27:28', '2022-08-22 05:11:32', '2022-08-23 17:50:15', '2022-08-22 06:28:02', true, false, false, true, false, true);
insert into matching_record (team1_id, team2_id, stadium_id, field_id, confirm_date, matching_date, start_time, end_time, confirm, all_rental, t1evalt2, t2evalt1, t1evalsta, t2evalsta) values (33, 73, 31, 63, '2023-06-08 00:17:06', '2023-06-03 03:38:40', '2023-03-12 03:01:56', '2022-10-27 21:21:53', false, false, true, false, true, false);
insert into matching_record (team1_id, team2_id, stadium_id, field_id, confirm_date, matching_date, start_time, end_time, confirm, all_rental, t1evalt2, t2evalt1, t1evalsta, t2evalsta) values (72, 42, 16, 59, '2022-12-07 04:01:32', '2023-02-12 00:26:20', '2022-11-09 21:36:07', '2022-08-27 19:02:54', true, true, false, true, false, false);
insert into matching_record (team1_id, team2_id, stadium_id, field_id, confirm_date, matching_date, start_time, end_time, confirm, all_rental, t1evalt2, t2evalt1, t1evalsta, t2evalsta) values (52, 44, 26, 52, '2023-07-13 21:12:35', '2022-09-27 22:52:14', '2023-02-07 00:39:55', '2023-01-31 20:59:38', false, false, false, false, false, false);
insert into matching_record (team1_id, team2_id, stadium_id, field_id, confirm_date, matching_date, start_time, end_time, confirm, all_rental, t1evalt2, t2evalt1, t1evalsta, t2evalsta) values (40, 75, 48, 27, '2023-07-06 10:50:44', '2022-10-29 23:59:56', '2022-07-20 05:03:23', '2023-07-11 17:30:37', true, true, true, true, false, true);
insert into matching_record (team1_id, team2_id, stadium_id, field_id, confirm_date, matching_date, start_time, end_time, confirm, all_rental, t1evalt2, t2evalt1, t1evalsta, t2evalsta) values (10, 2, 17, 46, '2022-10-05 06:50:34', '2023-06-15 18:16:38', '2023-02-15 19:57:54', '2022-08-10 13:07:26', false, false, true, false, true, true);
insert into matching_record (team1_id, team2_id, stadium_id, field_id, confirm_date, matching_date, start_time, end_time, confirm, all_rental, t1evalt2, t2evalt1, t1evalsta, t2evalsta) values (61, 20, 20, 85, '2023-01-26 11:33:43', '2022-11-01 16:12:44', '2023-04-30 17:55:05', '2023-04-22 02:34:27', false, false, true, false, false, false);
insert into matching_record (team1_id, team2_id, stadium_id, field_id, confirm_date, matching_date, start_time, end_time, confirm, all_rental, t1evalt2, t2evalt1, t1evalsta, t2evalsta) values (80, 43, 15, 11, '2022-12-30 16:52:02', '2022-09-08 19:18:33', '2023-03-11 10:29:37', '2023-04-02 02:32:40', true, false, true, false, true, true);
insert into matching_record (team1_id, team2_id, stadium_id, field_id, confirm_date, matching_date, start_time, end_time, confirm, all_rental, t1evalt2, t2evalt1, t1evalsta, t2evalsta) values (44, 70, 31, 36, '2022-09-27 18:25:48', '2023-05-22 14:53:04', '2022-10-26 22:13:13', '2023-04-12 06:10:38', false, true, true, false, false, true);
insert into matching_record (team1_id, team2_id, stadium_id, field_id, confirm_date, matching_date, start_time, end_time, confirm, all_rental, t1evalt2, t2evalt1, t1evalsta, t2evalsta) values (53, 26, 5, 77, '2023-01-16 06:04:41', '2022-07-20 09:09:41', '2023-01-10 17:36:16', '2022-09-03 14:49:19', false, true, false, true, false, true);
insert into matching_record (team1_id, team2_id, stadium_id, field_id, confirm_date, matching_date, start_time, end_time, confirm, all_rental, t1evalt2, t2evalt1, t1evalsta, t2evalsta) values (48, 24, 33, 106, '2022-08-08 08:49:28', '2022-11-07 06:28:01', '2022-08-21 23:07:52', '2022-12-06 15:23:55', true, false, true, true, false, true);
insert into matching_record (team1_id, team2_id, stadium_id, field_id, confirm_date, matching_date, start_time, end_time, confirm, all_rental, t1evalt2, t2evalt1, t1evalsta, t2evalsta) values (51, 19, 9, 139, '2022-11-08 16:57:04', '2023-06-08 11:13:39', '2022-07-20 22:48:58', '2023-02-18 13:07:46', false, false, false, true, false, false);
insert into matching_record (team1_id, team2_id, stadium_id, field_id, confirm_date, matching_date, start_time, end_time, confirm, all_rental, t1evalt2, t2evalt1, t1evalsta, t2evalsta) values (39, 54, 26, 67, '2022-08-17 03:50:42', '2023-02-27 08:25:49', '2022-11-23 23:42:59', '2023-02-27 07:49:15', true, true, false, true, true, true);
insert into matching_record (team1_id, team2_id, stadium_id, field_id, confirm_date, matching_date, start_time, end_time, confirm, all_rental, t1evalt2, t2evalt1, t1evalsta, t2evalsta) values (24, 74, 43, 35, '2023-03-09 18:53:34', '2023-05-20 17:16:14', '2022-12-15 23:26:18', '2023-05-19 07:11:20', true, false, true, true, false, false);
insert into matching_record (team1_id, team2_id, stadium_id, field_id, confirm_date, matching_date, start_time, end_time, confirm, all_rental, t1evalt2, t2evalt1, t1evalsta, t2evalsta) values (37, 31, 12, 86, '2023-02-27 14:06:24', '2023-03-15 16:48:28', '2023-04-30 02:58:56', '2023-05-28 00:24:38', false, true, false, false, false, true);
insert into matching_record (team1_id, team2_id, stadium_id, field_id, confirm_date, matching_date, start_time, end_time, confirm, all_rental, t1evalt2, t2evalt1, t1evalsta, t2evalsta) values (14, 79, 21, 126, '2022-12-20 06:02:36', '2023-06-25 06:36:23', '2023-04-09 23:44:05', '2022-07-27 06:22:37', false, false, false, false, true, true);
insert into matching_record (team1_id, team2_id, stadium_id, field_id, confirm_date, matching_date, start_time, end_time, confirm, all_rental, t1evalt2, t2evalt1, t1evalsta, t2evalsta) values (68, 71, 44, 33, '2023-05-20 19:30:42', '2022-08-01 07:41:18', '2023-05-29 01:20:46', '2022-12-14 03:08:53', true, true, false, false, false, true);
insert into matching_record (team1_id, team2_id, stadium_id, field_id, confirm_date, matching_date, start_time, end_time, confirm, all_rental, t1evalt2, t2evalt1, t1evalsta, t2evalsta) values (12, 22, 8, 56, '2023-04-01 20:01:59', '2023-06-02 19:17:42', '2023-02-24 17:52:35', '2023-04-23 00:21:16', true, true, false, true, false, true);
insert into matching_record (team1_id, team2_id, stadium_id, field_id, confirm_date, matching_date, start_time, end_time, confirm, all_rental, t1evalt2, t2evalt1, t1evalsta, t2evalsta) values (7, 14, 29, 113, '2022-09-18 02:06:40', '2022-10-05 09:22:17', '2022-09-23 11:19:32', '2023-02-06 23:20:26', false, true, false, true, false, false);
insert into matching_record (team1_id, team2_id, stadium_id, field_id, confirm_date, matching_date, start_time, end_time, confirm, all_rental, t1evalt2, t2evalt1, t1evalsta, t2evalsta) values (5, 34, 41, 20, '2023-04-04 12:28:43', '2023-01-17 07:18:30', '2023-05-16 21:56:40', '2022-09-05 11:19:44', true, true, true, true, true, true);
insert into matching_record (team1_id, team2_id, stadium_id, field_id, confirm_date, matching_date, start_time, end_time, confirm, all_rental, t1evalt2, t2evalt1, t1evalsta, t2evalsta) values (40, 28, 29, 63, '2022-12-18 16:55:35', '2023-03-12 06:21:27', '2023-03-05 21:37:53', '2023-01-31 15:26:18', true, false, true, true, true, true);
insert into matching_record (team1_id, team2_id, stadium_id, field_id, confirm_date, matching_date, start_time, end_time, confirm, all_rental, t1evalt2, t2evalt1, t1evalsta, t2evalsta) values (18, 46, 30, 120, '2023-03-23 08:49:14', '2022-09-28 17:30:54', '2022-09-08 22:18:21', '2023-01-24 07:30:02', false, false, true, false, true, false);
insert into matching_record (team1_id, team2_id, stadium_id, field_id, confirm_date, matching_date, start_time, end_time, confirm, all_rental, t1evalt2, t2evalt1, t1evalsta, t2evalsta) values (71, 52, 47, 89, '2023-03-04 13:30:50', '2023-01-14 21:20:14', '2023-03-18 15:04:11', '2023-03-30 00:17:29', true, true, true, false, true, true);
insert into matching_record (team1_id, team2_id, stadium_id, field_id, confirm_date, matching_date, start_time, end_time, confirm, all_rental, t1evalt2, t2evalt1, t1evalsta, t2evalsta) values (31, 16, 41, 127, '2023-06-07 06:50:24', '2022-12-26 23:14:23', '2022-12-01 00:30:08', '2022-07-31 06:28:43', true, true, false, true, true, true);
insert into matching_record (team1_id, team2_id, stadium_id, field_id, confirm_date, matching_date, start_time, end_time, confirm, all_rental, t1evalt2, t2evalt1, t1evalsta, t2evalsta) values (5, 68, 4, 131, '2023-05-15 20:04:07', '2022-10-25 22:44:43', '2022-10-19 03:53:35', '2022-11-01 07:10:39', false, false, false, true, true, true);
insert into matching_record (team1_id, team2_id, stadium_id, field_id, confirm_date, matching_date, start_time, end_time, confirm, all_rental, t1evalt2, t2evalt1, t1evalsta, t2evalsta) values (74, 59, 40, 82, '2023-06-06 01:45:32', '2023-02-01 14:23:32', '2022-07-27 07:46:32', '2022-12-03 06:01:30', true, true, true, true, false, true);
insert into matching_record (team1_id, team2_id, stadium_id, field_id, confirm_date, matching_date, start_time, end_time, confirm, all_rental, t1evalt2, t2evalt1, t1evalsta, t2evalsta) values (4, 75, 14, 30, '2022-12-26 07:12:26', '2022-12-29 23:09:18', '2022-09-17 08:47:50', '2023-03-08 16:43:57', true, true, false, true, true, true);
insert into matching_record (team1_id, team2_id, stadium_id, field_id, confirm_date, matching_date, start_time, end_time, confirm, all_rental, t1evalt2, t2evalt1, t1evalsta, t2evalsta) values (25, 12, 15, 110, '2022-12-04 20:46:15', '2023-05-28 09:01:41', '2023-06-05 22:02:32', '2023-03-26 15:34:05', true, false, false, true, true, true);
insert into matching_record (team1_id, team2_id, stadium_id, field_id, confirm_date, matching_date, start_time, end_time, confirm, all_rental, t1evalt2, t2evalt1, t1evalsta, t2evalsta) values (19, 60, 23, 144, '2022-12-06 13:35:24', '2022-09-11 07:42:06', '2023-06-07 06:53:27', '2022-08-01 13:52:28', false, true, false, true, true, false);
insert into matching_record (team1_id, team2_id, stadium_id, field_id, confirm_date, matching_date, start_time, end_time, confirm, all_rental, t1evalt2, t2evalt1, t1evalsta, t2evalsta) values (25, 66, 10, 26, '2023-06-12 05:46:43', '2022-11-01 09:34:02', '2023-06-05 18:21:03', '2023-06-09 15:59:25', true, false, false, false, true, true);
insert into matching_record (team1_id, team2_id, stadium_id, field_id, confirm_date, matching_date, start_time, end_time, confirm, all_rental, t1evalt2, t2evalt1, t1evalsta, t2evalsta) values (40, 39, 39, 26, '2022-11-06 14:49:24', '2022-08-19 08:17:21', '2022-10-05 01:53:50', '2022-11-06 20:14:38', true, false, false, true, false, true);
insert into matching_record (team1_id, team2_id, stadium_id, field_id, confirm_date, matching_date, start_time, end_time, confirm, all_rental, t1evalt2, t2evalt1, t1evalsta, t2evalsta) values (3, 13, 46, 35, '2022-12-19 01:36:43', '2023-04-24 17:12:51', '2022-12-18 14:03:12', '2023-02-18 04:46:23', true, true, true, false, true, false);
insert into matching_record (team1_id, team2_id, stadium_id, field_id, confirm_date, matching_date, start_time, end_time, confirm, all_rental, t1evalt2, t2evalt1, t1evalsta, t2evalsta) values (40, 49, 29, 122, '2022-10-20 23:54:14', '2023-04-05 04:58:19', '2022-09-18 03:11:29', '2023-01-17 02:34:08', true, false, true, false, false, true);
insert into matching_record (team1_id, team2_id, stadium_id, field_id, confirm_date, matching_date, start_time, end_time, confirm, all_rental, t1evalt2, t2evalt1, t1evalsta, t2evalsta) values (25, 67, 12, 36, '2023-03-06 13:04:27', '2023-01-30 04:30:14', '2023-02-18 07:19:17', '2023-06-08 23:58:26', false, false, false, true, true, true);
insert into matching_record (team1_id, team2_id, stadium_id, field_id, confirm_date, matching_date, start_time, end_time, confirm, all_rental, t1evalt2, t2evalt1, t1evalsta, t2evalsta) values (48, 59, 35, 143, '2022-11-19 06:25:33', '2023-06-14 05:17:53', '2022-08-29 05:58:07', '2023-05-14 07:11:04', false, true, true, false, false, true);
insert into matching_record (team1_id, team2_id, stadium_id, field_id, confirm_date, matching_date, start_time, end_time, confirm, all_rental, t1evalt2, t2evalt1, t1evalsta, t2evalsta) values (50, 18, 31, 15, '2023-04-26 17:27:06', '2022-09-16 04:12:57', '2023-05-04 05:44:59', '2023-01-19 23:59:18', true, true, true, true, false, true);
insert into matching_record (team1_id, team2_id, stadium_id, field_id, confirm_date, matching_date, start_time, end_time, confirm, all_rental, t1evalt2, t2evalt1, t1evalsta, t2evalsta) values (14, 42, 47, 126, '2023-03-26 22:19:32', '2023-03-19 08:07:49', '2023-04-02 03:45:11', '2023-04-30 03:52:02', false, false, true, false, false, false);
insert into matching_record (team1_id, team2_id, stadium_id, field_id, confirm_date, matching_date, start_time, end_time, confirm, all_rental, t1evalt2, t2evalt1, t1evalsta, t2evalsta) values (24, 75, 12, 137, '2023-07-12 13:49:28', '2022-07-26 12:21:17', '2022-11-24 07:41:13', '2023-07-17 17:49:56', false, true, true, true, false, false);
insert into matching_record (team1_id, team2_id, stadium_id, field_id, confirm_date, matching_date, start_time, end_time, confirm, all_rental, t1evalt2, t2evalt1, t1evalsta, t2evalsta) values (45, 21, 24, 25, '2022-12-31 18:09:49', '2022-10-30 06:54:02', '2022-07-29 16:06:47', '2023-05-16 04:40:59', true, false, false, false, true, true);
insert into matching_record (team1_id, team2_id, stadium_id, field_id, confirm_date, matching_date, start_time, end_time, confirm, all_rental, t1evalt2, t2evalt1, t1evalsta, t2evalsta) values (24, 58, 40, 96, '2023-05-15 03:06:47', '2023-05-26 19:28:40', '2023-01-08 14:50:17', '2022-09-26 23:10:43', false, false, false, true, true, false);
insert into matching_record (team1_id, team2_id, stadium_id, field_id, confirm_date, matching_date, start_time, end_time, confirm, all_rental, t1evalt2, t2evalt1, t1evalsta, t2evalsta) values (68, 39, 12, 137, '2022-12-01 20:53:04', '2023-01-05 20:03:09', '2023-06-05 14:26:10', '2023-03-21 06:56:07', true, false, false, false, true, true);
insert into matching_record (team1_id, team2_id, stadium_id, field_id, confirm_date, matching_date, start_time, end_time, confirm, all_rental, t1evalt2, t2evalt1, t1evalsta, t2evalsta) values (68, 34, 32, 124, '2023-07-13 00:41:50', '2022-07-27 21:09:04', '2023-05-05 02:50:34', '2023-06-29 03:46:07', true, true, true, false, true, true);
insert into matching_record (team1_id, team2_id, stadium_id, field_id, confirm_date, matching_date, start_time, end_time, confirm, all_rental, t1evalt2, t2evalt1, t1evalsta, t2evalsta) values (6, 62, 41, 145, '2023-01-24 13:49:40', '2023-01-31 14:03:06', '2023-03-08 20:05:15', '2022-09-24 01:59:51', false, false, true, false, true, false);
insert into matching_record (team1_id, team2_id, stadium_id, field_id, confirm_date, matching_date, start_time, end_time, confirm, all_rental, t1evalt2, t2evalt1, t1evalsta, t2evalsta) values (21, 40, 35, 42, '2023-06-16 04:43:07', '2022-08-09 23:25:19', '2022-10-12 17:54:56', '2022-12-11 15:33:50', true, false, false, false, false, true);
insert into matching_record (team1_id, team2_id, stadium_id, field_id, confirm_date, matching_date, start_time, end_time, confirm, all_rental, t1evalt2, t2evalt1, t1evalsta, t2evalsta) values (67, 80, 40, 3, '2022-12-21 07:14:52', '2023-04-09 02:50:31', '2022-11-09 07:48:14', '2022-10-17 05:41:31', false, false, true, false, true, true);
insert into matching_record (team1_id, team2_id, stadium_id, field_id, confirm_date, matching_date, start_time, end_time, confirm, all_rental, t1evalt2, t2evalt1, t1evalsta, t2evalsta) values (63, 78, 19, 111, '2023-01-13 09:28:53', '2022-08-15 21:26:29', '2022-12-07 22:16:40', '2023-06-01 21:31:04', true, false, true, true, false, false);
insert into matching_record (team1_id, team2_id, stadium_id, field_id, confirm_date, matching_date, start_time, end_time, confirm, all_rental, t1evalt2, t2evalt1, t1evalsta, t2evalsta) values (64, 72, 19, 123, '2022-12-24 07:00:26', '2023-07-09 07:18:39', '2023-06-03 16:17:04', '2022-08-27 08:35:46', true, true, false, true, true, true);
insert into matching_record (team1_id, team2_id, stadium_id, field_id, confirm_date, matching_date, start_time, end_time, confirm, all_rental, t1evalt2, t2evalt1, t1evalsta, t2evalsta) values (58, 56, 50, 5, '2023-04-08 12:27:37', '2023-02-27 20:59:53', '2023-03-14 13:07:28', '2022-08-17 02:10:54', false, true, false, false, false, true);
insert into matching_record (team1_id, team2_id, stadium_id, field_id, confirm_date, matching_date, start_time, end_time, confirm, all_rental, t1evalt2, t2evalt1, t1evalsta, t2evalsta) values (71, 67, 43, 91, '2022-08-14 05:18:28', '2023-06-19 02:40:07', '2022-11-09 18:30:18', '2022-08-11 14:56:07', true, true, false, false, true, false);
insert into matching_record (team1_id, team2_id, stadium_id, field_id, confirm_date, matching_date, start_time, end_time, confirm, all_rental, t1evalt2, t2evalt1, t1evalsta, t2evalsta) values (20, 73, 22, 146, '2023-04-05 18:03:12', '2022-11-27 12:42:44', '2023-04-23 19:03:06', '2023-03-14 17:36:14', true, true, false, false, false, false);
insert into matching_record (team1_id, team2_id, stadium_id, field_id, confirm_date, matching_date, start_time, end_time, confirm, all_rental, t1evalt2, t2evalt1, t1evalsta, t2evalsta) values (29, 9, 5, 133, '2023-06-22 15:29:26', '2022-09-16 05:38:49', '2022-08-22 00:42:33', '2023-02-22 04:21:42', true, false, false, false, false, true);
insert into matching_record (team1_id, team2_id, stadium_id, field_id, confirm_date, matching_date, start_time, end_time, confirm, all_rental, t1evalt2, t2evalt1, t1evalsta, t2evalsta) values (46, 48, 8, 45, '2023-01-28 00:36:33', '2022-11-09 22:13:13', '2022-12-24 00:31:43', '2023-05-18 11:49:02', false, true, false, false, true, false);
insert into matching_record (team1_id, team2_id, stadium_id, field_id, confirm_date, matching_date, start_time, end_time, confirm, all_rental, t1evalt2, t2evalt1, t1evalsta, t2evalsta) values (44, 57, 38, 61, '2023-03-22 20:34:07', '2022-08-27 10:40:30', '2022-09-18 08:11:20', '2023-02-09 08:22:14', false, false, true, true, true, true);
insert into matching_record (team1_id, team2_id, stadium_id, field_id, confirm_date, matching_date, start_time, end_time, confirm, all_rental, t1evalt2, t2evalt1, t1evalsta, t2evalsta) values (67, 67, 5, 98, '2022-12-19 16:26:35', '2022-08-15 10:43:40', '2022-12-18 21:10:47', '2022-09-01 00:23:39', false, true, false, false, false, true);
insert into matching_record (team1_id, team2_id, stadium_id, field_id, confirm_date, matching_date, start_time, end_time, confirm, all_rental, t1evalt2, t2evalt1, t1evalsta, t2evalsta) values (61, 57, 7, 32, '2023-03-21 07:49:13', '2023-04-16 22:13:25', '2022-10-26 01:20:48', '2023-07-11 03:05:22', true, false, false, true, false, true);
insert into matching_record (team1_id, team2_id, stadium_id, field_id, confirm_date, matching_date, start_time, end_time, confirm, all_rental, t1evalt2, t2evalt1, t1evalsta, t2evalsta) values (65, 4, 21, 117, '2022-10-06 15:11:42', '2022-11-14 01:08:45', '2023-01-02 00:14:21', '2022-11-09 14:13:27', false, false, false, true, true, false);
insert into matching_record (team1_id, team2_id, stadium_id, field_id, confirm_date, matching_date, start_time, end_time, confirm, all_rental, t1evalt2, t2evalt1, t1evalsta, t2evalsta) values (1, 35, 34, 53, '2023-03-08 07:20:09', '2023-01-07 00:35:42', '2022-12-27 13:23:23', '2022-10-16 10:36:53', false, false, true, true, true, false);
insert into matching_record (team1_id, team2_id, stadium_id, field_id, confirm_date, matching_date, start_time, end_time, confirm, all_rental, t1evalt2, t2evalt1, t1evalsta, t2evalsta) values (77, 77, 24, 64, '2023-01-22 01:15:01', '2022-12-07 14:54:43', '2022-10-17 10:53:42', '2022-11-06 09:33:17', false, false, true, false, true, false);
insert into matching_record (team1_id, team2_id, stadium_id, field_id, confirm_date, matching_date, start_time, end_time, confirm, all_rental, t1evalt2, t2evalt1, t1evalsta, t2evalsta) values (14, 75, 32, 28, '2022-09-08 01:52:47', '2023-05-23 13:01:26', '2023-06-13 03:21:23', '2023-03-24 20:56:06', false, false, true, false, true, true);
insert into matching_record (team1_id, team2_id, stadium_id, field_id, confirm_date, matching_date, start_time, end_time, confirm, all_rental, t1evalt2, t2evalt1, t1evalsta, t2evalsta) values (54, 31, 7, 119, '2022-12-22 19:24:45', '2022-10-19 05:25:36', '2023-05-05 23:50:35', '2022-07-23 07:38:56', false, true, true, true, false, false);
insert into matching_record (team1_id, team2_id, stadium_id, field_id, confirm_date, matching_date, start_time, end_time, confirm, all_rental, t1evalt2, t2evalt1, t1evalsta, t2evalsta) values (62, 51, 39, 80, '2022-09-11 10:28:14', '2022-11-01 23:29:30', '2022-11-04 01:45:16', '2022-10-15 12:32:41', false, false, false, true, true, false);
insert into matching_record (team1_id, team2_id, stadium_id, field_id, confirm_date, matching_date, start_time, end_time, confirm, all_rental, t1evalt2, t2evalt1, t1evalsta, t2evalsta) values (55, 80, 14, 127, '2022-12-27 19:56:50', '2022-11-14 03:36:47', '2023-05-31 14:06:24', '2023-01-23 09:13:32', true, true, true, false, true, false);
insert into matching_record (team1_id, team2_id, stadium_id, field_id, confirm_date, matching_date, start_time, end_time, confirm, all_rental, t1evalt2, t2evalt1, t1evalsta, t2evalsta) values (16, 28, 17, 88, '2023-04-21 01:31:42', '2022-10-03 17:37:31', '2022-11-15 11:34:01', '2023-04-13 22:26:32', false, true, false, false, true, false);
insert into matching_record (team1_id, team2_id, stadium_id, field_id, confirm_date, matching_date, start_time, end_time, confirm, all_rental, t1evalt2, t2evalt1, t1evalsta, t2evalsta) values (61, 34, 30, 25, '2023-04-06 17:33:18', '2023-02-13 02:21:14', '2022-10-19 06:17:46', '2022-08-31 03:23:03', true, true, true, false, true, false);







