--team
insert into team (id, password, team_name, captain_name, tel, img_url, manner, skill, evaluation_count, created_at, created_by, modified_at, modified_by) values (1, '#3ca256', 'Storm', 'Sore', '623-636-7879', null, 3, 2, 143, '2022-07-18 07:37:25', 'Ghost and Mr. Chicken, The', '2023-05-30 22:14:55', 'Ballad of the Paper Balloons (a.k.a. Humanity and Paper Balloons) (Ninjô kami fûsen)');
insert into team (id, password, team_name, captain_name, tel, img_url, manner, skill, evaluation_count, created_at, created_by, modified_at, modified_by) values (2, '#550af6', 'Silverado 1500', 'Elmer', '313-940-2223', 'http://dummyimage.com/247x100.png/dddddd/000000', 3, 4, 112, '2022-12-17 10:42:30', 'Big Stan', '2023-07-14 01:46:03', 'She Hate Me');
insert into team (id, password, team_name, captain_name, tel, img_url, manner, skill, evaluation_count, created_at, created_by, modified_at, modified_by) values (3, '#44d0ac', 'Avenger', 'Camplen', '412-465-9300', 'http://dummyimage.com/113x100.png/cc0000/ffffff', 3, 4, 98, '2022-10-27 23:42:12', 'Welcome to the Dollhouse', '2022-09-21 14:34:34', 'Red Shoes, The');
insert into team (id, password, team_name, captain_name, tel, img_url, manner, skill, evaluation_count, created_at, created_by, modified_at, modified_by) values (4, '#447be8', 'Mariner', 'Giggie', '866-846-8740', 'http://dummyimage.com/121x100.png/5fa2dd/ffffff', 7, 2, 169, '2022-08-21 01:33:25', 'Recipes for Disaster', '2023-02-13 17:38:54', 'Killer of Sheep');
insert into team (id, password, team_name, captain_name, tel, img_url, manner, skill, evaluation_count, created_at, created_by, modified_at, modified_by) values (5, '#ff6c2c', 'Grand Marquis', 'Jumel', '424-771-8105', null, 2, 2, 124, '2022-11-14 01:39:22', 'Blood of the Vampire', '2022-10-07 02:22:01', 'Daredevil');
insert into team (id, password, team_name, captain_name, tel, img_url, manner, skill, evaluation_count, created_at, created_by, modified_at, modified_by) values (6, '#aeb3d1', 'Cabriolet', 'Dadge', '866-348-2823', 'http://dummyimage.com/138x100.png/dddddd/000000', 1, 1, 171, '2023-01-10 16:25:02', 'Tribute to a Bad Man', '2022-09-09 02:42:37', 'Antonio das Mortes (O Dragão da Maldade contra o Santo Guerreiro)');
insert into team (id, password, team_name, captain_name, tel, img_url, manner, skill, evaluation_count, created_at, created_by, modified_at, modified_by) values (7, '#f28a6d', 'Silverado 1500', 'Ianizzi', '859-966-0770', 'http://dummyimage.com/186x100.png/5fa2dd/ffffff', 1, 1, 83, '2023-06-04 20:15:20', 'Mindwarp', '2023-01-31 01:58:43', 'Babylon 5: The Lost Tales - Voices in the Dark');
insert into team (id, password, team_name, captain_name, tel, img_url, manner, skill, evaluation_count, created_at, created_by, modified_at, modified_by) values (8, '#627af4', 'Concorde', 'Tejada', '611-924-8617', 'http://dummyimage.com/160x100.png/cc0000/ffffff', 5, 3, 123, '2022-08-15 23:41:36', 'Truly Human (Et rigtigt menneske)', '2023-04-16 02:51:33', 'Four Horsemen');
insert into team (id, password, team_name, captain_name, tel, img_url, manner, skill, evaluation_count, created_at, created_by, modified_at, modified_by) values (9, '#3b7de6', 'Pilot', 'Bandiera', '450-547-4270', 'http://dummyimage.com/116x100.png/cc0000/ffffff', 6, 5, 55, '2023-02-12 03:15:14', 'CrissCross', '2022-07-22 12:05:11', 'Testament');
insert into team (id, password, team_name, captain_name, tel, img_url, manner, skill, evaluation_count, created_at, created_by, modified_at, modified_by) values (10, '#cb2461', 'Expedition EL', 'Foro', '497-485-6691', 'http://dummyimage.com/161x100.png/cc0000/ffffff', 7, 1, 144, '2022-08-02 13:05:44', 'Executioners from Shaolin', '2023-07-13 21:49:21', 'Blind Husbands');
insert into team (id, password, team_name, captain_name, tel, img_url, manner, skill, evaluation_count, created_at, created_by, modified_at, modified_by) values (11, '#aee173', 'Riviera', 'Duffield', '622-903-1620', 'http://dummyimage.com/151x100.png/dddddd/000000', 1, 4, 118, '2023-07-10 13:54:49', 'Heart of Glass (Herz aus Glas)', '2022-07-22 15:20:57', 'Maidens in Uniform (Mädchen in Uniform)');
insert into team (id, password, team_name, captain_name, tel, img_url, manner, skill, evaluation_count, created_at, created_by, modified_at, modified_by) values (12, '#7c638e', 'Grand Cherokee', 'Romushkin', '335-949-7869', 'http://dummyimage.com/160x100.png/5fa2dd/ffffff', 4, 4, 123, '2022-08-15 13:13:29', 'Unfaithfully Yours', '2022-12-29 22:21:29', 'Memory Lane');
insert into team (id, password, team_name, captain_name, tel, img_url, manner, skill, evaluation_count, created_at, created_by, modified_at, modified_by) values (13, '#45c2e4', 'Elantra', 'Grimsdith', '666-786-7138', 'http://dummyimage.com/183x100.png/dddddd/000000', 1, 3, 5, '2023-04-18 04:30:06', 'Freedomland', '2022-12-27 00:44:30', 'Please Don''t Eat the Daisies');
insert into team (id, password, team_name, captain_name, tel, img_url, manner, skill, evaluation_count, created_at, created_by, modified_at, modified_by) values (14, '#4aa43a', 'Celica', 'MacCart', '343-505-0259', 'http://dummyimage.com/140x100.png/ff4444/ffffff', 5, 1, 92, '2022-09-25 11:30:01', 'Barabbas', '2023-03-13 08:37:27', 'Revenge of the Ninja');
insert into team (id, password, team_name, captain_name, tel, img_url, manner, skill, evaluation_count, created_at, created_by, modified_at, modified_by) values (15, '#9bb0e5', 'Enclave', 'Armes', '725-722-9158', null, 3, 4, 121, '2023-04-27 01:02:40', 'Kingpin', '2023-03-20 15:12:36', 'Nobody Will Speak of Us When We''re Dead (Nadie hablará de nosotras cuando hayamos muerto)');
insert into team (id, password, team_name, captain_name, tel, img_url, manner, skill, evaluation_count, created_at, created_by, modified_at, modified_by) values (16, '#12a26d', 'Vision', 'McGifford', '580-928-5688', 'http://dummyimage.com/225x100.png/cc0000/ffffff', 4, 2, 143, '2023-03-17 23:18:22', 'Diggers', '2022-12-23 12:48:15', 'Eyes Wide Open (Einayim Petukhoth)');
insert into team (id, password, team_name, captain_name, tel, img_url, manner, skill, evaluation_count, created_at, created_by, modified_at, modified_by) values (17, '#42e9e3', 'Freestyle', 'Biggs', '319-785-9015', 'http://dummyimage.com/204x100.png/5fa2dd/ffffff', 4, 3, 93, '2022-09-02 04:49:49', 'Hudsucker Proxy, The', '2022-07-27 03:49:10', 'Strong Man, The');
insert into team (id, password, team_name, captain_name, tel, img_url, manner, skill, evaluation_count, created_at, created_by, modified_at, modified_by) values (18, '#7297f4', 'F250', 'Castagnaro', '170-119-9138', 'http://dummyimage.com/219x100.png/ff4444/ffffff', 4, 1, 43, '2022-10-25 14:11:18', 'Eye of the Dolphin', '2022-09-03 15:37:40', 'Last House on the Left, The');
insert into team (id, password, team_name, captain_name, tel, img_url, manner, skill, evaluation_count, created_at, created_by, modified_at, modified_by) values (19, '#e090bf', 'Rogue', 'Loveitt', '224-900-0951', 'http://dummyimage.com/156x100.png/dddddd/000000', 5, 4, 24, '2022-07-30 07:20:02', 'Across the Wide Missouri', '2022-11-18 22:00:22', 'Other Side of Sunday, The (Søndagsengler)');
insert into team (id, password, team_name, captain_name, tel, img_url, manner, skill, evaluation_count, created_at, created_by, modified_at, modified_by) values (20, '#6b75c2', 'Ram Van 1500', 'Darycott', '629-742-8960', 'http://dummyimage.com/182x100.png/ff4444/ffffff', 2, 1, 111, '2023-03-09 14:22:49', 'Visiting Hours', '2022-12-01 04:05:36', 'Majority of One, A');
insert into team (id, password, team_name, captain_name, tel, img_url, manner, skill, evaluation_count, created_at, created_by, modified_at, modified_by) values (21, '#25bd7d', '9-5', 'Bewshire', '544-787-9918', 'http://dummyimage.com/244x100.png/5fa2dd/ffffff', 5, 2, 116, '2023-05-02 15:20:36', 'Courtship of Eddie''s Father, The', '2022-07-21 09:42:10', 'Gran Torino');
insert into team (id, password, team_name, captain_name, tel, img_url, manner, skill, evaluation_count, created_at, created_by, modified_at, modified_by) values (22, '#37aecb', 'Journey', 'Minichillo', '818-410-4664', 'http://dummyimage.com/110x100.png/ff4444/ffffff', 6, 1, 151, '2023-05-17 01:50:33', 'Sun Also Rises, The (Tai yang zhao chang sheng qi)', '2022-12-02 12:52:27', 'Smart Money');
insert into team (id, password, team_name, captain_name, tel, img_url, manner, skill, evaluation_count, created_at, created_by, modified_at, modified_by) values (23, '#7485c3', 'LaCrosse', 'Grolle', '459-710-7889', 'http://dummyimage.com/202x100.png/ff4444/ffffff', 7, 3, 37, '2022-11-15 12:30:35', 'Bad Lieutenant: Port of Call New Orleans', '2022-10-25 13:30:09', 'Jönssonligan & den svarta diamanten');
insert into team (id, password, team_name, captain_name, tel, img_url, manner, skill, evaluation_count, created_at, created_by, modified_at, modified_by) values (24, '#460563', 'Corsica', 'Brocklehurst', '728-721-8126', 'http://dummyimage.com/229x100.png/cc0000/ffffff', 2, 4, 129, '2022-09-27 02:10:16', 'Sweet and Lowdown', '2023-01-20 14:15:59', 'Somebody is Waiting');
insert into team (id, password, team_name, captain_name, tel, img_url, manner, skill, evaluation_count, created_at, created_by, modified_at, modified_by) values (25, '#775420', 'Sprinter', 'Holbie', '448-605-7636', 'http://dummyimage.com/121x100.png/cc0000/ffffff', 6, 5, 90, '2022-07-24 07:41:14', 'Rumble on the Docks', '2022-12-06 23:45:03', 'Haunted World of Edward D. Wood Jr., The');
insert into team (id, password, team_name, captain_name, tel, img_url, manner, skill, evaluation_count, created_at, created_by, modified_at, modified_by) values (26, '#50c973', 'Parisienne', 'Mechi', '906-390-1239', null, 4, 2, 9, '2022-09-09 20:06:07', 'Clash of the Titans', '2023-03-28 22:49:09', 'Ju-on: The Grudge 2');
insert into team (id, password, team_name, captain_name, tel, img_url, manner, skill, evaluation_count, created_at, created_by, modified_at, modified_by) values (27, '#46f298', 'S60', 'Ingolotti', '795-588-7076', 'http://dummyimage.com/157x100.png/cc0000/ffffff', 7, 4, 98, '2023-03-07 02:43:36', 'School of Flesh, The (École de la chair, L'')', '2023-04-10 18:45:36', 'Guardian, The');
insert into team (id, password, team_name, captain_name, tel, img_url, manner, skill, evaluation_count, created_at, created_by, modified_at, modified_by) values (28, '#cd456f', 'Canyon', 'McCoveney', '426-701-8646', null, 6, 2, 133, '2022-11-08 10:52:24', 'Hatchet II', '2022-08-27 11:04:35', 'Million Dollar Mystery');
insert into team (id, password, team_name, captain_name, tel, img_url, manner, skill, evaluation_count, created_at, created_by, modified_at, modified_by) values (29, '#c5bb0d', 'Montana', 'Beaton', '263-953-3265', 'http://dummyimage.com/215x100.png/ff4444/ffffff', 1, 4, 105, '2023-04-15 01:32:45', 'Blue Caprice', '2023-06-07 10:29:09', 'Flodder 3');
insert into team (id, password, team_name, captain_name, tel, img_url, manner, skill, evaluation_count, created_at, created_by, modified_at, modified_by) values (30, '#fc0a1e', 'Mariner', 'Ciotto', '410-724-6766', 'http://dummyimage.com/122x100.png/ff4444/ffffff', 5, 3, 7, '2022-08-06 18:46:15', 'Stay', '2023-03-30 13:28:06', 'Time of the Wolf, The (Le temps du loup)');
insert into team (id, password, team_name, captain_name, tel, img_url, manner, skill, evaluation_count, created_at, created_by, modified_at, modified_by) values (31, '#708f95', 'Town Car', 'Delos', '149-819-3997', 'http://dummyimage.com/178x100.png/cc0000/ffffff', 1, 3, 16, '2022-10-17 13:07:11', '7 Days in Havana', '2022-12-06 06:54:12', 'Bride of the Wind');
insert into team (id, password, team_name, captain_name, tel, img_url, manner, skill, evaluation_count, created_at, created_by, modified_at, modified_by) values (32, '#e8b8af', 'Avenger', 'Selvey', '665-284-5386', null, 1, 2, 182, '2023-03-05 04:17:00', 'Return to the Blue Lagoon', '2022-12-01 08:03:24', 'Joneses, The');
insert into team (id, password, team_name, captain_name, tel, img_url, manner, skill, evaluation_count, created_at, created_by, modified_at, modified_by) values (33, '#ad46bd', 'Grand Marquis', 'Semiraz', '243-973-1106', 'http://dummyimage.com/105x100.png/ff4444/ffffff', 1, 5, 13, '2023-01-15 23:38:02', 'House, The (A Casa)', '2022-12-23 10:42:04', 'DarkBlueAlmostBlack (Azuloscurocasinegro)');
insert into team (id, password, team_name, captain_name, tel, img_url, manner, skill, evaluation_count, created_at, created_by, modified_at, modified_by) values (34, '#70d06b', '5 Series', 'Wilstead', '207-753-0158', 'http://dummyimage.com/186x100.png/ff4444/ffffff', 4, 4, 106, '2023-01-09 07:08:55', 'Yumeji', '2023-01-26 16:15:30', 'Day and Night (Le jour et la nuit)');
insert into team (id, password, team_name, captain_name, tel, img_url, manner, skill, evaluation_count, created_at, created_by, modified_at, modified_by) values (35, '#088944', '7 Series', 'Thal', '790-853-0346', 'http://dummyimage.com/124x100.png/5fa2dd/ffffff', 5, 4, 115, '2022-12-26 09:16:15', 'Another Happy Day', '2023-03-16 17:17:21', 'Megacities');
insert into team (id, password, team_name, captain_name, tel, img_url, manner, skill, evaluation_count, created_at, created_by, modified_at, modified_by) values (36, '#8096c3', 'Sebring', 'oldey', '381-541-8627', null, 7, 2, 6, '2023-01-29 15:11:29', 'Tarzan''s Greatest Adventure', '2023-04-06 01:20:15', 'Stolen Kisses (Baisers volés)');
insert into team (id, password, team_name, captain_name, tel, img_url, manner, skill, evaluation_count, created_at, created_by, modified_at, modified_by) values (37, '#2f6374', 'MR2', 'Bygott', '886-249-1174', 'http://dummyimage.com/155x100.png/cc0000/ffffff', 4, 1, 74, '2023-06-22 02:09:21', 'Cannibal! The Musical (a.k.a. Alferd Packer: The Musical)', '2023-01-11 10:45:00', 'Our Life (La nostra vita)');
insert into team (id, password, team_name, captain_name, tel, img_url, manner, skill, evaluation_count, created_at, created_by, modified_at, modified_by) values (38, '#f5a195', '900', 'Ambrosi', '598-867-5322', 'http://dummyimage.com/105x100.png/dddddd/000000', 6, 1, 65, '2022-12-30 08:25:10', 'Secret of NIMH, The', '2023-03-25 23:07:50', 'Poltergeist III');
insert into team (id, password, team_name, captain_name, tel, img_url, manner, skill, evaluation_count, created_at, created_by, modified_at, modified_by) values (39, '#c61569', 'Sprinter 2500', 'Smurfit', '368-310-3115', 'http://dummyimage.com/245x100.png/ff4444/ffffff', 5, 5, 123, '2022-11-01 10:16:25', 'Bourne Legacy, The', '2023-02-12 08:22:49', 'Yumeji');
insert into team (id, password, team_name, captain_name, tel, img_url, manner, skill, evaluation_count, created_at, created_by, modified_at, modified_by) values (40, '#b583b4', '4Runner', 'Jerrome', '286-802-7853', 'http://dummyimage.com/220x100.png/cc0000/ffffff', 2, 1, 17, '2022-12-14 01:14:07', 'Bucky Larson: Born to Be a Star', '2022-08-12 07:03:56', 'Gigantic (A Tale of Two Johns)');
insert into team (id, password, team_name, captain_name, tel, img_url, manner, skill, evaluation_count, created_at, created_by, modified_at, modified_by) values (41, '#8b1942', 'C8', 'Bartlomieczak', '277-125-5761', 'http://dummyimage.com/194x100.png/dddddd/000000', 3, 1, 18, '2023-04-04 16:25:29', 'Legendary Weapons of China', '2022-12-24 00:01:12', 'The Heart Machine');
insert into team (id, password, team_name, captain_name, tel, img_url, manner, skill, evaluation_count, created_at, created_by, modified_at, modified_by) values (42, '#d29d3f', 'E-Class', 'Connett', '614-194-6912', 'http://dummyimage.com/220x100.png/dddddd/000000', 2, 5, 13, '2023-05-14 06:52:03', 'Possession of Joel Delaney, The', '2022-08-29 05:38:54', 'Chinese Box');
insert into team (id, password, team_name, captain_name, tel, img_url, manner, skill, evaluation_count, created_at, created_by, modified_at, modified_by) values (43, '#7424cf', 'Monte Carlo', 'Ninnoli', '837-132-2630', 'http://dummyimage.com/190x100.png/ff4444/ffffff', 1, 3, 2, '2022-11-01 19:00:38', 'Operation Daybreak', '2022-09-28 07:39:24', 'Dr. Horrible''s Sing-Along Blog');
insert into team (id, password, team_name, captain_name, tel, img_url, manner, skill, evaluation_count, created_at, created_by, modified_at, modified_by) values (44, '#e5e2ca', 'Impala', 'Piotr', '464-339-8484', 'http://dummyimage.com/158x100.png/5fa2dd/ffffff', 3, 2, 160, '2022-11-07 18:05:42', 'The Hyperboloid of Engineer Garin (Giperboloid inzhenera Garina)', '2023-02-19 22:41:58', 'Life''s a Breeze');
insert into team (id, password, team_name, captain_name, tel, img_url, manner, skill, evaluation_count, created_at, created_by, modified_at, modified_by) values (45, '#c5a4ab', 'Camaro', 'Stanistreet', '122-789-5556', 'http://dummyimage.com/199x100.png/ff4444/ffffff', 5, 3, 176, '2023-01-18 02:33:07', 'Godzilla (Gojira)', '2023-01-05 00:23:16', 'Backcountry');
insert into team (id, password, team_name, captain_name, tel, img_url, manner, skill, evaluation_count, created_at, created_by, modified_at, modified_by) values (46, '#1736ea', 'GT-R', 'Decort', '624-292-5331', 'http://dummyimage.com/223x100.png/dddddd/000000', 1, 3, 128, '2023-07-12 01:00:07', 'Scent of Green Papaya, The (Mùi du du xhan - L''odeur de la papaye verte)', '2023-05-21 22:01:50', 'Triumph of the Spirit');
insert into team (id, password, team_name, captain_name, tel, img_url, manner, skill, evaluation_count, created_at, created_by, modified_at, modified_by) values (47, '#799da6', 'Mustang', 'Rodie', '501-155-5172', 'http://dummyimage.com/214x100.png/ff4444/ffffff', 5, 1, 139, '2023-01-03 04:48:29', 'Original Sin', '2023-04-26 05:55:51', 'Gathering of Old Men, A (Murder on the Bayou)');
insert into team (id, password, team_name, captain_name, tel, img_url, manner, skill, evaluation_count, created_at, created_by, modified_at, modified_by) values (48, '#a69748', '6000', 'Slorach', '774-513-9133', 'http://dummyimage.com/224x100.png/5fa2dd/ffffff', 7, 4, 121, '2023-02-25 16:47:38', 'Six Ways to Sunday', '2023-01-14 02:13:09', 'Kicking and Screaming');
insert into team (id, password, team_name, captain_name, tel, img_url, manner, skill, evaluation_count, created_at, created_by, modified_at, modified_by) values (49, '#94e648', 'Kizashi', 'Gemelli', '776-124-6548', 'http://dummyimage.com/162x100.png/dddddd/000000', 5, 1, 49, '2022-10-29 19:08:15', 'Spun', '2022-11-06 21:42:23', 'Horde, The (La Horde)');
insert into team (id, password, team_name, captain_name, tel, img_url, manner, skill, evaluation_count, created_at, created_by, modified_at, modified_by) values (50, '#d3a8e6', 'Tundra', 'Lambersen', '262-498-8463', 'http://dummyimage.com/223x100.png/cc0000/ffffff', 7, 4, 198, '2023-05-27 06:42:16', 'River, The (Joki)', '2023-02-21 19:01:49', 'Perils of Pauline, The');
insert into team (id, password, team_name, captain_name, tel, img_url, manner, skill, evaluation_count, created_at, created_by, modified_at, modified_by) values (51, '#c0fcd9', 'XK', 'Yanukhin', '480-228-0757', null, 6, 2, 53, '2023-05-05 09:55:47', 'K-20: The Fiend with Twenty Faces', '2022-10-18 10:27:41', 'First Strike');
insert into team (id, password, team_name, captain_name, tel, img_url, manner, skill, evaluation_count, created_at, created_by, modified_at, modified_by) values (52, '#7b8df1', 'PT Cruiser', 'Blenkinsop', '616-702-0943', null, 6, 3, 185, '2023-03-10 01:23:57', 'World, The (Shijie)', '2022-09-05 09:01:53', 'Captive Women (1000 Years from Now) (3000 A.D.)');
insert into team (id, password, team_name, captain_name, tel, img_url, manner, skill, evaluation_count, created_at, created_by, modified_at, modified_by) values (53, '#0e0001', 'Freelander', 'Heskey', '249-392-5316', 'http://dummyimage.com/239x100.png/5fa2dd/ffffff', 4, 2, 15, '2022-11-26 14:33:40', 'Children in the Wind (Kaze no naka no kodomo)', '2022-10-28 21:46:48', 'Dark City');
insert into team (id, password, team_name, captain_name, tel, img_url, manner, skill, evaluation_count, created_at, created_by, modified_at, modified_by) values (54, '#cd72b2', 'Savana 3500', 'Camin', '906-299-3899', 'http://dummyimage.com/178x100.png/ff4444/ffffff', 1, 4, 183, '2023-06-12 15:42:27', 'Xala', '2023-03-13 19:56:48', 'Black & White & Sex');
insert into team (id, password, team_name, captain_name, tel, img_url, manner, skill, evaluation_count, created_at, created_by, modified_at, modified_by) values (55, '#e4b696', 'Camaro', 'Yellop', '558-355-2996', 'http://dummyimage.com/122x100.png/cc0000/ffffff', 7, 1, 176, '2022-08-16 19:34:19', 'Reaping, The', '2022-12-18 00:16:45', 'Transamerica');
insert into team (id, password, team_name, captain_name, tel, img_url, manner, skill, evaluation_count, created_at, created_by, modified_at, modified_by) values (56, '#165dc1', '2500', 'Bordes', '819-303-9020', 'http://dummyimage.com/165x100.png/5fa2dd/ffffff', 7, 1, 74, '2022-11-10 04:26:40', 'Jug Face', '2022-11-26 23:35:04', 'We and the I, The');
insert into team (id, password, team_name, captain_name, tel, img_url, manner, skill, evaluation_count, created_at, created_by, modified_at, modified_by) values (57, '#66c2ce', 'Mustang', 'China', '283-614-0395', 'http://dummyimage.com/204x100.png/ff4444/ffffff', 5, 1, 111, '2023-04-08 22:35:24', 'Bad Words', '2023-07-10 07:38:56', 'Client List, The');
insert into team (id, password, team_name, captain_name, tel, img_url, manner, skill, evaluation_count, created_at, created_by, modified_at, modified_by) values (58, '#5fad39', 'Touareg', 'Whanstall', '644-937-1789', 'http://dummyimage.com/165x100.png/dddddd/000000', 3, 1, 70, '2022-09-12 03:31:27', 'Won Ton Ton: The Dog Who Saved Hollywood', '2022-12-07 10:54:09', 'And So It Goes');
insert into team (id, password, team_name, captain_name, tel, img_url, manner, skill, evaluation_count, created_at, created_by, modified_at, modified_by) values (59, '#059d5f', '3 Series', 'Chominski', '646-136-1612', 'http://dummyimage.com/120x100.png/ff4444/ffffff', 1, 5, 115, '2022-09-02 01:28:25', 'A Night in the Show', '2022-09-13 07:49:00', 'Peaceful Warrior');
insert into team (id, password, team_name, captain_name, tel, img_url, manner, skill, evaluation_count, created_at, created_by, modified_at, modified_by) values (60, '#90c8e6', 'Quest', 'Middup', '812-357-5200', 'http://dummyimage.com/210x100.png/5fa2dd/ffffff', 3, 1, 133, '2023-04-03 03:12:12', 'Las Vegas Story, The', '2023-06-26 22:35:51', 'Dominion Tank Police (Dominion)');
insert into team (id, password, team_name, captain_name, tel, img_url, manner, skill, evaluation_count, created_at, created_by, modified_at, modified_by) values (61, '#cff736', 'M6', 'Limmer', '282-337-3402', null, 6, 2, 15, '2022-11-06 03:18:27', 'Any Questions for Ben?', '2022-11-06 20:33:23', 'Over-Eater, The (L''outremangeur)');
insert into team (id, password, team_name, captain_name, tel, img_url, manner, skill, evaluation_count, created_at, created_by, modified_at, modified_by) values (62, '#78ce2e', 'A4', 'Cella', '403-974-4506', 'http://dummyimage.com/175x100.png/cc0000/ffffff', 3, 2, 33, '2022-12-27 04:23:44', 'Gambit', '2023-01-29 00:38:13', 'Casablanca');
insert into team (id, password, team_name, captain_name, tel, img_url, manner, skill, evaluation_count, created_at, created_by, modified_at, modified_by) values (63, '#030d63', '4000s', 'Wormleighton', '694-275-6019', 'http://dummyimage.com/132x100.png/cc0000/ffffff', 5, 5, 67, '2022-09-06 17:15:00', 'Paper Man', '2023-04-22 14:02:16', 'American Soldiers');
insert into team (id, password, team_name, captain_name, tel, img_url, manner, skill, evaluation_count, created_at, created_by, modified_at, modified_by) values (64, '#165319', 'SL-Class', 'Whyteman', '366-650-4362', 'http://dummyimage.com/243x100.png/dddddd/000000', 1, 2, 104, '2023-04-21 08:50:39', 'Great Gatsby, The', '2023-05-28 18:38:36', 'Someone to Watch Over Me');
insert into team (id, password, team_name, captain_name, tel, img_url, manner, skill, evaluation_count, created_at, created_by, modified_at, modified_by) values (65, '#5eb1c9', 'R32', 'Guerner', '365-952-3436', 'http://dummyimage.com/182x100.png/dddddd/000000', 7, 3, 5, '2022-08-06 12:38:53', 'Mindwarp', '2023-06-30 14:02:04', 'Betrayal, The (Nerakhoon)');
insert into team (id, password, team_name, captain_name, tel, img_url, manner, skill, evaluation_count, created_at, created_by, modified_at, modified_by) values (66, '#78b716', 'GS', 'Offen', '138-635-7128', 'http://dummyimage.com/216x100.png/5fa2dd/ffffff', 4, 4, 5, '2023-06-01 05:19:48', 'End of Suburbia: Oil Depletion and the Collapse of the American Dream', '2022-09-06 01:50:04', 'Night of the Creeps');
insert into team (id, password, team_name, captain_name, tel, img_url, manner, skill, evaluation_count, created_at, created_by, modified_at, modified_by) values (67, '#68a34f', 'CLK-Class', 'Fellona', '233-329-8382', 'http://dummyimage.com/227x100.png/5fa2dd/ffffff', 2, 4, 65, '2023-03-01 16:19:19', 'Remains of the Day, The', '2023-02-15 17:13:26', 'Greatest Movie Ever Sold, The (POM Wonderful Presents: The Greatest Movie Ever Sold)');
insert into team (id, password, team_name, captain_name, tel, img_url, manner, skill, evaluation_count, created_at, created_by, modified_at, modified_by) values (68, '#080695', 'Zephyr', 'Marjanovic', '385-315-7950', 'http://dummyimage.com/103x100.png/cc0000/ffffff', 5, 5, 69, '2022-12-04 13:02:27', 'Company of Heroes', '2023-03-18 07:33:38', 'Walk in the Sun, A');
insert into team (id, password, team_name, captain_name, tel, img_url, manner, skill, evaluation_count, created_at, created_by, modified_at, modified_by) values (69, '#0e9f47', 'Corvette', 'Skea', '433-110-7634', null, 3, 4, 95, '2023-06-07 02:12:54', 'Great Gabbo, The', '2023-06-30 08:42:56', 'Teeth');
insert into team (id, password, team_name, captain_name, tel, img_url, manner, skill, evaluation_count, created_at, created_by, modified_at, modified_by) values (70, '#e9a0c6', 'Eurovan', 'Lacaze', '118-419-0470', 'http://dummyimage.com/145x100.png/5fa2dd/ffffff', 7, 1, 151, '2023-06-25 11:59:39', 'Crisis: Behind a Presidential Commitment', '2022-09-02 09:30:15', 'Mishima: A Life in Four Chapters');
insert into team (id, password, team_name, captain_name, tel, img_url, manner, skill, evaluation_count, created_at, created_by, modified_at, modified_by) values (71, '#130fec', 'Sentra', 'Sanham', '769-498-3109', 'http://dummyimage.com/208x100.png/ff4444/ffffff', 2, 1, 181, '2023-06-03 20:29:57', 'Freddy Got Fingered', '2023-07-10 01:52:19', 'Ewok Adventure, The (a.k.a. Caravan of Courage: An Ewok Adventure)');
insert into team (id, password, team_name, captain_name, tel, img_url, manner, skill, evaluation_count, created_at, created_by, modified_at, modified_by) values (72, '#6e9e9f', 'RAV4', 'Swanne', '735-352-2533', 'http://dummyimage.com/134x100.png/cc0000/ffffff', 6, 3, 110, '2023-01-19 20:57:22', 'Baarìa', '2023-04-30 20:26:21', 'Star for Two, A');
insert into team (id, password, team_name, captain_name, tel, img_url, manner, skill, evaluation_count, created_at, created_by, modified_at, modified_by) values (73, '#7eedce', 'Tundra', 'Bront', '655-716-6249', 'http://dummyimage.com/186x100.png/5fa2dd/ffffff', 3, 1, 41, '2022-10-17 08:26:23', 'Jungle Man-Eaters', '2022-08-20 00:39:45', 'City Hunter (Sing si lip yan)');
insert into team (id, password, team_name, captain_name, tel, img_url, manner, skill, evaluation_count, created_at, created_by, modified_at, modified_by) values (74, '#2a7014', 'Charger', 'Muccino', '987-524-2324', 'http://dummyimage.com/167x100.png/5fa2dd/ffffff', 2, 4, 42, '2022-12-19 03:36:06', 'What''s the Matter with Helen?', '2023-07-16 22:07:58', 'Dark Star');
insert into team (id, password, team_name, captain_name, tel, img_url, manner, skill, evaluation_count, created_at, created_by, modified_at, modified_by) values (75, '#ba2b59', 'Galant', 'Elliker', '434-737-3627', 'http://dummyimage.com/123x100.png/cc0000/ffffff', 7, 5, 150, '2023-02-10 03:51:47', 'Eyes of an Angel', '2022-11-19 05:02:59', 'No Time for Comedy');
insert into team (id, password, team_name, captain_name, tel, img_url, manner, skill, evaluation_count, created_at, created_by, modified_at, modified_by) values (76, '#07ab04', 'VS Commodore', 'Fielding', '599-596-2481', 'http://dummyimage.com/198x100.png/ff4444/ffffff', 1, 2, 174, '2023-04-30 15:14:27', 'Wholly Moses', '2023-06-22 23:03:16', 'Carnegie Hall');
insert into team (id, password, team_name, captain_name, tel, img_url, manner, skill, evaluation_count, created_at, created_by, modified_at, modified_by) values (77, '#4442b3', 'LX', 'Clift', '389-664-1133', 'http://dummyimage.com/179x100.png/cc0000/ffffff', 4, 5, 7, '2023-05-26 14:08:59', 'Jumpin'' Jack Flash', '2023-05-27 12:20:01', 'Married Life');
insert into team (id, password, team_name, captain_name, tel, img_url, manner, skill, evaluation_count, created_at, created_by, modified_at, modified_by) values (78, '#6f9008', '3500', 'Twiggs', '681-147-5764', 'http://dummyimage.com/151x100.png/dddddd/000000', 6, 3, 175, '2023-01-02 15:33:40', 'Hamlet', '2023-05-04 00:07:06', 'Tulsa');
insert into team (id, password, team_name, captain_name, tel, img_url, manner, skill, evaluation_count, created_at, created_by, modified_at, modified_by) values (79, '#b6387c', 'Tucson', 'Vasyunichev', '164-209-2823', 'http://dummyimage.com/149x100.png/dddddd/000000', 1, 2, 38, '2023-04-10 07:03:03', 'Man with the Movie Camera, The (Chelovek s kino-apparatom)', '2023-07-10 10:43:59', 'Lift, De');
insert into team (id, password, team_name, captain_name, tel, img_url, manner, skill, evaluation_count, created_at, created_by, modified_at, modified_by) values (80, '#6faa31', 'MX-5', 'Beekmann', '175-296-3086', 'http://dummyimage.com/239x100.png/5fa2dd/ffffff', 4, 4, 166, '2022-09-01 04:32:59', 'Wings of Hope (Julianes Sturz in den Dschungel)', '2022-11-19 18:06:31', 'Invincible');




--team-review
insert into team_review (team_id, manner, skill, created_at, created_by, modified_at, modified_by) values (28, 6, 3, '2022-10-29 00:48:57', 'Austin Powers: International Man of Mystery', '2023-03-12 20:19:54', 'Alibi, The (Lies and Alibis)');
insert into team_review (team_id, manner, skill, created_at, created_by, modified_at, modified_by) values (52, 4, 1, '2022-08-11 11:09:14', 'Mary and Max', '2023-04-28 09:15:36', 'Nightmare in Las Cruces, A');
insert into team_review (team_id, manner, skill, created_at, created_by, modified_at, modified_by) values (71, 1, 3, '2022-11-30 14:28:42', 'To Paint or Make Love (Peindre ou faire l''amour)', '2023-03-26 03:10:47', 'Coming Home (Gui lai)');
insert into team_review (team_id, manner, skill, created_at, created_by, modified_at, modified_by) values (30, 3, 3, '2022-08-06 09:33:16', 'Alaska: Spirit of the Wild', '2023-04-15 13:37:34', 'Fifth Commandment, The');
insert into team_review (team_id, manner, skill, created_at, created_by, modified_at, modified_by) values (2, 5, 5, '2022-07-30 10:36:55', 'Hunt, The (Caza, La)', '2022-11-03 00:01:56', 'Burn');
insert into team_review (team_id, manner, skill, created_at, created_by, modified_at, modified_by) values (75, 4, 4, '2022-09-11 01:22:44', 'Stagecoach', '2022-08-27 07:28:52', 'That Was Then... This Is Now');
insert into team_review (team_id, manner, skill, created_at, created_by, modified_at, modified_by) values (72, 3, 1, '2022-08-28 09:57:28', 'Gospel, The', '2022-12-11 06:16:57', 'Easier with Practice');
insert into team_review (team_id, manner, skill, created_at, created_by, modified_at, modified_by) values (66, 1, 5, '2023-05-27 03:28:28', 'Come September', '2023-01-30 09:00:39', 'Of Freaks and Men (Pro urodov i lyudey)');
insert into team_review (team_id, manner, skill, created_at, created_by, modified_at, modified_by) values (32, 1, 2, '2023-01-24 10:49:27', 'Someday This Pain Will Be Useful to You', '2022-08-29 06:15:58', 'Nosferatu the Vampyre (Nosferatu: Phantom der Nacht)');
insert into team_review (team_id, manner, skill, created_at, created_by, modified_at, modified_by) values (74, 5, 1, '2022-11-23 06:06:04', 'This Land Is Mine', '2023-01-09 09:43:27', '48 Shades');
insert into team_review (team_id, manner, skill, created_at, created_by, modified_at, modified_by) values (21, 5, 2, '2023-01-14 17:15:41', 'Muppets From Space', '2022-08-25 12:49:57', 'Sound of Fury, The');
insert into team_review (team_id, manner, skill, created_at, created_by, modified_at, modified_by) values (63, 5, 3, '2022-09-12 09:37:52', 'How to Deal', '2022-12-18 17:33:53', 'Finding Bliss');
insert into team_review (team_id, manner, skill, created_at, created_by, modified_at, modified_by) values (10, 5, 2, '2023-01-06 05:05:00', 'Borderline', '2022-12-01 02:26:47', 'Ruby Cairo');
insert into team_review (team_id, manner, skill, created_at, created_by, modified_at, modified_by) values (2, 5, 2, '2023-05-10 01:54:45', 'This Above All', '2022-12-13 08:36:17', 'Fourth State, The (Die vierte Macht)');
insert into team_review (team_id, manner, skill, created_at, created_by, modified_at, modified_by) values (76, 4, 4, '2023-01-17 07:25:11', 'Death on the Staircase (Soupçons)', '2023-06-30 11:35:44', 'Bread, Love and Dreams (Pane, amore e fantasia)');
insert into team_review (team_id, manner, skill, created_at, created_by, modified_at, modified_by) values (16, 1, 2, '2022-09-11 01:50:39', 'Taxing Woman, A (Marusa no onna)', '2022-11-12 06:06:15', 'Return of the King, The');
insert into team_review (team_id, manner, skill, created_at, created_by, modified_at, modified_by) values (11, 5, 2, '2022-09-23 21:28:23', 'Assassination Tango', '2023-03-07 00:57:57', 'Of Love and Shadows');
insert into team_review (team_id, manner, skill, created_at, created_by, modified_at, modified_by) values (24, 1, 3, '2023-05-14 13:49:37', 'Peep World', '2023-06-23 10:25:22', 'Impudent Girl (L''effrontée)');
insert into team_review (team_id, manner, skill, created_at, created_by, modified_at, modified_by) values (48, 5, 5, '2023-02-10 21:05:54', 'Plato''s Academy', '2022-10-13 21:05:36', 'Billy Elliot');
insert into team_review (team_id, manner, skill, created_at, created_by, modified_at, modified_by) values (38, 2, 5, '2023-06-08 10:37:03', 'My Best Friend (Mon meilleur ami)', '2022-07-24 20:03:55', 'Zulu');
insert into team_review (team_id, manner, skill, created_at, created_by, modified_at, modified_by) values (53, 5, 2, '2023-04-03 20:15:41', 'Knack ...and How to Get It, The', '2023-02-27 06:58:36', 'Leopard Son, The');
insert into team_review (team_id, manner, skill, created_at, created_by, modified_at, modified_by) values (59, 1, 2, '2023-06-16 08:11:11', 'Trixie', '2022-08-03 22:28:53', 'Fragile Trust: Plagiarism, Power, and Jayson Blair at the New York Times, A');
insert into team_review (team_id, manner, skill, created_at, created_by, modified_at, modified_by) values (50, 2, 5, '2023-06-23 04:43:15', 'The Girls', '2023-02-21 16:44:58', 'L.A. Confidential');
insert into team_review (team_id, manner, skill, created_at, created_by, modified_at, modified_by) values (77, 3, 2, '2023-01-07 00:19:46', 'Counter Investigation (Contre-enquête)', '2022-10-13 00:11:13', 'At Land');
insert into team_review (team_id, manner, skill, created_at, created_by, modified_at, modified_by) values (65, 5, 2, '2023-05-20 11:22:08', 'Ill Gotten Gains', '2022-10-07 19:23:02', 'Mosquito Net, The (La mosquitera)');
insert into team_review (team_id, manner, skill, created_at, created_by, modified_at, modified_by) values (74, 4, 4, '2022-09-27 23:16:46', 'Jack Ryan: Shadow Recruit', '2023-06-10 23:38:37', 'Flakes');
insert into team_review (team_id, manner, skill, created_at, created_by, modified_at, modified_by) values (18, 2, 2, '2022-09-15 04:19:21', 'Great Balls of Fire!', '2023-03-14 19:04:20', 'Jubal');
insert into team_review (team_id, manner, skill, created_at, created_by, modified_at, modified_by) values (13, 3, 2, '2022-12-22 05:59:26', 'Prick Up Your Ears', '2023-06-22 11:56:58', 'Sixth of the World, A (Shestaya chast mira)');
insert into team_review (team_id, manner, skill, created_at, created_by, modified_at, modified_by) values (25, 3, 2, '2023-03-23 08:01:27', 'Tasting Menu', '2023-03-17 02:53:29', 'Mentor');
insert into team_review (team_id, manner, skill, created_at, created_by, modified_at, modified_by) values (63, 1, 1, '2023-03-20 12:47:54', 'Damned, The (La Caduta degli dei)', '2022-10-07 14:18:15', 'Twice Upon a Time');
insert into team_review (team_id, manner, skill, created_at, created_by, modified_at, modified_by) values (74, 4, 4, '2022-10-21 04:52:35', 'Castle of Sand, The (Suna no utsuwa)', '2022-08-13 20:56:26', 'New York Cop (Nyû Yôku no koppu)');
insert into team_review (team_id, manner, skill, created_at, created_by, modified_at, modified_by) values (25, 5, 1, '2022-09-16 18:22:50', 'Wer', '2022-12-25 09:08:30', 'Beyond the Mat');
insert into team_review (team_id, manner, skill, created_at, created_by, modified_at, modified_by) values (54, 7, 5, '2022-12-30 12:38:23', 'Brain Damage', '2023-04-22 15:36:29', 'The Old Gun');
insert into team_review (team_id, manner, skill, created_at, created_by, modified_at, modified_by) values (15, 4, 5, '2022-12-08 18:52:56', 'Principal, The', '2022-11-04 07:49:33', 'Canyons, The');
insert into team_review (team_id, manner, skill, created_at, created_by, modified_at, modified_by) values (1, 5, 2, '2022-11-02 04:08:10', 'The Grump', '2022-10-15 04:35:22', 'Halloweentown');
insert into team_review (team_id, manner, skill, created_at, created_by, modified_at, modified_by) values (42, 2, 5, '2023-03-03 18:38:34', 'Stepdaughter, The', '2023-01-18 10:20:29', 'History of Violence, A');
insert into team_review (team_id, manner, skill, created_at, created_by, modified_at, modified_by) values (9, 2, 3, '2023-04-02 03:00:15', 'Deserter (Dezertir)', '2023-07-05 01:46:08', 'Cabinet of Caligari, The');
insert into team_review (team_id, manner, skill, created_at, created_by, modified_at, modified_by) values (7, 1, 1, '2022-09-23 19:30:47', 'United States of Leland, The', '2023-03-18 23:12:07', 'Stargate SG-1 Children of the Gods - Final Cut');
insert into team_review (team_id, manner, skill, created_at, created_by, modified_at, modified_by) values (24, 6, 3, '2023-05-25 20:20:11', 'Pusher III: I''m the Angel of Death', '2023-05-19 22:25:21', 'Sacrifice, The (Offret - Sacraficatio)');
insert into team_review (team_id, manner, skill, created_at, created_by, modified_at, modified_by) values (15, 1, 5, '2023-06-18 23:28:50', 'The Dust Bowl', '2022-12-30 06:46:16', 'Father and Son (Otets i syn)');
insert into team_review (team_id, manner, skill, created_at, created_by, modified_at, modified_by) values (57, 3, 4, '2023-03-31 08:00:01', 'Stavisky...', '2023-03-13 21:10:49', 'The Forgotten Faces');
insert into team_review (team_id, manner, skill, created_at, created_by, modified_at, modified_by) values (80, 1, 5, '2023-03-26 02:57:06', 'Cheech & Chong: Still Smokin''', '2023-02-16 02:00:02', 'Micmacs (Micmacs à tire-larigot)');
insert into team_review (team_id, manner, skill, created_at, created_by, modified_at, modified_by) values (66, 7, 1, '2023-05-20 13:57:47', 'Twisted Nerve', '2022-08-02 14:12:28', 'Reign of Assassins');
insert into team_review (team_id, manner, skill, created_at, created_by, modified_at, modified_by) values (44, 1, 3, '2023-03-14 23:55:24', 'Leviathan', '2023-01-17 10:53:36', 'Very Bad Things');
insert into team_review (team_id, manner, skill, created_at, created_by, modified_at, modified_by) values (77, 6, 2, '2023-06-20 19:09:31', 'Whales of August, The', '2023-04-12 11:19:34', 'Wedding Weekend, The (Sing Now or Forever Hold Your Peace) (Shut Up and Sing)');
insert into team_review (team_id, manner, skill, created_at, created_by, modified_at, modified_by) values (14, 1, 5, '2022-07-27 23:06:30', 'Four Christmases', '2023-06-12 18:28:30', 'Becky Sharp');
insert into team_review (team_id, manner, skill, created_at, created_by, modified_at, modified_by) values (10, 4, 3, '2023-01-28 07:44:29', 'Mother and Child', '2023-05-01 02:44:23', 'Buddy');
insert into team_review (team_id, manner, skill, created_at, created_by, modified_at, modified_by) values (50, 7, 4, '2022-10-22 15:34:01', 'Favor', '2023-06-09 21:36:06', 'Strongest Man in the World, The');
insert into team_review (team_id, manner, skill, created_at, created_by, modified_at, modified_by) values (42, 2, 3, '2022-10-30 18:15:59', 'Eat Pray Love', '2022-08-08 03:51:37', 'Substitute, The');
insert into team_review (team_id, manner, skill, created_at, created_by, modified_at, modified_by) values (15, 3, 1, '2023-06-28 10:16:26', 'Bachelor Party Vegas', '2022-10-12 08:08:58', 'Hard Way, The');
insert into team_review (team_id, manner, skill, created_at, created_by, modified_at, modified_by) values (4, 1, 5, '2022-10-16 18:26:13', 'Brain Damage', '2023-05-05 02:15:51', 'Dragonfly');
insert into team_review (team_id, manner, skill, created_at, created_by, modified_at, modified_by) values (60, 6, 3, '2022-10-22 23:11:55', 'Hyde Park on Hudson', '2022-10-28 10:24:09', 'Through the Olive Trees (Zire darakhatan zeyton)');
insert into team_review (team_id, manner, skill, created_at, created_by, modified_at, modified_by) values (22, 4, 4, '2022-07-22 13:56:48', 'Whore', '2023-01-21 16:24:19', 'King Creole');
insert into team_review (team_id, manner, skill, created_at, created_by, modified_at, modified_by) values (52, 1, 5, '2023-04-03 20:03:55', 'American Tail: Fievel Goes West, An', '2022-10-20 13:42:34', 'I''ll Do Anything');
insert into team_review (team_id, manner, skill, created_at, created_by, modified_at, modified_by) values (8, 6, 5, '2023-03-03 09:42:20', 'All American Chump', '2022-09-18 00:48:23', 'Forgotten');
insert into team_review (team_id, manner, skill, created_at, created_by, modified_at, modified_by) values (59, 7, 3, '2022-12-19 23:28:54', 'Swordfish', '2022-08-06 17:56:30', 'Swan Princess, The');
insert into team_review (team_id, manner, skill, created_at, created_by, modified_at, modified_by) values (28, 6, 1, '2023-05-08 03:55:50', 'G.I. Joe: Operation Dragonfire', '2023-01-20 01:08:37', 'Van Diemen''s Land');
insert into team_review (team_id, manner, skill, created_at, created_by, modified_at, modified_by) values (14, 1, 3, '2022-11-17 20:52:43', 'Don''t Tempt Me (Sin noticias de Dios)', '2023-05-16 14:59:57', 'Snake and Crane Arts of Shaolin (She hao ba bu)');
insert into team_review (team_id, manner, skill, created_at, created_by, modified_at, modified_by) values (30, 7, 2, '2022-12-21 14:57:31', 'Moral Tales, Filmic Issues', '2022-10-04 15:03:06', 'Perfect World, A');
insert into team_review (team_id, manner, skill, created_at, created_by, modified_at, modified_by) values (46, 4, 5, '2023-04-12 06:45:09', 'M. Butterfly', '2023-06-30 03:52:14', 'Criminal, The (a.k.a. Concrete Jungle)');
insert into team_review (team_id, manner, skill, created_at, created_by, modified_at, modified_by) values (61, 7, 1, '2022-11-11 06:09:34', 'Welcome to the Space Show (Uchû shô e yôkoso)', '2023-02-01 10:28:40', 'Girls Gone Dead');
insert into team_review (team_id, manner, skill, created_at, created_by, modified_at, modified_by) values (68, 3, 2, '2023-07-08 00:15:23', 'Reuben, Reuben', '2022-10-01 23:08:12', 'Tenchi: The Samurai Astronomer');
insert into team_review (team_id, manner, skill, created_at, created_by, modified_at, modified_by) values (60, 7, 2, '2022-09-25 23:47:13', 'Trespass', '2022-09-03 22:51:06', 'Beastmaster, The');
insert into team_review (team_id, manner, skill, created_at, created_by, modified_at, modified_by) values (48, 2, 5, '2023-05-08 09:44:38', 'Ernest Goes to Camp', '2022-08-14 23:11:27', 'Jurassic Park III');
insert into team_review (team_id, manner, skill, created_at, created_by, modified_at, modified_by) values (49, 1, 5, '2022-08-29 15:17:27', 'Spy Who Loved Me, The', '2022-10-26 10:06:58', 'Bring Me the Head of Alfredo Garcia');
insert into team_review (team_id, manner, skill, created_at, created_by, modified_at, modified_by) values (39, 6, 3, '2023-01-07 12:03:50', 'Fever', '2023-07-12 10:29:02', 'Una Noche');
insert into team_review (team_id, manner, skill, created_at, created_by, modified_at, modified_by) values (29, 1, 5, '2022-09-21 13:54:22', 'Live and Let Die', '2022-07-26 03:14:08', 'My Brother''s Wife (Mujer de mi hermano, La)');
insert into team_review (team_id, manner, skill, created_at, created_by, modified_at, modified_by) values (39, 1, 4, '2022-11-11 20:38:41', 'The Pee-Wee Herman Show on Broadway', '2023-04-25 14:21:23', 'Charlie Bartlett');
insert into team_review (team_id, manner, skill, created_at, created_by, modified_at, modified_by) values (69, 1, 2, '2022-08-20 01:22:43', 'Teddy Bear (Mis)', '2022-07-19 07:03:48', 'Last Kiss, The (Ultimo bacio, L'')');
insert into team_review (team_id, manner, skill, created_at, created_by, modified_at, modified_by) values (31, 2, 3, '2023-02-07 23:25:16', 'Asterix at the Olympic Games (Astérix aux jeux olympiques)', '2022-10-14 18:49:34', 'Casablanca Express');
insert into team_review (team_id, manner, skill, created_at, created_by, modified_at, modified_by) values (24, 6, 2, '2023-01-18 00:42:09', 'Elling', '2023-02-18 13:13:25', 'Genova (Summer in Genoa, A)');
insert into team_review (team_id, manner, skill, created_at, created_by, modified_at, modified_by) values (54, 5, 4, '2022-10-28 15:51:19', 'Ace High (Quattro dell''Ave Maria, I)', '2023-06-30 14:33:13', 'April Love');
insert into team_review (team_id, manner, skill, created_at, created_by, modified_at, modified_by) values (2, 6, 2, '2022-10-05 14:45:39', 'Coffee Town', '2022-10-27 21:03:57', 'Marjoe');
insert into team_review (team_id, manner, skill, created_at, created_by, modified_at, modified_by) values (68, 1, 3, '2023-07-17 10:41:09', 'Undertow', '2022-10-08 01:52:19', 'Taking of Pelham 1 2 3, The');
insert into team_review (team_id, manner, skill, created_at, created_by, modified_at, modified_by) values (41, 3, 2, '2022-07-28 14:10:51', 'Barcelona', '2022-12-12 07:11:32', 'Endurance: Shackleton''s Legendary Antarctic Expedition, The');
insert into team_review (team_id, manner, skill, created_at, created_by, modified_at, modified_by) values (24, 1, 5, '2023-03-31 00:17:18', 'Sparrow (a.k.a. Cultured Bird) (Man jeuk)', '2022-08-11 02:23:20', 'Way You Wanted Me, The (Sellaisena kuin sinä minut halusit)');
insert into team_review (team_id, manner, skill, created_at, created_by, modified_at, modified_by) values (56, 5, 3, '2023-04-06 20:20:25', 'Bûche, La', '2023-01-19 23:16:41', 'Little Big League');
insert into team_review (team_id, manner, skill, created_at, created_by, modified_at, modified_by) values (59, 1, 3, '2022-12-29 10:19:00', 'Man with Two Brains, The', '2022-10-27 03:17:41', 'Smitty');
insert into team_review (team_id, manner, skill, created_at, created_by, modified_at, modified_by) values (32, 6, 1, '2022-08-19 21:02:04', 'Recess: School''s Out', '2022-11-02 21:23:20', 'See Heaven');
insert into team_review (team_id, manner, skill, created_at, created_by, modified_at, modified_by) values (73, 3, 2, '2022-12-26 16:39:26', 'Bird People', '2022-08-12 15:10:32', 'Love (Szerelem)');
insert into team_review (team_id, manner, skill, created_at, created_by, modified_at, modified_by) values (7, 3, 4, '2023-07-02 20:47:42', 'Cat Chaser', '2023-01-01 08:37:52', 'Take Care of My Cat (Goyangileul butaghae)');
insert into team_review (team_id, manner, skill, created_at, created_by, modified_at, modified_by) values (37, 4, 4, '2023-03-18 13:47:13', 'Mildred Pierce', '2022-07-24 16:34:27', 'Snowblind');
insert into team_review (team_id, manner, skill, created_at, created_by, modified_at, modified_by) values (1, 1, 3, '2023-02-17 06:33:32', 'Poppy Shakespeare', '2023-02-17 12:14:00', 'Gunfighter, The');
insert into team_review (team_id, manner, skill, created_at, created_by, modified_at, modified_by) values (29, 7, 5, '2023-01-09 13:58:49', 'Amour', '2022-12-15 20:21:08', 'Moving');
insert into team_review (team_id, manner, skill, created_at, created_by, modified_at, modified_by) values (15, 7, 4, '2023-06-15 19:12:14', 'Three Times (Zui hao de shi guang)', '2023-04-21 19:11:00', 'Polite People (Kurteist fólk)');
insert into team_review (team_id, manner, skill, created_at, created_by, modified_at, modified_by) values (11, 6, 5, '2023-04-12 19:07:35', 'Benigni', '2023-02-24 12:47:28', 'Last Blitzkrieg, The');
insert into team_review (team_id, manner, skill, created_at, created_by, modified_at, modified_by) values (48, 6, 3, '2023-02-09 01:20:00', 'Man in the Saddle', '2023-02-27 06:46:59', 'Smiley''s People');
insert into team_review (team_id, manner, skill, created_at, created_by, modified_at, modified_by) values (59, 3, 4, '2022-10-22 06:16:41', 'Agora', '2022-08-14 12:56:42', 'Ballad of Jack and Rose, The');
insert into team_review (team_id, manner, skill, created_at, created_by, modified_at, modified_by) values (63, 5, 3, '2022-10-19 17:16:21', 'Act Da Fool', '2023-02-03 00:55:04', 'Dancer in the Dark');
insert into team_review (team_id, manner, skill, created_at, created_by, modified_at, modified_by) values (42, 3, 4, '2023-02-25 05:34:18', 'Sweet Charity', '2023-03-08 20:55:44', 'Shinobi No Mono 2: Vengeance (Zoku shinobi no mono)');
insert into team_review (team_id, manner, skill, created_at, created_by, modified_at, modified_by) values (1, 7, 3, '2023-03-23 21:50:06', 'Henri-Georges Clouzot''s Inferno (L''enfer d''Henri-Georges Clouzot)', '2022-10-26 00:23:36', 'Goodbye Charlie');
insert into team_review (team_id, manner, skill, created_at, created_by, modified_at, modified_by) values (61, 1, 4, '2023-06-01 16:53:37', 'Les Feux Arctiques (Arktiset tulet)', '2022-11-01 21:47:27', 'You Are God (Jestes Bogiem)');
insert into team_review (team_id, manner, skill, created_at, created_by, modified_at, modified_by) values (44, 1, 5, '2022-11-15 00:59:16', 'Stooge, The', '2022-08-24 01:14:39', 'Saint John of Las Vegas');
insert into team_review (team_id, manner, skill, created_at, created_by, modified_at, modified_by) values (51, 3, 1, '2023-02-28 10:01:08', 'Live and Become (Va, vis et deviens)', '2023-02-01 13:20:09', 'And Everything Is Going Fine');
insert into team_review (team_id, manner, skill, created_at, created_by, modified_at, modified_by) values (10, 1, 4, '2023-03-09 09:59:22', 'Note by Note: The Making of Steinway L1037', '2023-07-02 13:14:08', 'Azumi');
insert into team_review (team_id, manner, skill, created_at, created_by, modified_at, modified_by) values (43, 5, 1, '2022-07-27 18:29:38', 'Broken Arrow', '2023-06-29 00:20:21', 'Secret, The');
insert into team_review (team_id, manner, skill, created_at, created_by, modified_at, modified_by) values (25, 2, 1, '2022-08-03 11:59:38', 'Queen of the Amazons', '2023-06-13 16:38:59', 'Samaritan Zatoichi (Zatôichi kenka-daiko) (Zatôichi 19)');
insert into team_review (team_id, manner, skill, created_at, created_by, modified_at, modified_by) values (40, 3, 3, '2023-06-17 20:39:39', 'Soul Man', '2023-05-10 12:52:30', 'Let''s Do It Again');
insert into team_review (team_id, manner, skill, created_at, created_by, modified_at, modified_by) values (47, 1, 1, '2023-04-07 09:22:44', 'Mississippi Burning', '2022-11-20 02:27:55', 'Firm, The');
insert into team_review (team_id, manner, skill, created_at, created_by, modified_at, modified_by) values (73, 4, 2, '2023-02-15 14:31:08', 'The 3 Rs', '2023-06-16 07:40:14', '21 Hours at Munich');

--manager
insert into manager (id, password, created_at, created_by, modified_at, modified_by) values (1, '#e53d99', '2022-10-20 08:31:15', 'One Man Against the Organization', '2023-06-14 22:24:01', 'My Summer of Love');
insert into manager (id, password, created_at, created_by, modified_at, modified_by) values (2, '#e2ff3e', '2022-10-19 09:39:33', '7 Women (a.k.a. Seven Women)', '2022-12-07 17:23:52', 'Frenzy');
insert into manager (id, password, created_at, created_by, modified_at, modified_by) values (3, '#2d524b', '2022-09-15 13:45:23', 'Chicago Massacre: Richard Speck', '2023-03-17 04:47:33', 'Time Freak');
insert into manager (id, password, created_at, created_by, modified_at, modified_by) values (4, '#6d7663', '2023-05-03 15:28:49', 'My Left Foot', '2023-06-14 05:29:25', 'FairyTale: A True Story');
insert into manager (id, password, created_at, created_by, modified_at, modified_by) values (5, '#a55cc4', '2023-05-28 17:56:03', 'Rio', '2022-10-18 17:50:24', 'Loser Takes All, The (O hamenos ta pairnei ola)');
insert into manager (id, password, created_at, created_by, modified_at, modified_by) values (6, '#3dc687', '2022-08-14 04:12:32', 'Armour of God II: Operation Condor (Operation Condor) (Fei ying gai wak)', '2023-01-21 10:42:00', 'Asterix & Obelix: God Save Britannia (Astérix et Obélix: Au service de Sa Majesté)');
insert into manager (id, password, created_at, created_by, modified_at, modified_by) values (7, '#5cac74', '2022-08-21 01:57:11', 'Quiz Show', '2023-05-17 20:33:57', 'Dr. Who and the Daleks');
insert into manager (id, password, created_at, created_by, modified_at, modified_by) values (8, '#1f4464', '2022-11-16 14:15:32', 'See No Evil', '2022-12-14 13:03:30', 'That''s My Boy');
insert into manager (id, password, created_at, created_by, modified_at, modified_by) values (9, '#f23a32', '2022-11-08 08:01:50', 'Attack of the Giant Leeches', '2022-08-15 21:46:22', 'Light the Fuse... Sartana Is Coming');
insert into manager (id, password, created_at, created_by, modified_at, modified_by) values (10, '#c7a781', '2022-07-22 07:27:36', 'Elvis and Me', '2022-12-15 07:38:55', 'Life After Tomorrow');
insert into manager (id, password, created_at, created_by, modified_at, modified_by) values (11, '#a0d3df', '2022-12-02 03:12:15', 'Strange Invaders', '2023-02-05 11:50:27', 'The Beales of Grey Gardens');
insert into manager (id, password, created_at, created_by, modified_at, modified_by) values (12, '#7a71df', '2022-09-10 08:50:48', 'Where Angels Fear to Tread', '2023-02-17 16:13:10', 'Looking for Hortense (Cherchez Hortense) ');
insert into manager (id, password, created_at, created_by, modified_at, modified_by) values (13, '#511565', '2022-09-11 02:38:30', 'Tusk', '2023-07-02 09:05:49', 'Cloverfield');
insert into manager (id, password, created_at, created_by, modified_at, modified_by) values (14, '#9b6821', '2023-06-16 08:55:58', 'Forgetting Sarah Marshall', '2022-08-25 12:14:01', 'Budd Boetticher: A Man Can Do That');
insert into manager (id, password, created_at, created_by, modified_at, modified_by) values (15, '#c9e964', '2023-02-22 11:44:43', 'Little Mermaid: Ariel''s Beginning, The', '2023-07-01 21:10:12', 'Education of Little Tree, The');
insert into manager (id, password, created_at, created_by, modified_at, modified_by) values (16, '#6a6efd', '2023-04-26 17:18:43', 'Littlest Rebel, The', '2023-06-30 02:36:47', 'Lawman');
insert into manager (id, password, created_at, created_by, modified_at, modified_by) values (17, '#f32fa2', '2023-07-03 03:23:20', 'Lone Wolf and Cub: Baby Cart at the River Styx (Kozure Ôkami: Sanzu no kawa no ubaguruma)', '2022-12-22 17:51:19', 'Are You Here');
insert into manager (id, password, created_at, created_by, modified_at, modified_by) values (18, '#a899f3', '2023-03-07 23:10:22', 'Home of the Brave', '2022-08-31 22:04:17', 'Victory Through Air Power');
insert into manager (id, password, created_at, created_by, modified_at, modified_by) values (19, '#4f2033', '2023-01-09 14:33:49', 'What Price Hollywood?', '2022-09-03 19:52:49', 'Whispers in the Dark');
insert into manager (id, password, created_at, created_by, modified_at, modified_by) values (20, '#7e990f', '2023-03-29 15:42:33', 'Last Wave, The', '2023-05-22 13:40:43', 'Beslan: Three Days in September');
insert into manager (id, password, created_at, created_by, modified_at, modified_by) values (21, '#f525b4', '2023-02-27 01:49:37', 'Special When Lit', '2022-12-21 03:59:34', 'Valkyrie');
insert into manager (id, password, created_at, created_by, modified_at, modified_by) values (22, '#33150e', '2023-03-29 01:07:56', 'Kind of Loving, A', '2023-04-03 00:14:19', 'Eyes of Tammy Faye, The');
insert into manager (id, password, created_at, created_by, modified_at, modified_by) values (23, '#26999f', '2023-04-04 17:08:59', 'Blood Shot', '2023-02-04 03:23:49', 'Batch ''81');
insert into manager (id, password, created_at, created_by, modified_at, modified_by) values (24, '#c9d23c', '2022-12-25 21:19:14', 'Hell Night', '2023-07-01 11:51:46', 'Donnie Brasco');
insert into manager (id, password, created_at, created_by, modified_at, modified_by) values (25, '#4b4694', '2023-06-12 23:45:15', 'Incognito', '2022-10-12 18:24:48', 'Space Raiders');
insert into manager (id, password, created_at, created_by, modified_at, modified_by) values (26, '#ca9bec', '2022-10-18 10:50:24', 'Son of Lassie', '2023-03-28 00:47:58', 'Dolce Vita, La');
insert into manager (id, password, created_at, created_by, modified_at, modified_by) values (27, '#6c1ebf', '2023-01-10 11:10:07', 'Jimmy and Judy', '2022-09-26 22:47:09', 'Dark Hours, The');
insert into manager (id, password, created_at, created_by, modified_at, modified_by) values (28, '#587821', '2023-04-28 21:25:26', 'Like Water for Chocolate (Como agua para chocolate)', '2023-01-07 01:00:51', 'In Her Shoes');
insert into manager (id, password, created_at, created_by, modified_at, modified_by) values (29, '#a16753', '2023-07-12 11:01:31', 'This Christmas', '2023-01-12 17:37:17', 'Dreams of  a Life');
insert into manager (id, password, created_at, created_by, modified_at, modified_by) values (30, '#f99244', '2022-12-07 06:06:24', 'Sometimes They Come Back', '2022-10-09 04:23:14', 'Barry Munday');

--stadium
insert into stadium (field_count, gpa, stadium_name, address, tel, time, cost, no_rest, parking, shower, evaluation_count, manager_id, created_at, created_by, modified_at, modified_by) values (3, 4, '바로풋살', '광주 서구 유덕로 45', '010-9198-8285', '6:00~1:00', '70000', false, true, false, 43, 4, '2023-06-22 08:29:29', 'Venus in Fur (La Vénus à la fourrure)', '2022-08-20 06:00:48', 'Rasmus på luffen');
insert into stadium (field_count, gpa, stadium_name, address, tel, time, cost, no_rest, parking, shower, evaluation_count, manager_id, created_at, created_by, modified_at, modified_by) values (4, 5, '효창풋살장', '광주 광산구 사암로 748 효창주유소 뒷편', '062-954-1234', '6:00 ~ 1:00', '60000', false, true, false, 54, 19, '2023-04-04 07:35:18', 'Reel Rock 7 ', '2022-12-23 13:48:46', 'Police Story 2 (Ging chaat goo si juk jaap)');
insert into stadium (field_count, gpa, stadium_name, address, tel, time, cost, no_rest, parking, shower, evaluation_count, manager_id, created_at, created_by, modified_at, modified_by) values (5, 3, '챔피언스풋살장', '광주 북구 신용산길 148-24 챔피언스풋살 첨단점', '010-5105-7141', '00:00~24:00', '80000', true, true, false, 83, 26, '2023-04-15 01:55:11', 'Carrie', '2022-09-29 13:39:16', 'Allnighter, The');
insert into stadium (field_count, gpa, stadium_name, address, tel, time, cost, no_rest, parking, shower, evaluation_count, manager_id, created_at, created_by, modified_at, modified_by) values (3, 3, '위닝풋살장', '광주 광산구 구촌반촌길 230 NPARK스포츠아카데미', '0507-1429-0617', '10:00 ~ 24:00', '60', false, true, true, 35, 20, '2023-06-05 18:39:19', 'Megan Is Missing', '2023-03-19 12:34:48', 'Monsieur Ibrahim (Monsieur Ibrahim et les fleurs du Coran)');
insert into stadium (field_count, gpa, stadium_name, address, tel, time, cost, no_rest, parking, shower, evaluation_count, manager_id, created_at, created_by, modified_at, modified_by) values (3, 1, '케이지풋살아레나 전대점', '광주 북구 반룡로42번길 11', '010-7245-3696', '21:00 ~ 5:00', '80000', true, true, true, 58, 18, '2022-08-14 18:24:04', 'Lady Vanishes, The', '2023-02-09 22:45:29', 'Stepford Wives, The');
insert into stadium (field_count, gpa, stadium_name, address, tel, time, cost, no_rest, parking, shower, evaluation_count, manager_id, created_at, created_by, modified_at, modified_by) values (1, 2, '태양풋살', '광주 광산구 하남대로 9', '010-7180-8084', '00:00~24:00', '728', true, true, false, 28, 20, '2023-05-29 22:59:46', 'Schultze Gets the Blues', '2023-06-14 09:55:38', 'Two Women');
insert into stadium (field_count, gpa, stadium_name, address, tel, time, cost, no_rest, parking, shower, evaluation_count, manager_id, created_at, created_by, modified_at, modified_by) values (5, 1, '신가 풋살', '광주 광산구 목련로382번안길 48', '0507-1360-6097', '토,일 17:00~24:00 월~금 10:00~24:00', '120000', false, true, false, 3, 20, '2023-03-23 02:49:10', 'Low Life, The', '2023-06-11 23:13:27', 'a/k/a Tommy Chong');
insert into stadium (field_count, gpa, stadium_name, address, tel, time, cost, no_rest, parking, shower, evaluation_count, manager_id, created_at, created_by, modified_at, modified_by) values (5, 1, '스타실내풋살장', '광주 서구 세하동 418-8', '062-375-1234', '7;00~1:00', '100000', false, true, false, 41, 12, '2023-04-06 15:54:15', 'Just Between Friends', '2022-10-25 05:23:04', 'London After Midnight');
insert into stadium (field_count, gpa, stadium_name, address, tel, time, cost, no_rest, parking, shower, evaluation_count, manager_id, created_at, created_by, modified_at, modified_by) values (5, 4, '베스트 풋살', '광주 광산구 풍영정길 241-9 광주 베스트풋살', '010-6594-0500', '00:00~24:00', '80000', true, true, true, 17, 5, '2023-03-28 10:00:21', 'Barbershop', '2023-01-25 02:36:13', 'Cage aux Folles II, La');
insert into stadium (field_count, gpa, stadium_name, address, tel, time, cost, no_rest, parking, shower, evaluation_count, manager_id, created_at, created_by, modified_at, modified_by) values (5, 2, 'Aquamarine', 'Room 393', '985-773-3698', '7:20 AM', '677', true, true, true, 28, 16, '2023-06-07 05:20:44', 'Sacrificio: Who Betrayed Che Guevara', '2022-07-29 18:31:01', 'Arrested Development Documentary Project, The');
insert into stadium (field_count, gpa, stadium_name, address, tel, time, cost, no_rest, parking, shower, evaluation_count, manager_id, created_at, created_by, modified_at, modified_by) values (5, 1, 'Teal', 'Suite 97', '381-433-1718', '5:17 AM', '6955', false, true, true, 68, 3, '2022-10-20 08:20:12', 'Evil - In the Time of Heroes (To kako - Stin epohi ton iroon)', '2023-03-16 11:13:37', 'Space Station 76');
insert into stadium (field_count, gpa, stadium_name, address, tel, time, cost, no_rest, parking, shower, evaluation_count, manager_id, created_at, created_by, modified_at, modified_by) values (5, 1, 'Crimson', 'Suite 47', '455-697-6677', '4:25 PM', '66', false, true, false, 71, 5, '2022-12-06 12:41:03', 'Innocence', '2023-02-27 15:30:59', 'The Wedding Ringer');
insert into stadium (field_count, gpa, stadium_name, address, tel, time, cost, no_rest, parking, shower, evaluation_count, manager_id, created_at, created_by, modified_at, modified_by) values (4, 3, 'Maroon', 'Apt 473', '423-422-2497', '5:30 AM', '1070', true, true, true, 52, 2, '2023-06-22 15:54:21', 'Chase a Crooked Shadow', '2023-05-27 23:57:31', 'Devil''s Playground');
insert into stadium (field_count, gpa, stadium_name, address, tel, time, cost, no_rest, parking, shower, evaluation_count, manager_id, created_at, created_by, modified_at, modified_by) values (2, 2, 'Goldenrod', '15th Floor', '933-890-9145', '4:36 AM', '146', true, false, false, 18, 10, '2023-03-02 03:09:19', 'Avengers, The', '2022-11-13 03:25:20', 'Frozen City (Valkoinen kaupunki) ');
insert into stadium (field_count, gpa, stadium_name, address, tel, time, cost, no_rest, parking, shower, evaluation_count, manager_id, created_at, created_by, modified_at, modified_by) values (1, 1, 'Khaki', 'PO Box 77372', '753-456-4927', '2:43 AM', '1706', true, false, false, 98, 21, '2023-06-04 12:16:26', 'Jesus'' Son', '2023-01-20 11:12:11', 'I Heart Monster Movies');
insert into stadium (field_count, gpa, stadium_name, address, tel, time, cost, no_rest, parking, shower, evaluation_count, manager_id, created_at, created_by, modified_at, modified_by) values (1, 5, 'Red', 'Suite 42', '684-581-0421', '1:37 PM', null, false, false, true, 5, 16, '2023-05-15 02:16:46', 'Pom Pom Girls, The', '2023-04-11 11:00:14', '127 Hours');
insert into stadium (field_count, gpa, stadium_name, address, tel, time, cost, no_rest, parking, shower, evaluation_count, manager_id, created_at, created_by, modified_at, modified_by) values (1, 1, 'Fuscia', 'Room 1059', '153-672-7001', '2:56 AM', '65', true, false, true, 89, 20, '2023-05-06 04:17:44', 'Clink of Ice, The (a.k.a.: Sound of Ice Cubes, The) (Le bruit des glaçons)', '2023-02-03 01:22:02', 'Very Ordinary Couple (Yeonaeui Wondo)');
insert into stadium (field_count, gpa, stadium_name, address, tel, time, cost, no_rest, parking, shower, evaluation_count, manager_id, created_at, created_by, modified_at, modified_by) values (5, 1, 'Pink', 'Apt 1819', '236-935-4467', '2:01 AM', '4035', false, false, true, 88, 11, '2023-05-28 05:51:02', 'Sky Murder', '2023-01-18 17:47:36', 'Digimon: The Movie');
insert into stadium (field_count, gpa, stadium_name, address, tel, time, cost, no_rest, parking, shower, evaluation_count, manager_id, created_at, created_by, modified_at, modified_by) values (1, 3, 'Crimson', 'PO Box 27234', '775-678-9764', '2:03 PM', '21', false, true, true, 91, 13, '2023-06-15 21:20:31', 'Cat Chaser', '2022-09-17 19:18:02', 'Fake It So Real');
insert into stadium (field_count, gpa, stadium_name, address, tel, time, cost, no_rest, parking, shower, evaluation_count, manager_id, created_at, created_by, modified_at, modified_by) values (3, 2, 'Goldenrod', 'Apt 290', '745-892-9061', '4:14 PM', '2400', true, false, true, 71, 25, '2023-01-05 16:13:27', 'Way of the Gun, The', '2023-05-18 18:14:26', 'Whitewash');
insert into stadium (field_count, gpa, stadium_name, address, tel, time, cost, no_rest, parking, shower, evaluation_count, manager_id, created_at, created_by, modified_at, modified_by) values (3, 5, 'Maroon', 'Apt 1891', '841-174-7724', '11:44 AM', '544', false, false, true, 41, 7, '2023-02-10 00:04:19', 'Viimeiset rotannahat ', '2022-12-02 23:13:01', 'Innocent Lies');
insert into stadium (field_count, gpa, stadium_name, address, tel, time, cost, no_rest, parking, shower, evaluation_count, manager_id, created_at, created_by, modified_at, modified_by) values (1, 5, 'Fuscia', 'Suite 48', '199-444-0745', '5:09 AM', '338', true, false, false, 17, 28, '2023-03-19 12:43:32', 'Once Upon a Honeymoon', '2023-02-23 12:00:11', 'Eggs');
insert into stadium (field_count, gpa, stadium_name, address, tel, time, cost, no_rest, parking, shower, evaluation_count, manager_id, created_at, created_by, modified_at, modified_by) values (5, 5, 'Yellow', 'Suite 90', '870-470-5468', '7:42 AM', '7267', false, true, true, 47, 18, '2023-05-25 20:17:00', 'Debutantes, Los', '2023-06-10 07:13:16', 'Resan Till Melonia');
insert into stadium (field_count, gpa, stadium_name, address, tel, time, cost, no_rest, parking, shower, evaluation_count, manager_id, created_at, created_by, modified_at, modified_by) values (4, 4, 'Crimson', 'Apt 775', '162-382-0898', '10:48 AM', null, false, true, true, 97, 14, '2023-04-24 05:52:23', 'Welcome to the Dollhouse', '2023-01-25 00:33:07', 'Crimson Permanent Assurance, The');
insert into stadium (field_count, gpa, stadium_name, address, tel, time, cost, no_rest, parking, shower, evaluation_count, manager_id, created_at, created_by, modified_at, modified_by) values (2, 1, 'Blue', 'Suite 23', '603-608-9478', '10:26 AM', '61', true, false, true, 75, 5, '2022-10-05 14:53:13', 'Phantom, The', '2023-07-16 15:16:08', 'Crows Zero II (Kurôzu Zero II)');
insert into stadium (field_count, gpa, stadium_name, address, tel, time, cost, no_rest, parking, shower, evaluation_count, manager_id, created_at, created_by, modified_at, modified_by) values (4, 3, 'Fuscia', '16th Floor', '796-979-4691', '3:08 PM', '23', false, true, true, 50, 5, '2022-09-14 00:34:34', 'Like You Know It All (Jal aljido mothamyeonseo)', '2023-07-17 19:42:57', 'Tropical Fish (Re dai yu)');
insert into stadium (field_count, gpa, stadium_name, address, tel, time, cost, no_rest, parking, shower, evaluation_count, manager_id, created_at, created_by, modified_at, modified_by) values (3, 2, 'Aquamarine', 'PO Box 85258', '575-374-7509', '3:10 PM', '2999', false, true, false, 3, 16, '2022-07-19 13:05:35', 'Hell Night', '2022-11-19 19:06:45', 'Desert Bloom');
insert into stadium (field_count, gpa, stadium_name, address, tel, time, cost, no_rest, parking, shower, evaluation_count, manager_id, created_at, created_by, modified_at, modified_by) values (1, 1, 'Khaki', 'Room 1703', '740-721-8588', '7:35 AM', '0', false, true, false, 33, 8, '2022-12-16 09:22:17', 'Paths of Glory', '2022-12-31 18:33:33', 'El Escarabajo de Oro');
insert into stadium (field_count, gpa, stadium_name, address, tel, time, cost, no_rest, parking, shower, evaluation_count, manager_id, created_at, created_by, modified_at, modified_by) values (4, 1, 'Purple', '16th Floor', '419-845-6832', '2:03 PM', '151', true, false, false, 81, 5, '2022-10-29 15:39:14', 'Sex and Lucia (Lucía y el sexo)', '2022-12-01 00:18:24', 'With Fire and Sword (Ogniem i mieczem)');
insert into stadium (field_count, gpa, stadium_name, address, tel, time, cost, no_rest, parking, shower, evaluation_count, manager_id, created_at, created_by, modified_at, modified_by) values (3, 4, 'Red', 'Suite 88', '100-565-0897', '6:47 AM', '1250', true, false, false, 81, 12, '2022-07-19 04:49:12', 'For Roseanna (Roseanna''s Grave)', '2022-10-22 05:40:37', 'Plácido');
insert into stadium (field_count, gpa, stadium_name, address, tel, time, cost, no_rest, parking, shower, evaluation_count, manager_id, created_at, created_by, modified_at, modified_by) values (3, 3, 'Turquoise', 'Room 1666', '770-971-5526', '6:53 PM', '398', false, true, true, 85, 24, '2022-09-14 13:06:47', 'Hellsing Ultimate OVA Series', '2022-09-25 19:59:57', 'Up in Arms');
insert into stadium (field_count, gpa, stadium_name, address, tel, time, cost, no_rest, parking, shower, evaluation_count, manager_id, created_at, created_by, modified_at, modified_by) values (3, 5, 'Red', '5th Floor', '870-784-5452', '7:08 PM', '0', false, false, false, 14, 2, '2022-12-25 02:05:31', 'They Call Me Mister Tibbs!', '2022-09-09 21:04:56', 'Heartbreakers');
insert into stadium (field_count, gpa, stadium_name, address, tel, time, cost, no_rest, parking, shower, evaluation_count, manager_id, created_at, created_by, modified_at, modified_by) values (1, 4, 'Pink', 'Suite 85', '469-633-0643', '10:37 PM', '1365', false, false, false, 66, 25, '2022-11-29 06:55:57', 'New Life, A (La vie nouvelle)', '2022-08-29 13:44:44', 'Sweet Sweetback''s Baadasssss Song');
insert into stadium (field_count, gpa, stadium_name, address, tel, time, cost, no_rest, parking, shower, evaluation_count, manager_id, created_at, created_by, modified_at, modified_by) values (2, 2, 'Teal', 'Suite 66', '771-209-3416', '3:11 AM', '107', false, true, false, 4, 16, '2022-08-25 15:29:25', 'Werner - Volles Rooäää', '2022-07-22 01:56:36', 'Second Skin (Segunda Piel)');
insert into stadium (field_count, gpa, stadium_name, address, tel, time, cost, no_rest, parking, shower, evaluation_count, manager_id, created_at, created_by, modified_at, modified_by) values (2, 4, 'Purple', 'Room 796', '748-259-1964', '7:55 PM', '1474', true, true, false, 100, 20, '2023-05-13 02:01:21', 'Werner - Gekotzt wird später', '2022-07-25 18:13:32', 'Make Mine Music');
insert into stadium (field_count, gpa, stadium_name, address, tel, time, cost, no_rest, parking, shower, evaluation_count, manager_id, created_at, created_by, modified_at, modified_by) values (5, 5, 'Purple', 'Room 823', '202-127-1732', '8:54 AM', null, true, true, false, 96, 29, '2023-03-05 02:51:15', 'Golden Coach, The (Le carrosse d''or)', '2023-05-19 20:15:25', 'Crude Oasis, The');
insert into stadium (field_count, gpa, stadium_name, address, tel, time, cost, no_rest, parking, shower, evaluation_count, manager_id, created_at, created_by, modified_at, modified_by) values (2, 1, 'Red', 'Suite 24', '861-249-7146', '5:59 AM', '65', true, false, false, 90, 8, '2023-04-15 16:09:05', 'Sorceress', '2022-07-28 04:55:27', 'Bloodline');
insert into stadium (field_count, gpa, stadium_name, address, tel, time, cost, no_rest, parking, shower, evaluation_count, manager_id, created_at, created_by, modified_at, modified_by) values (1, 1, 'Crimson', 'PO Box 84008', '703-893-3944', '9:52 PM', '1481', false, true, false, 66, 2, '2022-07-31 03:24:53', 'Return of the Living Dead: Necropolis', '2022-12-04 19:41:29', 'Abbott and Costello Meet the Mummy');
insert into stadium (field_count, gpa, stadium_name, address, tel, time, cost, no_rest, parking, shower, evaluation_count, manager_id, created_at, created_by, modified_at, modified_by) values (5, 5, 'Blue', 'PO Box 9526', '975-652-6393', '10:44 AM', '1249', true, false, true, 67, 18, '2022-11-28 01:01:24', 'Peter Pan', '2023-02-11 13:48:38', 'Vuonna 85');
insert into stadium (field_count, gpa, stadium_name, address, tel, time, cost, no_rest, parking, shower, evaluation_count, manager_id, created_at, created_by, modified_at, modified_by) values (3, 5, 'Puce', 'Apt 92', '428-937-1816', '5:47 AM', '591', false, true, true, 35, 9, '2023-01-20 11:13:31', 'Going to Pieces: The Rise and Fall of the Slasher Film', '2023-05-31 14:55:41', 'No Highway in the Sky');
insert into stadium (field_count, gpa, stadium_name, address, tel, time, cost, no_rest, parking, shower, evaluation_count, manager_id, created_at, created_by, modified_at, modified_by) values (5, 3, 'Turquoise', 'Suite 79', '225-712-1464', '11:28 AM', '76', false, true, false, 13, 18, '2023-05-08 01:42:03', 'Bus 174 (Ônibus 174)', '2022-12-10 12:02:19', 'Things to Do in Denver When You''re Dead');
insert into stadium (field_count, gpa, stadium_name, address, tel, time, cost, no_rest, parking, shower, evaluation_count, manager_id, created_at, created_by, modified_at, modified_by) values (1, 2, 'Red', 'Apt 774', '281-586-9341', '8:27 AM', '80', true, true, false, 23, 3, '2023-06-19 11:55:17', 'Goodbye Again', '2022-09-25 18:21:13', 'Zombies on Broadway');
insert into stadium (field_count, gpa, stadium_name, address, tel, time, cost, no_rest, parking, shower, evaluation_count, manager_id, created_at, created_by, modified_at, modified_by) values (4, 4, 'Yellow', 'PO Box 58466', '856-968-9366', '6:22 AM', '5374', true, false, true, 64, 25, '2023-03-11 04:53:54', 'Freeway', '2023-04-21 19:05:41', 'Zabriskie Point');
insert into stadium (field_count, gpa, stadium_name, address, tel, time, cost, no_rest, parking, shower, evaluation_count, manager_id, created_at, created_by, modified_at, modified_by) values (2, 2, 'Teal', 'Apt 1106', '596-252-6089', '5:43 AM', '102', false, false, true, 90, 26, '2023-03-18 11:40:40', 'Border Incident', '2023-06-11 11:43:48', 'Dr. Who and the Daleks');
insert into stadium (field_count, gpa, stadium_name, address, tel, time, cost, no_rest, parking, shower, evaluation_count, manager_id, created_at, created_by, modified_at, modified_by) values (5, 1, 'Crimson', 'PO Box 71067', '554-333-4373', '7:04 PM', '12', true, false, false, 19, 12, '2022-07-20 04:32:31', 'AVP: Alien vs. Predator', '2022-08-28 05:36:35', 'Exit to Eden');
insert into stadium (field_count, gpa, stadium_name, address, tel, time, cost, no_rest, parking, shower, evaluation_count, manager_id, created_at, created_by, modified_at, modified_by) values (3, 3, 'Violet', '3rd Floor', '973-617-3573', '7:16 AM', '28', true, false, false, 57, 8, '2022-08-22 20:05:24', 'Four-Faced Liar, The', '2023-05-10 01:17:51', 'Wuthering Heights');
insert into stadium (field_count, gpa, stadium_name, address, tel, time, cost, no_rest, parking, shower, evaluation_count, manager_id, created_at, created_by, modified_at, modified_by) values (2, 2, 'Puce', '19th Floor', '447-684-1494', '6:01 PM', '-15', false, true, true, 35, 12, '2023-02-25 00:08:14', 'Waiting For Armageddon', '2023-04-17 11:30:29', 'Lloyds of London');
insert into stadium (field_count, gpa, stadium_name, address, tel, time, cost, no_rest, parking, shower, evaluation_count, manager_id, created_at, created_by, modified_at, modified_by) values (4, 2, 'Green', 'Room 835', '971-845-5527', '1:30 AM', '2697', true, false, false, 83, 11, '2022-09-27 08:47:46', 'Rambo: First Blood Part II', '2023-01-31 15:51:02', 'Memories of Matsuko (Kiraware Matsuko no isshô)');
insert into stadium (field_count, gpa, stadium_name, address, tel, time, cost, no_rest, parking, shower, evaluation_count, manager_id, created_at, created_by, modified_at, modified_by) values (5, 3, 'Mauv', '13th Floor', '944-759-8030', '12:21 PM', '46', false, false, false, 76, 7, '2023-05-02 23:34:43', 'Female Demon Ohyaku (Yôen dokufuden hannya no ohyaku)', '2022-07-30 21:07:15', 'Nico and Dani (Krámpack)');
insert into stadium (field_count, gpa, stadium_name, address, tel, time, cost, no_rest, parking, shower, evaluation_count, manager_id, created_at, created_by, modified_at, modified_by) values (4, 2, 'Indigo', 'Suite 38', '851-817-4665', '9:02 PM', '3543', true, true, false, 40, 26, '2022-09-27 05:09:33', 'Absentia', '2022-11-26 03:09:23', 'Dance, Girl, Dance');



--field
insert into field (cost, matching_date, start_time, end_time, stadium_id, field_num) values (89672, '2022-11-10', '2023-02-02 18:28:28', '2023-04-24 15:29:50', 36, 4);
insert into field (cost, matching_date, start_time, end_time, stadium_id, field_num) values (73652, '2023-05-15', '2023-03-13 14:33:17', '2023-06-15 23:03:51', 5, 3);
insert into field (cost, matching_date, start_time, end_time, stadium_id, field_num) values (87167, '2023-02-07', '2023-01-11 02:33:12', '2023-01-27 11:19:31', 16, 1);
insert into field (cost, matching_date, start_time, end_time, stadium_id, field_num) values (51353, '2023-02-07', '2022-11-08 13:07:58', '2023-02-18 10:57:58', 41, 5);
insert into field (cost, matching_date, start_time, end_time, stadium_id, field_num) values (77298, '2022-11-21', '2022-11-12 01:47:48', '2022-11-27 12:10:09', 14, 4);
insert into field (cost, matching_date, start_time, end_time, stadium_id, field_num) values (80676, '2023-03-07', '2022-10-02 13:28:48', '2023-02-28 16:10:05', 15, 1);
insert into field (cost, matching_date, start_time, end_time, stadium_id, field_num) values (78031, '2023-04-16', '2022-11-14 10:18:05', '2023-03-17 14:39:25', 41, 3);
insert into field (cost, matching_date, start_time, end_time, stadium_id, field_num) values (86800, '2022-12-15', '2023-02-17 15:39:12', '2022-12-27 06:42:36', 45, 5);
insert into field (cost, matching_date, start_time, end_time, stadium_id, field_num) values (65708, '2023-05-18', '2023-06-21 06:46:55', '2023-04-03 00:59:23', 25, 2);
insert into field (cost, matching_date, start_time, end_time, stadium_id, field_num) values (68915, '2023-05-04', '2023-01-24 11:12:39', '2023-01-29 10:55:10', 49, 4);
insert into field (cost, matching_date, start_time, end_time, stadium_id, field_num) values (91433, '2022-08-13', '2022-12-20 21:57:47', '2023-06-15 13:18:19', 22, 1);
insert into field (cost, matching_date, start_time, end_time, stadium_id, field_num) values (55184, '2023-02-27', '2023-04-27 19:55:57', '2022-10-06 06:04:14', 23, 4);
insert into field (cost, matching_date, start_time, end_time, stadium_id, field_num) values (85120, '2023-02-06', '2023-05-12 16:19:56', '2022-10-20 23:19:00', 26, 3);
insert into field (cost, matching_date, start_time, end_time, stadium_id, field_num) values (80188, '2023-04-11', '2022-10-01 02:13:40', '2022-12-23 04:36:08', 16, 2);
insert into field (cost, matching_date, start_time, end_time, stadium_id, field_num) values (97415, '2023-07-09', '2023-05-06 21:37:36', '2022-10-23 18:48:10', 30, 3);
insert into field (cost, matching_date, start_time, end_time, stadium_id, field_num) values (72206, '2023-06-03', '2023-04-04 12:52:37', '2023-06-14 22:05:48', 17, 2);
insert into field (cost, matching_date, start_time, end_time, stadium_id, field_num) values (89351, '2022-11-10', '2022-12-09 10:11:18', '2023-03-27 02:18:48', 2, 3);
insert into field (cost, matching_date, start_time, end_time, stadium_id, field_num) values (78318, '2022-10-16', '2022-10-28 10:25:27', '2023-01-01 22:00:32', 15, 2);
insert into field (cost, matching_date, start_time, end_time, stadium_id, field_num) values (93686, '2023-07-01', '2022-11-12 05:16:03', '2023-03-16 09:48:16', 3, 3);
insert into field (cost, matching_date, start_time, end_time, stadium_id, field_num) values (68359, '2022-08-03', '2022-08-01 02:48:13', '2022-11-27 10:06:31', 48, 3);
insert into field (cost, matching_date, start_time, end_time, stadium_id, field_num) values (59470, '2023-01-23', '2022-10-09 10:14:26', '2023-05-25 15:31:52', 20, 2);
insert into field (cost, matching_date, start_time, end_time, stadium_id, field_num) values (80649, '2022-07-30', '2023-01-22 02:41:21', '2022-11-17 08:57:15', 23, 5);
insert into field (cost, matching_date, start_time, end_time, stadium_id, field_num) values (72008, '2023-01-13', '2022-08-06 21:40:34', '2022-09-01 22:50:05', 35, 1);
insert into field (cost, matching_date, start_time, end_time, stadium_id, field_num) values (67024, '2022-08-07', '2022-07-18 11:27:45', '2023-03-02 21:02:22', 13, 1);
insert into field (cost, matching_date, start_time, end_time, stadium_id, field_num) values (57764, '2022-08-25', '2022-12-17 21:02:30', '2023-06-26 04:12:06', 33, 4);
insert into field (cost, matching_date, start_time, end_time, stadium_id, field_num) values (56268, '2022-09-12', '2023-01-07 16:10:58', '2023-01-07 03:59:04', 48, 4);
insert into field (cost, matching_date, start_time, end_time, stadium_id, field_num) values (63828, '2022-09-22', '2023-04-26 08:31:37', '2022-10-17 18:04:27', 20, 3);
insert into field (cost, matching_date, start_time, end_time, stadium_id, field_num) values (80309, '2023-01-11', '2023-02-03 08:28:11', '2022-11-16 15:12:16', 20, 2);
insert into field (cost, matching_date, start_time, end_time, stadium_id, field_num) values (68355, '2023-02-28', '2022-09-08 02:29:06', '2023-07-08 19:37:50', 4, 3);
insert into field (cost, matching_date, start_time, end_time, stadium_id, field_num) values (53347, '2022-11-08', '2023-01-12 14:26:13', '2023-01-16 05:57:31', 39, 2);
insert into field (cost, matching_date, start_time, end_time, stadium_id, field_num) values (70118, '2023-04-16', '2023-03-24 20:45:09', '2022-11-30 13:00:35', 18, 2);
insert into field (cost, matching_date, start_time, end_time, stadium_id, field_num) values (79949, '2023-07-02', '2022-08-15 01:32:15', '2023-03-03 01:22:46', 16, 4);
insert into field (cost, matching_date, start_time, end_time, stadium_id, field_num) values (89233, '2022-12-11', '2023-06-30 20:51:31', '2022-12-18 19:45:04', 8, 4);
insert into field (cost, matching_date, start_time, end_time, stadium_id, field_num) values (72041, '2023-03-26', '2023-03-23 17:22:07', '2022-11-26 20:37:55', 27, 1);
insert into field (cost, matching_date, start_time, end_time, stadium_id, field_num) values (81760, '2022-10-05', '2023-03-14 06:54:26', '2023-02-28 09:29:59', 17, 2);
insert into field (cost, matching_date, start_time, end_time, stadium_id, field_num) values (77017, '2022-11-02', '2023-03-31 07:10:30', '2022-11-22 08:00:18', 20, 4);
insert into field (cost, matching_date, start_time, end_time, stadium_id, field_num) values (68154, '2022-09-21', '2022-10-09 04:21:30', '2022-09-02 09:01:07', 17, 4);
insert into field (cost, matching_date, start_time, end_time, stadium_id, field_num) values (62765, '2022-07-30', '2023-02-04 05:17:31', '2023-07-02 04:30:05', 44, 2);
insert into field (cost, matching_date, start_time, end_time, stadium_id, field_num) values (89091, '2022-11-07', '2022-08-14 01:54:50', '2023-06-17 12:36:20', 13, 2);
insert into field (cost, matching_date, start_time, end_time, stadium_id, field_num) values (65921, '2022-11-22', '2022-09-22 05:33:55', '2023-01-17 06:10:09', 17, 3);
insert into field (cost, matching_date, start_time, end_time, stadium_id, field_num) values (120000, '2023-08-25', '18:00:00', '20:00:00', 7, 1);
insert into field (cost, matching_date, start_time, end_time, stadium_id, field_num) values (68357, '2022-09-02', '2022-08-10 14:24:01', '2022-09-19 18:30:53', 19, 4);
insert into field (cost, matching_date, start_time, end_time, stadium_id, field_num) values (60410, '2023-04-27', '2022-09-29 21:44:08', '2022-08-15 10:21:40', 6, 4);
insert into field (cost, matching_date, start_time, end_time, stadium_id, field_num) values (91144, '2023-01-06', '2023-06-08 10:24:15', '2022-08-17 03:51:20', 47, 2);
insert into field (cost, matching_date, start_time, end_time, stadium_id, field_num) values (98919, '2023-04-27', '2022-11-22 17:46:24', '2022-08-12 13:01:37', 5, 3);
insert into field (cost, matching_date, start_time, end_time, stadium_id, field_num) values (84957, '2023-01-10', '2023-04-11 03:31:05', '2023-05-08 10:27:36', 47, 2);
insert into field (cost, matching_date, start_time, end_time, stadium_id, field_num) values (54617, '2022-12-30', '2023-07-01 16:22:58', '2023-03-11 21:38:10', 48, 5);
insert into field (cost, matching_date, start_time, end_time, stadium_id, field_num) values (54663, '2023-04-01', '2022-09-11 03:03:32', '2023-06-11 06:47:20', 48, 3);
insert into field (cost, matching_date, start_time, end_time, stadium_id, field_num) values (78587, '2023-03-12', '2022-08-23 14:54:42', '2023-05-13 03:18:07', 21, 2);
insert into field (cost, matching_date, start_time, end_time, stadium_id, field_num) values (65847, '2023-04-03', '2023-01-21 01:51:18', '2022-09-29 06:22:32', 33, 5);
insert into field (cost, matching_date, start_time, end_time, stadium_id, field_num) values (55732, '2022-10-20', '2023-02-19 17:34:24', '2023-02-08 14:58:37', 17, 1);
insert into field (cost, matching_date, start_time, end_time, stadium_id, field_num) values (59498, '2023-01-31', '2022-10-25 10:28:12', '2023-04-23 09:59:21', 22, 2);
insert into field (cost, matching_date, start_time, end_time, stadium_id, field_num) values (52789, '2023-02-04', '2022-07-18 17:32:49', '2022-10-16 17:56:06', 9, 5);
insert into field (cost, matching_date, start_time, end_time, stadium_id, field_num) values (77408, '2022-11-24', '2023-03-29 09:36:37', '2022-08-08 20:31:59', 31, 1);
insert into field (cost, matching_date, start_time, end_time, stadium_id, field_num) values (70969, '2023-04-04', '2023-06-22 13:41:29', '2023-02-28 18:37:56', 16, 4);
insert into field (cost, matching_date, start_time, end_time, stadium_id, field_num) values (50596, '2022-08-21', '2022-09-17 15:14:48', '2022-12-23 05:15:55', 9, 1);
insert into field (cost, matching_date, start_time, end_time, stadium_id, field_num) values (56628, '2023-06-28', '2023-06-07 04:42:07', '2022-09-21 04:53:26', 28, 4);
insert into field (cost, matching_date, start_time, end_time, stadium_id, field_num) values (94383, '2022-12-07', '2023-05-14 10:29:59', '2023-06-06 02:20:17', 2, 4);
insert into field (cost, matching_date, start_time, end_time, stadium_id, field_num) values (61430, '2023-04-17', '2023-02-11 04:27:55', '2022-08-07 13:30:10', 23, 3);
insert into field (cost, matching_date, start_time, end_time, stadium_id, field_num) values (60648, '2023-05-12', '2023-02-16 09:14:26', '2022-08-12 12:25:32', 20, 4);
insert into field (cost, matching_date, start_time, end_time, stadium_id, field_num) values (70344, '2023-05-14', '2023-01-09 19:09:28', '2023-04-09 16:55:23', 30, 1);
insert into field (cost, matching_date, start_time, end_time, stadium_id, field_num) values (74462, '2023-06-28', '2023-05-08 09:46:47', '2023-01-18 12:01:28', 46, 3);
insert into field (cost, matching_date, start_time, end_time, stadium_id, field_num) values (120000, '2023-08-25', '18:00:00', '20:00:00', 7, 2);
insert into field (cost, matching_date, start_time, end_time, stadium_id, field_num) values (85591, '2023-06-27', '2022-11-19 03:14:16', '2022-11-15 18:33:51', 14, 2);
insert into field (cost, matching_date, start_time, end_time, stadium_id, field_num) values (61242, '2023-06-15', '2023-01-01 16:12:46', '2023-04-13 19:29:59', 8, 2);
insert into field (cost, matching_date, start_time, end_time, stadium_id, field_num) values (60311, '2022-08-29', '2023-05-08 12:28:27', '2023-04-27 01:02:52', 24, 4);
insert into field (cost, matching_date, start_time, end_time, stadium_id, field_num) values (87021, '2023-04-20', '2022-10-05 16:57:32', '2022-11-12 05:49:45', 31, 1);
insert into field (cost, matching_date, start_time, end_time, stadium_id, field_num) values (80050, '2022-10-28', '2022-10-07 10:36:30', '2023-03-14 12:12:35', 21, 4);
insert into field (cost, matching_date, start_time, end_time, stadium_id, field_num) values (90158, '2023-02-01', '2023-05-25 22:37:43', '2023-05-05 03:38:12', 13, 4);
insert into field (cost, matching_date, start_time, end_time, stadium_id, field_num) values (68687, '2023-05-30', '2023-05-21 17:49:52', '2022-12-21 04:28:22', 43, 2);
insert into field (cost, matching_date, start_time, end_time, stadium_id, field_num) values (72638, '2022-09-08', '2022-11-06 22:06:16', '2023-04-10 01:25:06', 35, 2);
insert into field (cost, matching_date, start_time, end_time, stadium_id, field_num) values (86529, '2023-03-10', '2022-12-03 21:46:47', '2023-01-24 04:45:30', 23, 4);
insert into field (cost, matching_date, start_time, end_time, stadium_id, field_num) values (66927, '2022-12-29', '2022-11-08 17:31:13', '2022-08-23 16:22:36', 4, 1);
insert into field (cost, matching_date, start_time, end_time, stadium_id, field_num) values (90341, '2022-11-19', '2022-09-18 10:34:16', '2023-01-05 06:36:27', 6, 1);
insert into field (cost, matching_date, start_time, end_time, stadium_id, field_num) values (74727, '2023-02-18', '2022-09-09 16:44:43', '2023-07-13 06:55:58', 50, 3);
insert into field (cost, matching_date, start_time, end_time, stadium_id, field_num) values (86921, '2022-10-15', '2022-07-23 17:13:07', '2023-02-21 15:23:45', 10, 2);
insert into field (cost, matching_date, start_time, end_time, stadium_id, field_num) values (82435, '2023-01-03', '2023-05-04 02:39:31', '2022-07-30 16:21:45', 27, 2);
insert into field (cost, matching_date, start_time, end_time, stadium_id, field_num) values (55795, '2023-04-03', '2023-03-22 12:01:40', '2022-09-16 08:28:25', 36, 3);
insert into field (cost, matching_date, start_time, end_time, stadium_id, field_num) values (58715, '2022-08-25', '2022-11-18 18:09:52', '2023-01-09 12:12:53', 2, 2);
insert into field (cost, matching_date, start_time, end_time, stadium_id, field_num) values (82273, '2022-10-12', '2023-07-12 00:47:38', '2022-09-28 13:10:51', 35, 3);
insert into field (cost, matching_date, start_time, end_time, stadium_id, field_num) values (86454, '2022-10-16', '2023-03-20 04:23:22', '2022-09-23 23:01:41', 42, 2);
insert into field (cost, matching_date, start_time, end_time, stadium_id, field_num) values (56509, '2023-04-14', '2023-04-08 15:56:18', '2023-04-11 01:34:30', 50, 2);
insert into field (cost, matching_date, start_time, end_time, stadium_id, field_num) values (60826, '2022-10-13', '2023-04-10 02:51:35', '2023-03-05 23:42:17', 16, 1);
insert into field (cost, matching_date, start_time, end_time, stadium_id, field_num) values (90389, '2022-08-10', '2022-10-20 21:35:01', '2023-02-06 08:26:22', 33, 1);
insert into field (cost, matching_date, start_time, end_time, stadium_id, field_num) values (88831, '2023-04-12', '2023-01-15 10:41:05', '2022-07-18 01:41:42', 44, 4);
insert into field (cost, matching_date, start_time, end_time, stadium_id, field_num) values (96983, '2022-09-14', '2023-04-24 12:41:53', '2023-06-25 07:08:39', 33, 2);
insert into field (cost, matching_date, start_time, end_time, stadium_id, field_num) values (92783, '2023-01-05', '2023-06-27 13:13:35', '2023-03-16 21:58:50', 43, 5);
insert into field (cost, matching_date, start_time, end_time, stadium_id, field_num) values (72079, '2023-04-06', '2023-04-25 03:56:28', '2023-02-18 03:38:43', 26, 5);
insert into field (cost, matching_date, start_time, end_time, stadium_id, field_num) values (68951, '2023-04-12', '2022-11-03 06:40:38', '2023-06-07 18:37:02', 36, 4);
insert into field (cost, matching_date, start_time, end_time, stadium_id, field_num) values (60022, '2023-07-12', '2022-08-20 00:26:46', '2022-11-26 04:18:12', 35, 5);
insert into field (cost, matching_date, start_time, end_time, stadium_id, field_num) values (54614, '2022-07-19', '2022-10-25 14:23:29', '2023-04-06 10:14:32', 46, 2);
insert into field (cost, matching_date, start_time, end_time, stadium_id, field_num) values (80598, '2023-04-01', '2022-12-16 06:39:39', '2023-04-06 09:59:38', 40, 1);
insert into field (cost, matching_date, start_time, end_time, stadium_id, field_num) values (70050, '2023-03-03', '2022-07-26 19:24:25', '2023-04-17 03:25:17', 44, 3);
insert into field (cost, matching_date, start_time, end_time, stadium_id, field_num) values (61797, '2023-01-05', '2022-11-22 21:15:40', '2023-06-03 06:30:54', 11, 5);
insert into field (cost, matching_date, start_time, end_time, stadium_id, field_num) values (81760, '2022-12-18', '2023-02-01 11:36:39', '2023-03-06 15:38:22', 6, 1);
insert into field (cost, matching_date, start_time, end_time, stadium_id, field_num) values (120000, '2023-08-25', '18:00:00', '20:00:00', 7, 3);
insert into field (cost, matching_date, start_time, end_time, stadium_id, field_num) values (86911, '2022-12-09', '2022-10-14 14:59:52', '2022-09-04 20:20:22', 23, 1);
insert into field (cost, matching_date, start_time, end_time, stadium_id, field_num) values (90694, '2023-05-23', '2022-11-10 22:53:33', '2023-05-18 19:54:02', 48, 2);
insert into field (cost, matching_date, start_time, end_time, stadium_id, field_num) values (99710, '2022-11-09', '2022-07-31 12:41:22', '2022-11-10 09:12:32', 20, 5);
insert into field (cost, matching_date, start_time, end_time, stadium_id, field_num) values (91310, '2023-01-01', '2022-08-14 14:18:20', '2023-05-08 21:05:21', 13, 1);
insert into field (cost, matching_date, start_time, end_time, stadium_id, field_num) values (93055, '2022-10-16', '2022-11-11 22:39:48', '2022-09-01 02:45:32', 34, 3);
insert into field (cost, matching_date, start_time, end_time, stadium_id, field_num) values (56028, '2023-03-16', '2022-09-20 21:48:55', '2022-11-30 09:00:29', 2, 2);
insert into field (cost, matching_date, start_time, end_time, stadium_id, field_num) values (88193, '2022-09-10', '2023-06-05 18:19:44', '2022-12-23 09:09:07', 26, 1);
insert into field (cost, matching_date, start_time, end_time, stadium_id, field_num) values (73897, '2022-10-01', '2023-04-20 14:14:32', '2022-09-03 17:41:31', 47, 3);
insert into field (cost, matching_date, start_time, end_time, stadium_id, field_num) values (83243, '2022-11-30', '2023-05-17 21:37:08', '2023-04-07 23:41:40', 32, 1);
insert into field (cost, matching_date, start_time, end_time, stadium_id, field_num) values (67176, '2022-11-27', '2022-11-13 05:56:11', '2023-02-01 14:47:15', 33, 4);
insert into field (cost, matching_date, start_time, end_time, stadium_id, field_num) values (76848, '2023-01-19', '2023-03-23 19:10:31', '2022-09-19 00:44:03', 45, 5);
insert into field (cost, matching_date, start_time, end_time, stadium_id, field_num) values (90558, '2023-03-20', '2022-11-05 20:27:10', '2023-02-05 07:57:38', 30, 4);
insert into field (cost, matching_date, start_time, end_time, stadium_id, field_num) values (57356, '2023-06-02', '2023-05-03 10:10:47', '2022-10-08 18:55:45', 47, 1);
insert into field (cost, matching_date, start_time, end_time, stadium_id, field_num) values (86710, '2023-01-11', '2022-12-14 10:11:54', '2023-04-07 07:29:08', 28, 4);
insert into field (cost, matching_date, start_time, end_time, stadium_id, field_num) values (80830, '2023-02-24', '2022-08-05 17:57:00', '2022-08-21 07:15:28', 15, 4);
insert into field (cost, matching_date, start_time, end_time, stadium_id, field_num) values (51820, '2023-02-17', '2023-07-08 05:32:44', '2022-12-08 09:39:57', 48, 3);
insert into field (cost, matching_date, start_time, end_time, stadium_id, field_num) values (71666, '2023-04-30', '2023-01-07 14:01:33', '2023-06-16 14:48:28', 45, 4);
insert into field (cost, matching_date, start_time, end_time, stadium_id, field_num) values (88430, '2022-08-17', '2022-09-16 06:40:28', '2022-12-06 07:44:19', 30, 1);
insert into field (cost, matching_date, start_time, end_time, stadium_id, field_num) values (70769, '2022-10-19', '2022-09-26 06:28:45', '2022-10-13 17:22:02', 17, 3);
insert into field (cost, matching_date, start_time, end_time, stadium_id, field_num) values (81892, '2022-08-09', '2022-08-31 09:42:53', '2023-05-09 22:58:27', 36, 2);
insert into field (cost, matching_date, start_time, end_time, stadium_id, field_num) values (68183, '2023-06-01', '2023-06-01 12:16:11', '2022-08-23 10:49:34', 12, 5);
insert into field (cost, matching_date, start_time, end_time, stadium_id, field_num) values (81580, '2023-05-14', '2022-10-22 21:44:34', '2022-10-16 18:43:03', 19, 5);
insert into field (cost, matching_date, start_time, end_time, stadium_id, field_num) values (85873, '2023-07-06', '2022-09-01 00:07:08', '2023-06-02 03:53:25', 47, 1);
insert into field (cost, matching_date, start_time, end_time, stadium_id, field_num) values (67534, '2023-06-20', '2023-06-09 06:53:02', '2023-05-28 21:51:56', 46, 1);
insert into field (cost, matching_date, start_time, end_time, stadium_id, field_num) values (85813, '2022-07-21', '2023-07-03 11:16:24', '2023-07-11 12:41:18', 32, 5);
insert into field (cost, matching_date, start_time, end_time, stadium_id, field_num) values (56449, '2022-12-30', '2022-12-17 13:41:25', '2022-12-11 00:19:25', 8, 4);
insert into field (cost, matching_date, start_time, end_time, stadium_id, field_num) values (58469, '2022-09-21', '2023-05-01 01:13:19', '2023-04-25 12:28:33', 8, 5);
insert into field (cost, matching_date, start_time, end_time, stadium_id, field_num) values (75996, '2023-03-04', '2022-11-03 19:21:44', '2023-02-27 11:26:37', 35, 1);
insert into field (cost, matching_date, start_time, end_time, stadium_id, field_num) values (80752, '2022-09-05', '2022-10-05 03:45:23', '2023-02-19 20:04:17', 34, 5);
insert into field (cost, matching_date, start_time, end_time, stadium_id, field_num) values (93423, '2022-11-25', '2023-02-25 16:31:29', '2023-07-09 19:19:23', 24, 1);
insert into field (cost, matching_date, start_time, end_time, stadium_id, field_num) values (58638, '2023-06-10', '2023-01-28 18:40:24', '2022-11-20 22:01:02', 36, 2);
insert into field (cost, matching_date, start_time, end_time, stadium_id, field_num) values (51589, '2023-03-14', '2022-10-17 19:11:18', '2023-03-03 17:49:18', 47, 3);
insert into field (cost, matching_date, start_time, end_time, stadium_id, field_num) values (84541, '2023-07-06', '2023-05-25 18:55:52', '2023-02-24 08:15:38', 6, 5);
insert into field (cost, matching_date, start_time, end_time, stadium_id, field_num) values (63463, '2023-03-25', '2022-09-14 17:48:26', '2022-11-17 08:22:58', 44, 5);
insert into field (cost, matching_date, start_time, end_time, stadium_id, field_num) values (85578, '2023-06-09', '2023-05-20 05:17:51', '2023-02-20 14:03:12', 19, 3);
insert into field (cost, matching_date, start_time, end_time, stadium_id, field_num) values (82932, '2023-04-05', '2023-03-29 06:17:46', '2022-11-06 17:58:12', 4, 2);
insert into field (cost, matching_date, start_time, end_time, stadium_id, field_num) values (69700, '2022-07-28', '2023-05-30 15:43:27', '2022-08-08 05:31:14', 35, 5);
insert into field (cost, matching_date, start_time, end_time, stadium_id, field_num) values (75394, '2022-12-01', '2022-12-29 11:42:32', '2023-07-08 15:21:29', 39, 5);
insert into field (cost, matching_date, start_time, end_time, stadium_id, field_num) values (73198, '2023-03-19', '2022-09-10 15:04:48', '2023-01-04 21:16:52', 2, 3);
insert into field (cost, matching_date, start_time, end_time, stadium_id, field_num) values (83406, '2023-05-06', '2022-10-01 09:05:33', '2022-12-18 07:03:09', 47, 4);
insert into field (cost, matching_date, start_time, end_time, stadium_id, field_num) values (87908, '2022-11-26', '2023-02-04 09:49:22', '2022-12-21 13:27:12', 21, 1);
insert into field (cost, matching_date, start_time, end_time, stadium_id, field_num) values (75133, '2023-01-26', '2023-05-29 17:14:46', '2022-12-15 14:00:18', 1, 2);
insert into field (cost, matching_date, start_time, end_time, stadium_id, field_num) values (67533, '2022-07-23', '2022-10-16 13:43:28', '2023-04-15 04:20:44', 46, 5);
insert into field (cost, matching_date, start_time, end_time, stadium_id, field_num) values (91938, '2022-12-03', '2023-02-11 18:19:55', '2023-01-14 11:56:38', 9, 3);
insert into field (cost, matching_date, start_time, end_time, stadium_id, field_num) values (54749, '2022-11-29', '2023-01-08 04:57:24', '2022-09-29 21:41:54', 27, 2);
insert into field (cost, matching_date, start_time, end_time, stadium_id, field_num) values (84576, '2023-05-11', '2023-04-27 17:52:58', '2022-11-25 01:15:50', 35, 2);
insert into field (cost, matching_date, start_time, end_time, stadium_id, field_num) values (77614, '2023-02-14', '2022-12-12 12:26:58', '2023-07-08 04:18:17', 19, 1);
insert into field (cost, matching_date, start_time, end_time, stadium_id, field_num) values (85790, '2022-12-12', '2022-11-14 19:22:51', '2023-06-01 06:59:28', 24, 3);
insert into field (cost, matching_date, start_time, end_time, stadium_id, field_num) values (53550, '2022-09-29', '2023-06-06 17:01:34', '2023-04-10 00:28:11', 5, 4);
insert into field (cost, matching_date, start_time, end_time, stadium_id, field_num) values (87114, '2023-04-30', '2023-01-30 09:07:47', '2022-09-16 17:21:48', 31, 3);
insert into field (cost, matching_date, start_time, end_time, stadium_id, field_num) values (50839, '2022-07-27', '2022-12-20 20:56:45', '2023-03-26 13:50:50', 23, 4);
insert into field (cost, matching_date, start_time, end_time, stadium_id, field_num) values (83365, '2022-10-21', '2023-03-06 14:42:40', '2023-02-13 20:01:39', 16, 3);
insert into field (cost, matching_date, start_time, end_time, stadium_id, field_num) values (87839, '2023-04-12', '2023-03-31 18:06:12', '2022-09-14 09:43:26', 23, 5);
insert into field (cost, matching_date, start_time, end_time, stadium_id, field_num) values (81799, '2023-01-13', '2023-03-14 01:30:39', '2023-03-07 13:50:32', 31, 4);
insert into field (cost, matching_date, start_time, end_time, stadium_id, field_num) values (69452, '2023-04-21', '2023-05-28 15:50:51', '2023-04-11 16:23:07', 34, 2);
insert into field (cost, matching_date, start_time, end_time, stadium_id, field_num) values (66438, '2023-01-03', '2023-03-02 12:30:09', '2023-01-31 08:21:18', 9, 1);
insert into field (cost, matching_date, start_time, end_time, stadium_id, field_num) values (82644, '2022-10-18', '2023-07-15 16:58:54', '2023-05-08 07:11:23', 49, 4);
insert into field (cost, matching_date, start_time, end_time, stadium_id, field_num) values (58753, '2023-04-07', '2023-03-27 10:00:45', '2022-09-04 04:04:00', 5, 3);
insert into field (cost, matching_date, start_time, end_time, stadium_id, field_num) values (79680, '2023-04-18', '2023-05-21 19:36:15', '2022-09-29 06:29:07', 14, 5);
insert into field (cost, matching_date, start_time, end_time, stadium_id, field_num) values (96847, '2023-02-11', '2022-08-12 08:31:37', '2023-05-12 15:53:53', 13, 5);
insert into field (cost, matching_date, start_time, end_time, stadium_id, field_num) values (96265, '2022-11-13', '2022-07-19 08:28:36', '2022-09-22 22:08:15', 37, 5);
insert into field (cost, matching_date, start_time, end_time, stadium_id, field_num) values (95988, '2022-08-20', '2022-09-30 20:46:05', '2022-08-19 12:15:00', 42, 2);
insert into field (cost, matching_date, start_time, end_time, stadium_id, field_num) values (89924, '2023-07-07', '2022-11-24 03:21:46', '2022-08-27 23:10:17', 36, 4);
insert into field (cost, matching_date, start_time, end_time, stadium_id, field_num) values (88702, '2022-10-31', '2023-04-11 00:04:34', '2022-11-28 01:12:32', 19, 4);
insert into field (cost, matching_date, start_time, end_time, stadium_id, field_num) values (90591, '2022-11-29', '2023-02-05 22:26:38', '2023-05-05 14:02:54', 29, 4);
insert into field (cost, matching_date, start_time, end_time, stadium_id, field_num) values (55902, '2022-09-30', '2022-12-09 04:36:00', '2023-03-23 02:24:28', 29, 3);
insert into field (cost, matching_date, start_time, end_time, stadium_id, field_num) values (70811, '2023-02-20', '2023-01-23 19:09:16', '2023-02-24 21:38:51', 16, 4);
insert into field (cost, matching_date, start_time, end_time, stadium_id, field_num) values (51686, '2023-04-11', '2023-06-12 08:58:36', '2023-07-03 06:02:48', 1, 2);
insert into field (cost, matching_date, start_time, end_time, stadium_id, field_num) values (87949, '2022-08-18', '2022-12-14 06:14:01', '2023-06-12 18:53:31', 49, 4);
insert into field (cost, matching_date, start_time, end_time, stadium_id, field_num) values (97600, '2022-07-22', '2022-10-14 07:03:04', '2022-09-14 11:29:51', 34, 3);
insert into field (cost, matching_date, start_time, end_time, stadium_id, field_num) values (92233, '2022-10-06', '2023-02-15 14:58:38', '2022-08-16 01:32:19', 41, 5);
insert into field (cost, matching_date, start_time, end_time, stadium_id, field_num) values (75634, '2023-04-08', '2022-11-14 16:47:43', '2022-11-20 06:30:14', 10, 5);
insert into field (cost, matching_date, start_time, end_time, stadium_id, field_num) values (52561, '2023-06-29', '2022-08-02 05:01:13', '2022-10-17 19:36:35', 39, 3);
insert into field (cost, matching_date, start_time, end_time, stadium_id, field_num) values (70090, '2023-01-09', '2022-07-31 01:34:12', '2022-12-14 13:50:21', 38, 5);
insert into field (cost, matching_date, start_time, end_time, stadium_id, field_num) values (78800, '2022-11-09', '2022-10-25 07:29:57', '2023-01-27 12:55:09', 27, 1);
insert into field (cost, matching_date, start_time, end_time, stadium_id, field_num) values (67970, '2022-11-23', '2022-08-23 14:22:27', '2023-06-27 21:41:51', 39, 3);
insert into field (cost, matching_date, start_time, end_time, stadium_id, field_num) values (94889, '2022-08-03', '2023-02-03 05:57:36', '2022-10-16 21:03:42', 41, 1);
insert into field (cost, matching_date, start_time, end_time, stadium_id, field_num) values (84949, '2023-03-10', '2022-10-04 05:50:30', '2022-12-16 04:23:31', 48, 2);
insert into field (cost, matching_date, start_time, end_time, stadium_id, field_num) values (84504, '2022-10-01', '2023-05-31 08:52:48', '2022-10-21 15:02:42', 40, 5);
insert into field (cost, matching_date, start_time, end_time, stadium_id, field_num) values (50767, '2022-12-03', '2023-07-09 05:51:33', '2023-01-12 05:18:41', 30, 1);
insert into field (cost, matching_date, start_time, end_time, stadium_id, field_num) values (89204, '2022-09-19', '2022-09-09 02:37:18', '2023-04-22 02:25:02', 42, 1);
insert into field (cost, matching_date, start_time, end_time, stadium_id, field_num) values (56782, '2023-03-23', '2023-05-03 23:20:57', '2022-11-01 08:35:45', 28, 1);
insert into field (cost, matching_date, start_time, end_time, stadium_id, field_num) values (86130, '2022-10-11', '2022-10-04 11:03:51', '2023-04-21 19:25:43', 26, 3);
insert into field (cost, matching_date, start_time, end_time, stadium_id, field_num) values (65511, '2023-07-02', '2022-07-26 03:14:32', '2022-09-30 03:55:16', 21, 5);
insert into field (cost, matching_date, start_time, end_time, stadium_id, field_num) values (91021, '2022-09-10', '2023-05-07 19:05:52', '2023-03-20 22:40:39', 48, 1);
insert into field (cost, matching_date, start_time, end_time, stadium_id, field_num) values (50498, '2022-12-03', '2022-08-19 13:52:38', '2022-12-12 03:33:19', 8, 2);
insert into field (cost, matching_date, start_time, end_time, stadium_id, field_num) values (70669, '2023-06-16', '2022-08-22 18:51:10', '2022-11-07 14:10:17', 8, 5);
insert into field (cost, matching_date, start_time, end_time, stadium_id, field_num) values (75841, '2022-09-22', '2023-05-02 18:46:56', '2022-09-20 03:26:25', 26, 5);
insert into field (cost, matching_date, start_time, end_time, stadium_id, field_num) values (61464, '2023-06-03', '2023-04-01 20:04:26', '2023-01-24 07:22:21', 30, 3);
insert into field (cost, matching_date, start_time, end_time, stadium_id, field_num) values (73396, '2023-02-21', '2023-03-30 12:12:55', '2023-04-11 02:58:37', 46, 2);
insert into field (cost, matching_date, start_time, end_time, stadium_id, field_num) values (81452, '2023-06-06', '2022-09-15 09:01:04', '2023-01-08 10:08:59', 8, 5);
insert into field (cost, matching_date, start_time, end_time, stadium_id, field_num) values (67553, '2023-01-08', '2023-03-12 00:14:51', '2023-06-10 16:25:53', 36, 1);
insert into field (cost, matching_date, start_time, end_time, stadium_id, field_num) values (60216, '2023-05-24', '2023-03-18 01:40:00', '2023-03-02 07:46:02', 45, 4);
insert into field (cost, matching_date, start_time, end_time, stadium_id, field_num) values (70440, '2023-01-08', '2023-01-09 15:26:43', '2023-04-25 12:19:44', 15, 4);
insert into field (cost, matching_date, start_time, end_time, stadium_id, field_num) values (61353, '2022-10-15', '2022-12-17 07:42:42', '2023-05-03 00:53:52', 44, 5);
insert into field (cost, matching_date, start_time, end_time, stadium_id, field_num) values (76220, '2023-02-22', '2023-04-01 23:22:08', '2023-03-30 16:08:12', 35, 5);
insert into field (cost, matching_date, start_time, end_time, stadium_id, field_num) values (85074, '2023-07-15', '2023-01-20 12:51:54', '2023-06-13 07:37:29', 30, 1);
insert into field (cost, matching_date, start_time, end_time, stadium_id, field_num) values (89133, '2023-07-12', '2023-06-02 12:25:08', '2023-04-23 05:57:17', 17, 2);
insert into field (cost, matching_date, start_time, end_time, stadium_id, field_num) values (76515, '2022-09-02', '2022-12-08 04:26:53', '2022-12-10 09:54:17', 45, 4);
insert into field (cost, matching_date, start_time, end_time, stadium_id, field_num) values (88595, '2022-12-16', '2023-06-10 16:34:45', '2023-03-04 15:55:27', 3, 4);
insert into field (cost, matching_date, start_time, end_time, stadium_id, field_num) values (97269, '2022-11-09', '2023-04-27 21:13:53', '2023-05-21 12:39:39', 9, 2);
insert into field (cost, matching_date, start_time, end_time, stadium_id, field_num) values (74744, '2022-09-16', '2023-05-05 07:32:56', '2022-09-04 04:09:47', 31, 4);
insert into field (cost, matching_date, start_time, end_time, stadium_id, field_num) values (57698, '2023-01-19', '2022-07-20 10:39:09', '2023-04-05 12:41:53', 23, 1);
insert into field (cost, matching_date, start_time, end_time, stadium_id, field_num) values (74803, '2022-11-06', '2023-06-03 10:30:45', '2022-08-13 09:16:34', 21, 5);


--stadium_review
insert into stadium_review (gpa, review, stadium_id, created_at, created_by, modified_at, modified_by) values (1, null, 40, '2022-07-28 08:23:18', 'Annie', '2023-05-11 18:10:10', 'Getting In');
insert into stadium_review (gpa, review, stadium_id, created_at, created_by, modified_at, modified_by) values (4, 'Cum sociis natoque penatibus et magnis dis parturient montes, nascetur ridiculus mus. Etiam vel augue.', 10, '2023-04-20 03:28:49', 'Man Apart, A', '2022-07-31 21:04:09', 'Beyond Tomorrow (Beyond Christmas)');
insert into stadium_review (gpa, review, stadium_id, created_at, created_by, modified_at, modified_by) values (4, 'Vestibulum ante ipsum primis in faucibus orci luctus et ultrices posuere cubilia Curae; Duis faucibus accumsan odio.', 12, '2022-10-15 07:44:19', 'Bound', '2022-07-27 13:51:21', 'American Buffalo');
insert into stadium_review (gpa, review, stadium_id, created_at, created_by, modified_at, modified_by) values (1, 'Aliquam sit amet diam in magna bibendum imperdiet. Nullam orci pede, venenatis non, sodales sed, tincidunt eu, felis.', 25, '2022-10-16 18:52:45', 'How to Be a Man', '2022-11-04 20:20:37', 'Emperor''s New Clothes, The');
insert into stadium_review (gpa, review, stadium_id, created_at, created_by, modified_at, modified_by) values (5, null, 35, '2023-01-26 13:53:21', 'Turbo: A Power Rangers Movie', '2022-12-07 20:15:59', 'Zero 2');
insert into stadium_review (gpa, review, stadium_id, created_at, created_by, modified_at, modified_by) values (5, 'Etiam vel augue.', 20, '2022-08-18 02:36:53', 'Edison Kinetoscopic Record of a Sneeze', '2022-08-24 03:54:15', 'Sniper');
insert into stadium_review (gpa, review, stadium_id, created_at, created_by, modified_at, modified_by) values (4, 'Vivamus in felis eu sapien cursus vestibulum. Proin eu mi.', 42, '2023-03-22 01:23:25', 'Mulholland Drive', '2022-11-10 13:57:37', 'Ring, The');
insert into stadium_review (gpa, review, stadium_id, created_at, created_by, modified_at, modified_by) values (2, 'Aliquam sit amet diam in magna bibendum imperdiet. Nullam orci pede, venenatis non, sodales sed, tincidunt eu, felis.', 7, '2023-07-03 17:26:28', 'Escape', '2023-06-22 01:03:06', 'Mechanic, The');
insert into stadium_review (gpa, review, stadium_id, created_at, created_by, modified_at, modified_by) values (4, 'Ut at dolor quis odio consequat varius. Integer ac leo.', 13, '2022-12-06 01:51:04', 'Porky''s', '2022-08-10 11:01:48', 'Mirror, The (Zerkalo)');
insert into stadium_review (gpa, review, stadium_id, created_at, created_by, modified_at, modified_by) values (2, 'Integer aliquet, massa id lobortis convallis, tortor risus dapibus augue, vel accumsan tellus nisi eu orci. Mauris lacinia sapien quis libero.', 36, '2022-09-26 12:20:50', 'No Blood Relation (Stepchild, The) (Nasanunaka)', '2022-08-24 06:15:34', 'Zatoichi Meets Yojimbo (Zatôichi to Yôjinbô) (Zatôichi 20)');
insert into stadium_review (gpa, review, stadium_id, created_at, created_by, modified_at, modified_by) values (3, null, 37, '2022-10-13 04:04:59', 'Renaissance', '2022-07-22 09:35:19', 'OSS 117 - Lost in Rio (OSS 117: Rio ne répond plus)');
insert into stadium_review (gpa, review, stadium_id, created_at, created_by, modified_at, modified_by) values (3, null, 31, '2023-01-30 16:42:28', 'Doc', '2023-02-17 02:51:38', 'Plastic');
insert into stadium_review (gpa, review, stadium_id, created_at, created_by, modified_at, modified_by) values (4, 'In tempor, turpis nec euismod scelerisque, quam turpis adipiscing lorem, vitae mattis nibh ligula nec sem. Duis aliquam convallis nunc.', 45, '2023-01-17 02:03:48', 'Il piccolo diavolo', '2023-02-04 21:19:23', 'A Coming-Out Party');
insert into stadium_review (gpa, review, stadium_id, created_at, created_by, modified_at, modified_by) values (4, null, 31, '2023-02-02 14:39:44', 'Half Moon Street', '2023-03-26 10:21:17', 'Anatahan');
insert into stadium_review (gpa, review, stadium_id, created_at, created_by, modified_at, modified_by) values (5, 'Integer tincidunt ante vel ipsum.', 6, '2023-05-16 13:11:56', 'Papusza', '2023-05-10 12:45:32', 'Wonderland');
insert into stadium_review (gpa, review, stadium_id, created_at, created_by, modified_at, modified_by) values (2, 'Morbi vestibulum, velit id pretium iaculis, diam erat fermentum justo, nec condimentum neque sapien placerat ante. Nulla justo.', 25, '2023-02-15 08:12:15', 'Meilleur espoir féminin', '2023-02-09 19:09:04', 'Combat Shock');
insert into stadium_review (gpa, review, stadium_id, created_at, created_by, modified_at, modified_by) values (3, null, 17, '2023-06-28 22:56:03', 'The Natural Love', '2022-11-27 08:47:53', 'Ice Cream Man');
insert into stadium_review (gpa, review, stadium_id, created_at, created_by, modified_at, modified_by) values (2, 'Nulla nisl.', 2, '2023-07-05 22:27:35', 'Thumbsucker', '2022-07-29 01:12:30', 'Five-Year Engagement, The');
insert into stadium_review (gpa, review, stadium_id, created_at, created_by, modified_at, modified_by) values (2, 'Pellentesque viverra pede ac diam. Cras pellentesque volutpat dui.', 22, '2023-02-24 14:09:07', 'Dossier 51 (Dossier 51, Le)', '2022-08-29 22:02:17', 'Devil''s Double, The');
insert into stadium_review (gpa, review, stadium_id, created_at, created_by, modified_at, modified_by) values (3, 'Vivamus vestibulum sagittis sapien.', 12, '2023-07-02 00:00:44', 'Earth vs. the Flying Saucers', '2023-04-14 15:45:33', 'Love Object');
insert into stadium_review (gpa, review, stadium_id, created_at, created_by, modified_at, modified_by) values (4, 'Morbi quis tortor id nulla ultrices aliquet.', 2, '2022-07-31 21:50:00', 'Electra, My Love (Szerelmem, Elektra)', '2023-06-27 02:04:16', 'Thoughtcrimes');
insert into stadium_review (gpa, review, stadium_id, created_at, created_by, modified_at, modified_by) values (2, null, 17, '2022-07-22 05:28:58', 'Graffiti Bridge', '2023-06-03 20:10:33', 'Toto le héros');
insert into stadium_review (gpa, review, stadium_id, created_at, created_by, modified_at, modified_by) values (5, null, 48, '2023-02-09 09:22:11', 'Mulan II', '2022-09-15 11:48:46', 'My Prairie Home');
insert into stadium_review (gpa, review, stadium_id, created_at, created_by, modified_at, modified_by) values (5, 'Curabitur gravida nisi at nibh.', 43, '2022-07-27 18:41:46', 'Reincarnated', '2022-12-14 06:38:53', 'Outlaw Blues');
insert into stadium_review (gpa, review, stadium_id, created_at, created_by, modified_at, modified_by) values (5, null, 35, '2023-03-05 19:09:15', 'Keys of the Kingdom, The', '2023-04-26 21:17:17', 'Air Hawks');
insert into stadium_review (gpa, review, stadium_id, created_at, created_by, modified_at, modified_by) values (2, null, 23, '2022-08-03 07:52:09', 'Invictus', '2022-12-09 08:09:40', 'State of Things, The (Stand der Dinge, Der)');
insert into stadium_review (gpa, review, stadium_id, created_at, created_by, modified_at, modified_by) values (2, null, 28, '2023-01-20 02:35:38', 'Sadie Thompson', '2023-06-12 16:14:46', 'Farah Goes Bang');
insert into stadium_review (gpa, review, stadium_id, created_at, created_by, modified_at, modified_by) values (1, 'Vestibulum sed magna at nunc commodo placerat. Praesent blandit.', 6, '2023-03-16 10:57:51', 'Messengers 2: The Scarecrow', '2023-05-07 08:22:12', 'Raiders of the Lost Ark: The Adaptation');
insert into stadium_review (gpa, review, stadium_id, created_at, created_by, modified_at, modified_by) values (1, 'Nam ultrices, libero non mattis pulvinar, nulla pede ullamcorper augue, a suscipit nulla elit ac nulla.', 23, '2022-10-11 11:43:37', 'Morgan Stewart''s Coming Home', '2023-03-04 08:10:32', 'Corridors of Blood');
insert into stadium_review (gpa, review, stadium_id, created_at, created_by, modified_at, modified_by) values (5, null, 14, '2022-10-15 22:52:51', 'Fracture', '2022-08-18 00:55:21', 'Flight of the Conchords: A Texan Odyssey');
insert into stadium_review (gpa, review, stadium_id, created_at, created_by, modified_at, modified_by) values (3, 'Cum sociis natoque penatibus et magnis dis parturient montes, nascetur ridiculus mus.', 13, '2023-01-14 20:55:39', 'Hoosiers (a.k.a. Best Shot)', '2023-07-11 00:45:56', 'Easy Virtue');
insert into stadium_review (gpa, review, stadium_id, created_at, created_by, modified_at, modified_by) values (5, null, 22, '2023-05-22 17:07:24', 'Jour se lève, Le (Daybreak)', '2022-12-19 00:46:23', 'Stratosphere Girl');
insert into stadium_review (gpa, review, stadium_id, created_at, created_by, modified_at, modified_by) values (1, 'Nunc rhoncus dui vel sem. Sed sagittis.', 19, '2022-12-18 22:04:31', 'The Green', '2022-08-29 18:44:48', 'Visitor Q (Bizita Q)');
insert into stadium_review (gpa, review, stadium_id, created_at, created_by, modified_at, modified_by) values (2, 'Phasellus sit amet erat.', 49, '2022-12-04 03:35:30', 'Stand by Me', '2022-10-16 08:53:17', 'Fantastic Four');
insert into stadium_review (gpa, review, stadium_id, created_at, created_by, modified_at, modified_by) values (3, null, 22, '2022-12-22 14:25:22', 'Sekirei', '2023-04-02 13:17:37', 'Way of War, The');
insert into stadium_review (gpa, review, stadium_id, created_at, created_by, modified_at, modified_by) values (1, null, 6, '2023-06-12 19:59:37', 'Baby, the Rain Must Fall', '2022-11-15 01:51:27', 'The Big Shave');
insert into stadium_review (gpa, review, stadium_id, created_at, created_by, modified_at, modified_by) values (4, 'Proin eu mi.', 37, '2022-12-20 14:13:42', 'Heart of a Dog (Sobachye serdtse)', '2022-11-21 00:00:13', 'Volcano');
insert into stadium_review (gpa, review, stadium_id, created_at, created_by, modified_at, modified_by) values (5, 'Maecenas pulvinar lobortis est.', 5, '2022-07-28 08:23:18', 'Privates on Parade', '2023-05-10 05:31:54', 'Kummelin jackpot');
insert into stadium_review (gpa, review, stadium_id, created_at, created_by, modified_at, modified_by) values (3, 'Suspendisse potenti. Nullam porttitor lacus at turpis.', 17, '2022-10-26 08:22:21', 'Bug', '2023-06-09 21:23:26', 'Day Watch (Dnevnoy dozor)');
insert into stadium_review (gpa, review, stadium_id, created_at, created_by, modified_at, modified_by) values (5, 'Sed vel enim sit amet nunc viverra dapibus. Nulla suscipit ligula in lacus.', 31, '2022-12-31 21:08:18', 'Gantz: Perfect Answer', '2023-06-21 11:31:52', 'Jack Reacher');
insert into stadium_review (gpa, review, stadium_id, created_at, created_by, modified_at, modified_by) values (1, 'Morbi non lectus. Aliquam sit amet diam in magna bibendum imperdiet.', 5, '2022-10-04 12:35:33', 'Rosalie Goes Shopping', '2023-02-11 09:52:28', 'Simple Men');
insert into stadium_review (gpa, review, stadium_id, created_at, created_by, modified_at, modified_by) values (2, 'Duis bibendum, felis sed interdum venenatis, turpis enim blandit mi, in porttitor pede justo eu massa.', 22, '2022-09-12 12:59:45', 'Reader, The', '2022-10-16 22:45:46', 'Gigantic (A Tale of Two Johns)');
insert into stadium_review (gpa, review, stadium_id, created_at, created_by, modified_at, modified_by) values (4, 'Cras pellentesque volutpat dui.', 18, '2022-10-11 00:45:10', 'Salut cousin!', '2023-01-09 09:59:46', 'S21: The Khmer Rouge Death Machine (S-21, la machine de mort Khmère rouge)');
insert into stadium_review (gpa, review, stadium_id, created_at, created_by, modified_at, modified_by) values (5, 'In quis justo.', 29, '2022-09-13 18:58:10', '2019: After the Fall of New York', '2022-09-12 11:43:02', 'Joshua');
insert into stadium_review (gpa, review, stadium_id, created_at, created_by, modified_at, modified_by) values (5, 'Phasellus sit amet erat.', 33, '2023-07-04 09:51:47', 'Saturn 3', '2022-11-13 02:27:29', 'All for the Winner (Dou sing)');
insert into stadium_review (gpa, review, stadium_id, created_at, created_by, modified_at, modified_by) values (4, 'Cum sociis natoque penatibus et magnis dis parturient montes, nascetur ridiculus mus.', 3, '2022-08-21 01:00:16', 'Watchmen: Tales of the Black Freighter', '2022-09-18 23:03:05', 'Dust');
insert into stadium_review (gpa, review, stadium_id, created_at, created_by, modified_at, modified_by) values (5, 'Duis mattis egestas metus.', 43, '2022-10-13 13:05:29', 'Stolen', '2023-05-04 08:52:34', 'Flamingo Kid, The');
insert into stadium_review (gpa, review, stadium_id, created_at, created_by, modified_at, modified_by) values (5, null, 26, '2023-06-27 03:50:48', 'Lord of Illusions', '2023-04-12 03:16:53', 'Incendies');
insert into stadium_review (gpa, review, stadium_id, created_at, created_by, modified_at, modified_by) values (1, 'In hac habitasse platea dictumst. Maecenas ut massa quis augue luctus tincidunt.', 3, '2023-01-26 04:21:46', 'Three Men and a Cradle (3 hommes et un couffin)', '2023-05-08 10:38:34', 'Story of Adele H., The (Histoire d''Adèle H., L'')');
insert into stadium_review (gpa, review, stadium_id, created_at, created_by, modified_at, modified_by) values (3, 'Nullam porttitor lacus at turpis.', 17, '2023-06-15 06:49:16', 'Freebie and the Bean', '2023-07-04 13:22:32', 'Two Much');
insert into stadium_review (gpa, review, stadium_id, created_at, created_by, modified_at, modified_by) values (3, 'Sed accumsan felis.', 29, '2023-03-30 16:58:34', 'Goodbye Girl, The', '2022-09-04 18:05:08', 'Countess Dracula');
insert into stadium_review (gpa, review, stadium_id, created_at, created_by, modified_at, modified_by) values (4, 'Quisque erat eros, viverra eget, congue eget, semper rutrum, nulla. Nunc purus.', 4, '2022-10-15 09:55:49', 'Goddess (Devi)', '2023-03-26 15:58:17', 'Charlie Chan in Panama');
insert into stadium_review (gpa, review, stadium_id, created_at, created_by, modified_at, modified_by) values (2, 'Pellentesque eget nunc. Donec quis orci eget orci vehicula condimentum.', 15, '2022-07-18 09:49:47', 'Kill by Inches', '2023-06-14 23:16:07', 'Ju Dou');
insert into stadium_review (gpa, review, stadium_id, created_at, created_by, modified_at, modified_by) values (2, 'Aenean auctor gravida sem. Praesent id massa id nisl venenatis lacinia.', 6, '2022-12-14 06:47:46', 'Lightspeed', '2023-02-21 03:01:47', 'Camino');
insert into stadium_review (gpa, review, stadium_id, created_at, created_by, modified_at, modified_by) values (4, 'Donec ut mauris eget massa tempor convallis. Nulla neque libero, convallis eget, eleifend luctus, ultricies eu, nibh.', 6, '2022-08-18 02:29:40', 'Eight Men Out', '2023-05-02 20:36:18', 'Saphead, The');
insert into stadium_review (gpa, review, stadium_id, created_at, created_by, modified_at, modified_by) values (2, 'Integer pede justo, lacinia eget, tincidunt eget, tempus vel, pede.', 36, '2023-02-23 08:36:43', 'Bigger, Stronger, Faster*', '2023-04-10 10:38:06', 'Trans-Europ-Express');
insert into stadium_review (gpa, review, stadium_id, created_at, created_by, modified_at, modified_by) values (3, null, 16, '2023-05-25 00:49:17', 'Savage Three', '2023-04-19 19:32:07', 'Sybil');
insert into stadium_review (gpa, review, stadium_id, created_at, created_by, modified_at, modified_by) values (1, 'In blandit ultrices enim.', 1, '2022-11-15 06:28:23', 'Killing Us Softly 3', '2023-02-12 06:05:00', 'Air Doll (Kûki ningyô)');
insert into stadium_review (gpa, review, stadium_id, created_at, created_by, modified_at, modified_by) values (3, null, 19, '2022-09-04 15:03:39', 'Painted Veil, The', '2022-11-01 19:19:18', 'My Life in Orange (Sommer in Orange)');
insert into stadium_review (gpa, review, stadium_id, created_at, created_by, modified_at, modified_by) values (3, 'Duis bibendum, felis sed interdum venenatis, turpis enim blandit mi, in porttitor pede justo eu massa.', 27, '2023-05-22 18:35:45', 'Bambi', '2023-06-21 12:20:08', 'Calling, The');
insert into stadium_review (gpa, review, stadium_id, created_at, created_by, modified_at, modified_by) values (4, null, 10, '2022-10-23 14:22:52', 'What the Day Owes the Night', '2023-03-14 11:47:08', 'That Championship Season');
insert into stadium_review (gpa, review, stadium_id, created_at, created_by, modified_at, modified_by) values (1, null, 27, '2023-05-29 07:40:00', 'Wrong Is Right (a.k.a. The Man With the Deadly Lens)', '2023-05-21 01:35:11', 'Point of Order');
insert into stadium_review (gpa, review, stadium_id, created_at, created_by, modified_at, modified_by) values (2, null, 19, '2023-01-21 17:51:18', 'Tom Thumb', '2022-08-24 11:20:01', 'Super 8 Stories');
insert into stadium_review (gpa, review, stadium_id, created_at, created_by, modified_at, modified_by) values (4, null, 38, '2023-06-30 22:55:05', 'Happy New Year (La Bonne Année)', '2022-08-25 20:48:56', 'De Dana Dan');
insert into stadium_review (gpa, review, stadium_id, created_at, created_by, modified_at, modified_by) values (2, 'Donec dapibus. Duis at velit eu est congue elementum.', 15, '2022-10-03 22:45:37', 'In a Year with 13 Moons (In einem Jahr mit 13 Monden)', '2022-11-27 05:03:40', 'Leave');
insert into stadium_review (gpa, review, stadium_id, created_at, created_by, modified_at, modified_by) values (2, 'Aenean auctor gravida sem.', 35, '2023-02-10 16:07:17', 'Arrival II', '2023-02-19 16:51:53', 'Superman and the Mole-Men');
insert into stadium_review (gpa, review, stadium_id, created_at, created_by, modified_at, modified_by) values (5, null, 22, '2023-03-12 06:45:53', 'Faith Like Potatoes', '2022-10-22 19:17:40', 'Golden Child, The');
insert into stadium_review (gpa, review, stadium_id, created_at, created_by, modified_at, modified_by) values (4, null, 40, '2023-04-05 12:16:11', 'George Lopez: It''s Not Me, It''s You', '2022-12-26 14:42:00', 'Pulgasari');
insert into stadium_review (gpa, review, stadium_id, created_at, created_by, modified_at, modified_by) values (4, 'In tempor, turpis nec euismod scelerisque, quam turpis adipiscing lorem, vitae mattis nibh ligula nec sem.', 8, '2023-01-17 17:24:15', 'California Suite', '2023-05-13 15:44:30', 'Spring in a Small Town (Xiao cheng zhi chun)');
insert into stadium_review (gpa, review, stadium_id, created_at, created_by, modified_at, modified_by) values (5, null, 48, '2022-08-29 13:13:13', 'Ten Skies', '2023-02-27 18:57:12', 'Project Almanac');
insert into stadium_review (gpa, review, stadium_id, created_at, created_by, modified_at, modified_by) values (3, 'Vestibulum ac est lacinia nisi venenatis tristique.', 21, '2023-03-29 17:49:39', 'Rumble in the Air-Conditioned Auditorium: O''Reilly vs. Stewart 2012, The', '2023-07-01 13:26:37', 'Quills');
insert into stadium_review (gpa, review, stadium_id, created_at, created_by, modified_at, modified_by) values (3, 'Mauris enim leo, rhoncus sed, vestibulum sit amet, cursus id, turpis. Integer aliquet, massa id lobortis convallis, tortor risus dapibus augue, vel accumsan tellus nisi eu orci.', 25, '2023-02-20 14:09:16', 'See You in Hell, My Darling (Tha se do stin Kolasi, agapi mou)', '2023-02-04 04:41:19', 'Baby''s Day Out');
insert into stadium_review (gpa, review, stadium_id, created_at, created_by, modified_at, modified_by) values (4, 'Donec quis orci eget orci vehicula condimentum. Curabitur in libero ut massa volutpat convallis.', 40, '2022-12-09 07:28:10', 'Talcum Powder', '2022-08-08 04:10:37', 'Sisters, The');
insert into stadium_review (gpa, review, stadium_id, created_at, created_by, modified_at, modified_by) values (3, 'Vestibulum sed magna at nunc commodo placerat.', 8, '2023-05-22 09:37:44', 'Goods: Live Hard, Sell Hard, The', '2023-02-02 03:59:50', 'Circle of Friends');
insert into stadium_review (gpa, review, stadium_id, created_at, created_by, modified_at, modified_by) values (1, 'In hac habitasse platea dictumst.', 18, '2023-05-09 11:57:25', 'Serial', '2023-03-17 03:39:44', 'Roula');
insert into stadium_review (gpa, review, stadium_id, created_at, created_by, modified_at, modified_by) values (3, 'Vestibulum rutrum rutrum neque.', 36, '2022-10-23 12:06:03', 'Off Beat', '2023-05-24 05:20:49', 'Born Wild');
insert into stadium_review (gpa, review, stadium_id, created_at, created_by, modified_at, modified_by) values (4, null, 12, '2023-04-21 10:04:02', 'Three Faces East', '2022-09-11 15:34:22', '2019: After the Fall of New York');
insert into stadium_review (gpa, review, stadium_id, created_at, created_by, modified_at, modified_by) values (4, 'In blandit ultrices enim. Lorem ipsum dolor sit amet, consectetuer adipiscing elit.', 36, '2022-07-23 00:57:29', 'Chained Heat', '2023-03-28 10:08:33', 'Singapore Sling (Singapore sling: O anthropos pou agapise ena ptoma)');
insert into stadium_review (gpa, review, stadium_id, created_at, created_by, modified_at, modified_by) values (3, null, 34, '2022-10-20 12:27:02', 'Shadows and Fog', '2022-08-30 07:05:15', 'Garbage Prince');
insert into stadium_review (gpa, review, stadium_id, created_at, created_by, modified_at, modified_by) values (3, 'Aliquam quis turpis eget elit sodales scelerisque. Mauris sit amet eros.', 33, '2022-09-23 19:55:39', 'Crooks in Clover (a.k.a. Monsieur Gangster) (Les tontons flingueurs)', '2023-01-11 04:52:28', 'Juno');
insert into stadium_review (gpa, review, stadium_id, created_at, created_by, modified_at, modified_by) values (4, null, 49, '2023-03-02 11:58:32', 'Handsome Harry', '2022-10-10 03:19:29', 'Boricua''s Bond');
insert into stadium_review (gpa, review, stadium_id, created_at, created_by, modified_at, modified_by) values (3, 'Quisque id justo sit amet sapien dignissim vestibulum. Vestibulum ante ipsum primis in faucibus orci luctus et ultrices posuere cubilia Curae; Nulla dapibus dolor vel est.', 16, '2023-06-05 06:26:57', 'Captive Heart: The James Mink Story', '2023-03-26 23:21:51', 'Lured');
insert into stadium_review (gpa, review, stadium_id, created_at, created_by, modified_at, modified_by) values (3, null, 17, '2023-05-24 06:48:51', 'Pieta', '2022-08-04 02:51:47', 'Jackpot');
insert into stadium_review (gpa, review, stadium_id, created_at, created_by, modified_at, modified_by) values (4, null, 8, '2023-03-03 00:44:17', 'Summer Stock', '2022-08-14 09:42:42', 'Cadillac Records');
insert into stadium_review (gpa, review, stadium_id, created_at, created_by, modified_at, modified_by) values (1, 'Aliquam erat volutpat. In congue.', 26, '2023-03-22 14:44:13', 'Downstairs', '2022-09-19 15:11:39', 'Red Scorpion');
insert into stadium_review (gpa, review, stadium_id, created_at, created_by, modified_at, modified_by) values (2, 'Phasellus in felis. Donec semper sapien a libero.', 26, '2023-03-05 08:28:07', 'Appointment in Tokyo', '2022-11-20 21:17:04', 'What Men Talk About');
insert into stadium_review (gpa, review, stadium_id, created_at, created_by, modified_at, modified_by) values (4, null, 8, '2022-10-05 08:18:25', 'Beau Brummel', '2023-06-08 14:00:13', 'Haunted Mansion, The');
insert into stadium_review (gpa, review, stadium_id, created_at, created_by, modified_at, modified_by) values (4, null, 28, '2023-04-06 04:12:04', 'Intruder, The (L''intrus)', '2023-05-23 21:20:51', 'Swamp Thing');
insert into stadium_review (gpa, review, stadium_id, created_at, created_by, modified_at, modified_by) values (4, 'Curabitur gravida nisi at nibh.', 39, '2022-09-20 10:04:52', 'Story of Mankind, The', '2023-07-15 01:25:27', 'JFK');
insert into stadium_review (gpa, review, stadium_id, created_at, created_by, modified_at, modified_by) values (1, 'Aenean lectus. Pellentesque eget nunc.', 26, '2023-04-08 22:48:10', 'Bounce', '2023-03-28 00:56:26', 'Comrade Pedersen (Gymnaslærer Pedersen)');
insert into stadium_review (gpa, review, stadium_id, created_at, created_by, modified_at, modified_by) values (1, 'Suspendisse potenti.', 17, '2023-01-26 13:36:31', 'Sicilian Clan, The (Clan des Siciliens, Le)', '2023-05-12 10:09:49', 'Carandiru');
insert into stadium_review (gpa, review, stadium_id, created_at, created_by, modified_at, modified_by) values (4, null, 22, '2023-04-21 19:45:44', 'Honor Among Thieves (Adieu l''ami) (Farewell, Friend)', '2023-04-04 12:06:35', 'Antonio Gaudí');
insert into stadium_review (gpa, review, stadium_id, created_at, created_by, modified_at, modified_by) values (3, null, 20, '2023-07-17 09:13:23', 'City in the Sea', '2022-11-15 09:59:48', 'Craig Ferguson: I''m Here To Help');
insert into stadium_review (gpa, review, stadium_id, created_at, created_by, modified_at, modified_by) values (1, 'Integer a nibh. In quis justo.', 6, '2023-06-14 19:08:54', 'Three Musketeers, The', '2022-10-17 11:22:29', 'Tyler Perry''s Temptation: Confessions of a Marriage Counselor');
insert into stadium_review (gpa, review, stadium_id, created_at, created_by, modified_at, modified_by) values (1, 'In congue.', 22, '2023-06-01 20:54:03', 'Funny About Love', '2023-06-19 03:05:06', 'Anonymous');
insert into stadium_review (gpa, review, stadium_id, created_at, created_by, modified_at, modified_by) values (5, 'Cras in purus eu magna vulputate luctus. Cum sociis natoque penatibus et magnis dis parturient montes, nascetur ridiculus mus.', 36, '2022-09-06 22:50:31', 'Family Resemblances (Un air de famille)', '2022-08-16 00:06:48', 'I Start Counting');
insert into stadium_review (gpa, review, stadium_id, created_at, created_by, modified_at, modified_by) values (4, 'Curabitur gravida nisi at nibh.', 47, '2023-03-09 23:20:02', 'About Face: Supermodels Then and Now', '2022-08-31 09:22:49', 'Ninja Assassin');
insert into stadium_review (gpa, review, stadium_id, created_at, created_by, modified_at, modified_by) values (4, null, 17, '2022-08-15 19:23:02', 'Air Hawks', '2022-11-07 06:21:26', 'Get Rich or Die Tryin''');
insert into stadium_review (gpa, review, stadium_id, created_at, created_by, modified_at, modified_by) values (3, 'Nam congue, risus semper porta volutpat, quam pede lobortis ligula, sit amet eleifend pede libero quis orci.', 21, '2023-02-09 08:18:45', 'Dilemma, The', '2023-04-09 23:16:17', 'Chemical Brothers: Don''t Think, The');
insert into stadium_review (gpa, review, stadium_id, created_at, created_by, modified_at, modified_by) values (5, null, 17, '2023-03-20 15:19:26', 'Fly Away', '2023-05-07 14:19:02', 'Run Sister Run!');
insert into stadium_review (gpa, review, stadium_id, created_at, created_by, modified_at, modified_by) values (4, null, 16, '2022-09-22 10:37:14', 'If You Could See What I Hear', '2022-10-29 23:48:37', 'Jasminum');
insert into stadium_review (gpa, review, stadium_id, created_at, created_by, modified_at, modified_by) values (1, null, 26, '2023-04-08 02:27:02', 'Sommer der Gaukler, Der', '2023-07-16 03:10:21', 'Pokémon the Movie: Black - Victini and Reshiram');
insert into stadium_review (gpa, review, stadium_id, created_at, created_by, modified_at, modified_by) values (1, 'In hac habitasse platea dictumst.', 39, '2023-03-09 08:06:53', 'Barbarian Queen II: The Empress Strikes Back', '2022-10-21 17:10:11', 'Hereafter');
insert into stadium_review (gpa, review, stadium_id, created_at, created_by, modified_at, modified_by) values (1, null, 12, '2023-04-04 09:00:23', 'In the Bedroom', '2023-03-26 14:23:47', 'Kimberly');
insert into stadium_review (gpa, review, stadium_id, created_at, created_by, modified_at, modified_by) values (4, 'Vestibulum sed magna at nunc commodo placerat. Praesent blandit.', 44, '2022-09-28 21:59:33', 'Goodbye, Mr. Chips', '2023-02-03 09:20:49', 'Homicide');
insert into stadium_review (gpa, review, stadium_id, created_at, created_by, modified_at, modified_by) values (1, 'Mauris lacinia sapien quis libero. Nullam sit amet turpis elementum ligula vehicula consequat.', 20, '2022-10-22 15:01:33', 'Laughing Policeman, The', '2022-07-23 10:14:37', 'Sister Kenny');
insert into stadium_review (gpa, review, stadium_id, created_at, created_by, modified_at, modified_by) values (3, null, 16, '2022-08-22 21:14:51', 'Bernard and Doris', '2023-04-17 10:30:34', 'Haunting in Connecticut, The');
insert into stadium_review (gpa, review, stadium_id, created_at, created_by, modified_at, modified_by) values (4, null, 35, '2022-12-16 19:58:28', 'Katsastus', '2023-03-17 23:44:30', 'Merry Christmas Mr. Lawrence');
insert into stadium_review (gpa, review, stadium_id, created_at, created_by, modified_at, modified_by) values (4, 'Pellentesque ultrices mattis odio. Donec vitae nisi.', 17, '2023-02-28 19:07:10', 'DysFunktional Family', '2023-02-16 14:36:41', 'Someone''s Watching Me!');
insert into stadium_review (gpa, review, stadium_id, created_at, created_by, modified_at, modified_by) values (4, null, 3, '2022-10-13 19:07:29', 'Cutlet for Three (Ein Schnitzel für drei)', '2022-09-07 20:46:12', 'Squeeze');
insert into stadium_review (gpa, review, stadium_id, created_at, created_by, modified_at, modified_by) values (1, 'In quis justo.', 47, '2023-04-16 17:39:51', 'Earth Is a Sinful Song, The (Maa on syntinen laulu)', '2022-07-30 18:32:09', 'Short Film About Killing, A (Krótki film o zabijaniu)');
insert into stadium_review (gpa, review, stadium_id, created_at, created_by, modified_at, modified_by) values (5, 'Etiam faucibus cursus urna.', 8, '2023-05-18 02:40:33', 'Boys', '2023-05-30 04:16:18', 'Seduction of Joe Tynan, The');
insert into stadium_review (gpa, review, stadium_id, created_at, created_by, modified_at, modified_by) values (3, null, 46, '2023-03-08 08:18:32', 'BloodRayne: The Third Reich', '2022-12-28 14:22:56', 'For the Bible Tells Me So');
insert into stadium_review (gpa, review, stadium_id, created_at, created_by, modified_at, modified_by) values (3, null, 45, '2022-10-12 05:22:12', 'Nanayo (Nanayomachi)', '2022-09-15 08:55:50', 'Counselor, The');
insert into stadium_review (gpa, review, stadium_id, created_at, created_by, modified_at, modified_by) values (2, 'Vestibulum rutrum rutrum neque. Aenean auctor gravida sem.', 1, '2023-05-19 03:14:20', 'Devil''s Nightmare, The (Plus longue nuit du diable, La)', '2022-09-16 10:14:33', 'Love and Sex under Nazi Occupation (Amour et sexe sous l''occupation) ');
insert into stadium_review (gpa, review, stadium_id, created_at, created_by, modified_at, modified_by) values (3, null, 7, '2022-08-30 22:35:10', 'Captain Ron', '2023-05-31 04:10:10', 'In Bruges');
insert into stadium_review (gpa, review, stadium_id, created_at, created_by, modified_at, modified_by) values (5, null, 20, '2023-03-08 01:44:10', 'Black Box, The (La boîte noire)', '2022-07-24 02:07:53', 'Monster');
insert into stadium_review (gpa, review, stadium_id, created_at, created_by, modified_at, modified_by) values (2, null, 13, '2023-06-25 14:02:16', 'Revenge of the Green Dragons', '2022-09-29 12:24:16', 'Nine Miles Down');
insert into stadium_review (gpa, review, stadium_id, created_at, created_by, modified_at, modified_by) values (4, 'Cras mi pede, malesuada in, imperdiet et, commodo vulputate, justo.', 8, '2022-10-28 12:27:11', 'Three Wise Fools', '2023-07-01 01:30:20', 'Restless');
insert into stadium_review (gpa, review, stadium_id, created_at, created_by, modified_at, modified_by) values (5, null, 33, '2023-05-02 19:17:31', 'Helter Skelter', '2023-04-17 05:57:57', 'Il fiore dai petali d''acciaio');
insert into stadium_review (gpa, review, stadium_id, created_at, created_by, modified_at, modified_by) values (5, null, 29, '2022-09-24 19:25:01', 'Rich and Strange', '2023-02-24 02:34:19', 'Patti Smith: Dream of Life');
insert into stadium_review (gpa, review, stadium_id, created_at, created_by, modified_at, modified_by) values (2, 'Donec vitae nisi.', 42, '2022-12-13 10:34:20', 'Wanted! (Nachbarinnen)', '2022-12-28 12:15:44', 'Whatever Happened to Aunt Alice?');
insert into stadium_review (gpa, review, stadium_id, created_at, created_by, modified_at, modified_by) values (4, null, 40, '2022-10-16 11:53:08', 'No Way Out', '2022-08-05 19:10:13', 'Charms for the Easy Life');
insert into stadium_review (gpa, review, stadium_id, created_at, created_by, modified_at, modified_by) values (2, 'Cras non velit nec nisi vulputate nonummy.', 22, '2023-04-23 09:55:49', 'The White Sister', '2023-01-19 02:25:59', 'Island in the Sun');
insert into stadium_review (gpa, review, stadium_id, created_at, created_by, modified_at, modified_by) values (5, null, 34, '2023-03-30 00:36:27', 'New Waterford Girl', '2023-05-06 21:07:33', 'Dynamite');
insert into stadium_review (gpa, review, stadium_id, created_at, created_by, modified_at, modified_by) values (4, 'Vivamus vel nulla eget eros elementum pellentesque. Quisque porta volutpat erat.', 36, '2022-10-16 08:17:34', 'Thieves'' Highway', '2023-06-06 19:32:00', 'Bad Fucking');
insert into stadium_review (gpa, review, stadium_id, created_at, created_by, modified_at, modified_by) values (5, 'Suspendisse accumsan tortor quis turpis. Sed ante.', 39, '2023-07-11 21:30:45', 'Micmacs (Micmacs à tire-larigot)', '2022-11-09 11:31:44', 'Three Colors: Blue (Trois couleurs: Bleu)');
insert into stadium_review (gpa, review, stadium_id, created_at, created_by, modified_at, modified_by) values (5, null, 6, '2022-10-31 19:38:18', 'Christmas on Mars', '2022-08-11 04:44:58', 'Miami Connection');
insert into stadium_review (gpa, review, stadium_id, created_at, created_by, modified_at, modified_by) values (3, 'Integer aliquet, massa id lobortis convallis, tortor risus dapibus augue, vel accumsan tellus nisi eu orci. Mauris lacinia sapien quis libero.', 26, '2022-07-20 18:08:50', 'Mysterious Island', '2023-05-07 00:28:58', 'Europa (Zentropa)');
insert into stadium_review (gpa, review, stadium_id, created_at, created_by, modified_at, modified_by) values (1, 'Vestibulum ante ipsum primis in faucibus orci luctus et ultrices posuere cubilia Curae; Duis faucibus accumsan odio. Curabitur convallis.', 23, '2023-04-10 20:28:19', 'Mega Shark vs. Crocosaurus', '2023-05-27 01:40:27', 'Face in the Crowd, A');
insert into stadium_review (gpa, review, stadium_id, created_at, created_by, modified_at, modified_by) values (4, 'Duis bibendum, felis sed interdum venenatis, turpis enim blandit mi, in porttitor pede justo eu massa.', 8, '2022-11-15 00:06:39', 'Millennium Actress (Sennen joyû)', '2023-01-11 22:20:33', 'October Country');
insert into stadium_review (gpa, review, stadium_id, created_at, created_by, modified_at, modified_by) values (4, null, 12, '2023-03-16 14:59:37', 'Nobody Knows (Dare mo shiranai)', '2023-02-14 10:54:26', 'Frank McKlusky, C.I.');
insert into stadium_review (gpa, review, stadium_id, created_at, created_by, modified_at, modified_by) values (3, null, 1, '2022-12-13 17:23:57', 'Daylight', '2023-04-13 12:39:29', 'Slave of Love, A (Raba lyubvi)');
insert into stadium_review (gpa, review, stadium_id, created_at, created_by, modified_at, modified_by) values (1, null, 19, '2022-12-19 12:47:40', 'Flashdance', '2022-10-12 12:18:17', 'Uncle Nino');
insert into stadium_review (gpa, review, stadium_id, created_at, created_by, modified_at, modified_by) values (2, null, 1, '2023-04-18 07:22:36', 'Off the Charts: The Song-Poem Story', '2022-11-17 23:11:46', 'Meet Me at the Fair');
insert into stadium_review (gpa, review, stadium_id, created_at, created_by, modified_at, modified_by) values (3, 'Vivamus metus arcu, adipiscing molestie, hendrerit at, vulputate vitae, nisl.', 49, '2022-10-05 16:48:34', 'Valley of the Dragons', '2022-12-29 13:19:56', 'Female Convict Scorpion: Jailhouse 41 (Joshuu sasori: Dai-41 zakkyo-bô)');
insert into stadium_review (gpa, review, stadium_id, created_at, created_by, modified_at, modified_by) values (1, 'Proin risus.', 17, '2023-05-25 06:53:16', 'Armageddon', '2022-12-04 07:23:42', 'Takedown: The DNA of GSP');
insert into stadium_review (gpa, review, stadium_id, created_at, created_by, modified_at, modified_by) values (1, 'Vestibulum ante ipsum primis in faucibus orci luctus et ultrices posuere cubilia Curae; Mauris viverra diam vitae quam. Suspendisse potenti.', 47, '2023-07-10 04:14:18', 'Nibelungen: Kriemhild''s Revenge, Die (Die Nibelungen: Kriemhilds Rache)', '2023-04-06 14:37:21', 'Star Wars: Episode I - The Phantom Menace');
insert into stadium_review (gpa, review, stadium_id, created_at, created_by, modified_at, modified_by) values (4, null, 21, '2023-03-09 04:18:56', 'Hope Springs', '2023-03-31 23:12:24', 'Friend Among Strangers, Stranger Among Friends (Svoy sredi chuzhikh, chuzhoy sredi svoikh)');
insert into stadium_review (gpa, review, stadium_id, created_at, created_by, modified_at, modified_by) values (4, 'Pellentesque at nulla. Suspendisse potenti.', 1, '2023-03-21 10:28:13', 'Forklift Driver Klaus: The First Day on the Job', '2022-10-13 11:31:46', 'Fear City');
insert into stadium_review (gpa, review, stadium_id, created_at, created_by, modified_at, modified_by) values (5, 'Maecenas pulvinar lobortis est.', 14, '2023-02-17 15:12:35', 'Cold Prey III (Fritt Vilt III)', '2023-05-28 04:41:11', 'Surviving Christmas');
insert into stadium_review (gpa, review, stadium_id, created_at, created_by, modified_at, modified_by) values (4, null, 5, '2023-05-23 20:49:40', 'Titicut Follies', '2023-03-23 19:03:22', 'White Noise 2: The Light');
insert into stadium_review (gpa, review, stadium_id, created_at, created_by, modified_at, modified_by) values (5, null, 1, '2022-12-11 19:23:32', 'Mike Tyson:  Undisputed Truth', '2022-12-07 11:00:35', 'Carried Away');
insert into stadium_review (gpa, review, stadium_id, created_at, created_by, modified_at, modified_by) values (1, null, 46, '2023-02-05 21:37:52', 'Man Who Saw Tomorrow, The', '2022-12-08 14:31:19', 'Accidents Happen');
insert into stadium_review (gpa, review, stadium_id, created_at, created_by, modified_at, modified_by) values (4, 'Proin risus. Praesent lectus.', 28, '2022-12-17 01:05:51', 'In the Navy', '2023-06-04 04:37:39', 'Twelve O''Clock High');
insert into stadium_review (gpa, review, stadium_id, created_at, created_by, modified_at, modified_by) values (4, 'Donec ut dolor.', 22, '2023-03-13 05:35:58', 'Mitchell', '2023-02-26 05:16:16', 'Flu Bird');
insert into stadium_review (gpa, review, stadium_id, created_at, created_by, modified_at, modified_by) values (5, 'Nam nulla.', 40, '2022-12-10 04:43:50', '3 dev adam (Three Giant Men) ', '2022-10-17 20:26:20', 'Inbetweeners 2, The');
insert into stadium_review (gpa, review, stadium_id, created_at, created_by, modified_at, modified_by) values (3, null, 33, '2023-01-15 12:38:36', 'Duplicity', '2023-02-08 20:43:30', 'Mike Bassett: England Manager');
insert into stadium_review (gpa, review, stadium_id, created_at, created_by, modified_at, modified_by) values (3, 'Curabitur in libero ut massa volutpat convallis.', 33, '2022-08-29 11:40:46', 'Snow Falling on Cedars', '2022-08-11 23:52:46', 'My Life in Orange (Sommer in Orange)');
insert into stadium_review (gpa, review, stadium_id, created_at, created_by, modified_at, modified_by) values (5, 'Vivamus vestibulum sagittis sapien. Cum sociis natoque penatibus et magnis dis parturient montes, nascetur ridiculus mus.', 36, '2022-10-31 09:12:33', 'Wallace & Gromit: The Wrong Trousers', '2023-01-30 12:09:56', 'Mike Tyson:  Undisputed Truth');
insert into stadium_review (gpa, review, stadium_id, created_at, created_by, modified_at, modified_by) values (5, null, 15, '2023-06-20 21:11:47', 'Golden Coach, The (Le carrosse d''or)', '2023-04-03 22:25:23', 'Love & Savagery');
insert into stadium_review (gpa, review, stadium_id, created_at, created_by, modified_at, modified_by) values (1, 'Suspendisse potenti.', 26, '2023-03-17 03:45:16', 'Bereavement', '2022-11-20 02:03:15', 'Fearless Hyena, The (Xiao quan guai zhao)');
insert into stadium_review (gpa, review, stadium_id, created_at, created_by, modified_at, modified_by) values (4, 'Integer a nibh.', 15, '2023-04-18 16:09:34', 'Illegal Tender', '2022-12-05 08:49:26', 'Three Musketeers, The');
insert into stadium_review (gpa, review, stadium_id, created_at, created_by, modified_at, modified_by) values (3, null, 38, '2022-08-14 17:31:45', 'Morning Glory', '2022-11-02 14:32:03', 'What? (Che?)');
insert into stadium_review (gpa, review, stadium_id, created_at, created_by, modified_at, modified_by) values (5, 'Vivamus vestibulum sagittis sapien.', 18, '2022-08-17 21:08:58', 'Bullfighters, The', '2022-07-28 15:28:04', 'Ethan Mao');
insert into stadium_review (gpa, review, stadium_id, created_at, created_by, modified_at, modified_by) values (5, null, 28, '2023-01-26 21:03:31', 'Ivanhoe', '2023-03-01 04:29:33', 'Super 8 Stories');
insert into stadium_review (gpa, review, stadium_id, created_at, created_by, modified_at, modified_by) values (1, null, 26, '2022-10-11 10:33:38', 'Night and the City', '2022-12-13 16:43:53', 'Raincoat');
insert into stadium_review (gpa, review, stadium_id, created_at, created_by, modified_at, modified_by) values (5, null, 13, '2023-06-25 23:01:54', 'Illusionist, The', '2022-12-20 15:03:06', 'Miracle on 34th Street');
insert into stadium_review (gpa, review, stadium_id, created_at, created_by, modified_at, modified_by) values (3, 'Maecenas ut massa quis augue luctus tincidunt. Nulla mollis molestie lorem.', 1, '2022-09-21 04:48:34', 'Blue Steel', '2022-08-18 11:32:54', 'Girls on Top 2');
insert into stadium_review (gpa, review, stadium_id, created_at, created_by, modified_at, modified_by) values (3, null, 14, '2022-10-21 10:57:00', 'Resident Evil: Retribution', '2022-12-21 00:11:45', 'Perfect Game, The');
insert into stadium_review (gpa, review, stadium_id, created_at, created_by, modified_at, modified_by) values (5, 'Curabitur in libero ut massa volutpat convallis.', 28, '2022-07-25 01:50:36', 'What Is It?', '2023-01-14 02:55:57', 'Butterfly Girl');
insert into stadium_review (gpa, review, stadium_id, created_at, created_by, modified_at, modified_by) values (1, null, 14, '2022-12-30 20:08:50', 'Camino', '2022-09-12 20:06:36', 'The Boy');
insert into stadium_review (gpa, review, stadium_id, created_at, created_by, modified_at, modified_by) values (2, 'Nam dui.', 41, '2022-09-08 15:31:28', 'Cameraman: The Life and Work of Jack Cardiff', '2022-11-14 16:36:04', '3 Simoa');
insert into stadium_review (gpa, review, stadium_id, created_at, created_by, modified_at, modified_by) values (1, 'Nulla facilisi.', 8, '2022-11-18 11:34:22', 'Mighty Ducks, The', '2022-07-20 05:47:20', 'Divorcing Jack');
insert into stadium_review (gpa, review, stadium_id, created_at, created_by, modified_at, modified_by) values (4, null, 17, '2022-11-24 03:34:12', 'Heart Is Deceitful Above All Things, The', '2023-07-07 05:28:03', 'Lost Youth');
insert into stadium_review (gpa, review, stadium_id, created_at, created_by, modified_at, modified_by) values (1, 'Vestibulum ante ipsum primis in faucibus orci luctus et ultrices posuere cubilia Curae; Duis faucibus accumsan odio. Curabitur convallis.', 26, '2023-06-05 23:57:24', 'Music Man, The', '2023-01-15 23:56:42', 'Wild Horses (Caballos salvajes)');
insert into stadium_review (gpa, review, stadium_id, created_at, created_by, modified_at, modified_by) values (1, 'Mauris ullamcorper purus sit amet nulla.', 22, '2022-10-24 11:03:43', 'Walk in the Sun, A', '2023-03-29 08:30:02', 'Gemini (Sôseiji)');
insert into stadium_review (gpa, review, stadium_id, created_at, created_by, modified_at, modified_by) values (2, 'Nulla ut erat id mauris vulputate elementum.', 2, '2022-09-01 15:19:30', 'Castaway on the Moon (Kimssi pyoryugi)', '2022-09-17 14:17:39', 'Alone in the Dark II');
insert into stadium_review (gpa, review, stadium_id, created_at, created_by, modified_at, modified_by) values (3, 'Quisque erat eros, viverra eget, congue eget, semper rutrum, nulla.', 3, '2022-09-18 01:59:13', 'Four Shades of Brown (Fyra nyanser av brunt)', '2022-10-19 20:20:21', 'Wishmaster 3: Beyond the Gates of Hell');
insert into stadium_review (gpa, review, stadium_id, created_at, created_by, modified_at, modified_by) values (4, 'Nulla tempus.', 42, '2022-07-29 13:53:38', 'Act of Aggression', '2023-05-27 07:01:58', 'Auto Focus');
insert into stadium_review (gpa, review, stadium_id, created_at, created_by, modified_at, modified_by) values (3, null, 14, '2023-05-23 23:37:41', 'Police Academy 2: Their First Assignment', '2023-05-01 09:03:23', 'Girl Most Likely');
insert into stadium_review (gpa, review, stadium_id, created_at, created_by, modified_at, modified_by) values (1, null, 8, '2022-12-24 04:07:53', 'Triumph of the Nerds, The: The Rise of Accidental Empires', '2023-02-28 23:09:53', 'Life 2.0');
insert into stadium_review (gpa, review, stadium_id, created_at, created_by, modified_at, modified_by) values (3, null, 49, '2022-10-03 13:16:51', 'Shock Doctrine, The', '2023-04-30 15:31:18', 'Kiss Me Again');
insert into stadium_review (gpa, review, stadium_id, created_at, created_by, modified_at, modified_by) values (1, null, 45, '2022-07-18 11:23:08', 'Ghost in the Shell 2: Innocence (a.k.a. Innocence) (Inosensu)', '2022-08-13 13:08:01', 'Rosewood Lane');
insert into stadium_review (gpa, review, stadium_id, created_at, created_by, modified_at, modified_by) values (2, 'Morbi a ipsum. Integer a nibh.', 48, '2022-08-18 08:56:55', 'Portraits Chinois', '2023-06-20 17:51:41', 'Funeral Parade of Roses (Bara no sôretsu)');
insert into stadium_review (gpa, review, stadium_id, created_at, created_by, modified_at, modified_by) values (1, null, 48, '2023-03-31 04:55:11', 'For Richer or Poorer', '2022-07-23 16:23:28', 'Out of Reach');
insert into stadium_review (gpa, review, stadium_id, created_at, created_by, modified_at, modified_by) values (5, 'Etiam faucibus cursus urna. Ut tellus.', 22, '2023-04-06 08:43:34', 'Agony and the Ecstasy, The', '2023-03-11 09:48:34', 'Linguini Incident, The');
insert into stadium_review (gpa, review, stadium_id, created_at, created_by, modified_at, modified_by) values (4, null, 19, '2022-12-07 15:01:20', 'Blood Wedding (Bodas de sangre)', '2022-11-29 01:47:43', 'DarkBlueAlmostBlack (Azuloscurocasinegro)');
insert into stadium_review (gpa, review, stadium_id, created_at, created_by, modified_at, modified_by) values (3, 'Integer aliquet, massa id lobortis convallis, tortor risus dapibus augue, vel accumsan tellus nisi eu orci. Mauris lacinia sapien quis libero.', 12, '2023-04-16 02:32:23', 'Bean', '2023-05-12 03:02:45', 'Return of Frank Cannon, The');
insert into stadium_review (gpa, review, stadium_id, created_at, created_by, modified_at, modified_by) values (1, 'Quisque porta volutpat erat. Quisque erat eros, viverra eget, congue eget, semper rutrum, nulla.', 21, '2023-07-09 07:59:12', 'Offside', '2023-05-24 21:23:11', 'Ice Castles');
insert into stadium_review (gpa, review, stadium_id, created_at, created_by, modified_at, modified_by) values (2, null, 14, '2022-09-07 14:24:30', 'When the Wind Blows', '2022-07-21 15:47:51', 'Donkey Punch');
insert into stadium_review (gpa, review, stadium_id, created_at, created_by, modified_at, modified_by) values (2, 'Nullam varius. Nulla facilisi.', 35, '2023-06-22 08:46:13', 'Fool''s Gold', '2023-06-15 11:48:43', 'Between Heaven and Hell');
insert into stadium_review (gpa, review, stadium_id, created_at, created_by, modified_at, modified_by) values (3, null, 32, '2022-09-17 05:29:51', 'Happy Endings', '2022-11-01 13:46:35', 'Dennis the Menace');
insert into stadium_review (gpa, review, stadium_id, created_at, created_by, modified_at, modified_by) values (4, 'Morbi a ipsum. Integer a nibh.', 1, '2023-07-13 01:56:19', 'Chinese Take-Out (Chinese Take-Away) (Un cuento chino)', '2022-11-04 02:19:39', 'Glimpse Inside the Mind of Charles Swan III, A');
insert into stadium_review (gpa, review, stadium_id, created_at, created_by, modified_at, modified_by) values (2, null, 34, '2023-04-03 00:59:02', 'Perfect Blue', '2023-01-05 20:35:17', 'Stormbreaker (Alex Rider: Operation Stormbreaker)');
insert into stadium_review (gpa, review, stadium_id, created_at, created_by, modified_at, modified_by) values (1, 'Integer a nibh. In quis justo.', 42, '2023-03-30 08:19:23', 'Pop Redemption', '2023-01-03 10:53:44', 'Monsieur Ibrahim (Monsieur Ibrahim et les fleurs du Coran)');
insert into stadium_review (gpa, review, stadium_id, created_at, created_by, modified_at, modified_by) values (5, 'Nam dui.', 44, '2022-12-06 18:40:00', 'Lesson Plan ', '2022-08-20 01:36:18', 'Lion''s Den (Leonera)');
insert into stadium_review (gpa, review, stadium_id, created_at, created_by, modified_at, modified_by) values (2, 'In sagittis dui vel nisl.', 45, '2023-02-12 21:04:18', 'G.I. Joe: The Revenge of Cobra', '2023-07-16 12:01:17', 'Swing Time');
insert into stadium_review (gpa, review, stadium_id, created_at, created_by, modified_at, modified_by) values (1, 'Nullam sit amet turpis elementum ligula vehicula consequat. Morbi a ipsum.', 33, '2022-07-18 01:49:43', 'Snake of June, A (Rokugatsu no hebi)', '2022-10-06 20:27:10', 'Bordertown');
insert into stadium_review (gpa, review, stadium_id, created_at, created_by, modified_at, modified_by) values (2, 'Nunc purus.', 32, '2023-06-24 14:19:20', '41-Year-Old Virgin Who Knocked Up Sarah Marshall and Felt Superbad About It, The', '2022-12-18 14:57:31', 'Laws of Attraction');
insert into stadium_review (gpa, review, stadium_id, created_at, created_by, modified_at, modified_by) values (1, null, 17, '2022-12-20 16:02:23', 'Trip to Bountiful, The', '2023-07-02 14:57:07', 'Awakenings');
insert into stadium_review (gpa, review, stadium_id, created_at, created_by, modified_at, modified_by) values (1, null, 28, '2023-04-29 10:29:47', 'Putney Swope', '2023-04-03 20:49:29', 'Monkey''s Teeth (Dents du singe, Les)');
insert into stadium_review (gpa, review, stadium_id, created_at, created_by, modified_at, modified_by) values (4, 'Morbi non quam nec dui luctus rutrum. Nulla tellus.', 30, '2023-05-09 02:53:20', 'Nick Fury: Agent of S.H.I.E.L.D.', '2023-07-01 01:55:26', 'Rulers of the City');
insert into stadium_review (gpa, review, stadium_id, created_at, created_by, modified_at, modified_by) values (3, 'Donec ut dolor.', 9, '2023-05-26 23:59:08', 'Proof', '2022-08-20 03:23:20', 'Whatever');
insert into stadium_review (gpa, review, stadium_id, created_at, created_by, modified_at, modified_by) values (5, 'Integer pede justo, lacinia eget, tincidunt eget, tempus vel, pede.', 35, '2022-08-14 14:30:53', 'Design for Living', '2022-09-21 06:52:29', 'Austenland');
insert into stadium_review (gpa, review, stadium_id, created_at, created_by, modified_at, modified_by) values (1, 'Nullam molestie nibh in lectus.', 4, '2023-04-01 07:58:02', 'Margaret Thatcher: The Long Walk to Finchley', '2022-08-02 16:54:07', 'Season of the Witch (Hungry Wives) (Jack''s Wife)');
insert into stadium_review (gpa, review, stadium_id, created_at, created_by, modified_at, modified_by) values (5, 'Quisque id justo sit amet sapien dignissim vestibulum.', 48, '2023-01-05 19:14:05', 'Beyond Hypothermia (Sip si 32 doe)', '2023-03-22 19:29:11', 'Falling Up');
insert into stadium_review (gpa, review, stadium_id, created_at, created_by, modified_at, modified_by) values (1, null, 4, '2022-08-10 12:11:27', 'Scar, The (Blizna)', '2022-08-19 04:00:31', 'Station, The (Blutgletscher)');
insert into stadium_review (gpa, review, stadium_id, created_at, created_by, modified_at, modified_by) values (2, null, 28, '2023-01-29 05:55:15', 'Dungeon Masters, The', '2022-08-10 02:00:26', 'Food of the Gods, The');
insert into stadium_review (gpa, review, stadium_id, created_at, created_by, modified_at, modified_by) values (5, null, 39, '2023-06-08 16:19:51', 'Samurai III: Duel on Ganryu Island (a.k.a. Bushido) (Miyamoto Musashi kanketsuhen: kettô Ganryûjima)', '2023-05-31 01:32:00', 'Mirror Mirror');
insert into stadium_review (gpa, review, stadium_id, created_at, created_by, modified_at, modified_by) values (5, null, 46, '2023-02-01 05:24:23', 'Miracle', '2022-11-25 03:46:17', 'Browning Version, The');
insert into stadium_review (gpa, review, stadium_id, created_at, created_by, modified_at, modified_by) values (5, null, 35, '2023-05-30 23:31:35', 'Dead Men Tell', '2022-10-08 14:00:38', 'Fritz the Cat');
insert into stadium_review (gpa, review, stadium_id, created_at, created_by, modified_at, modified_by) values (1, 'In est risus, auctor sed, tristique in, tempus sit amet, sem. Fusce consequat.', 5, '2023-05-14 13:21:36', 'Prize of Peril, The (Prix du danger, Le)', '2022-08-11 19:23:31', 'Hotline');
insert into stadium_review (gpa, review, stadium_id, created_at, created_by, modified_at, modified_by) values (1, 'Etiam vel augue. Vestibulum rutrum rutrum neque.', 2, '2023-05-29 06:56:50', 'Ramona and Beezus', '2022-11-22 01:12:21', 'Outsider');
insert into stadium_review (gpa, review, stadium_id, created_at, created_by, modified_at, modified_by) values (4, 'Duis at velit eu est congue elementum. In hac habitasse platea dictumst.', 48, '2023-01-23 13:08:13', 'Step Up 3D', '2023-04-28 16:39:49', 'Mean Guns');
insert into stadium_review (gpa, review, stadium_id, created_at, created_by, modified_at, modified_by) values (5, 'Lorem ipsum dolor sit amet, consectetuer adipiscing elit.', 21, '2023-02-09 21:54:04', 'Inquire Within', '2022-11-07 19:35:42', 'House of Angels (Änglagård)');
insert into stadium_review (gpa, review, stadium_id, created_at, created_by, modified_at, modified_by) values (5, null, 13, '2022-11-24 15:10:29', 'Nirvana', '2022-09-05 13:07:26', 'Story of Xinghua, The (Xinghua san yue tian)');
insert into stadium_review (gpa, review, stadium_id, created_at, created_by, modified_at, modified_by) values (2, 'Morbi quis tortor id nulla ultrices aliquet.', 22, '2022-12-30 08:15:45', 'Bulletproof Monk', '2023-01-18 18:59:11', 'Beethoven''s 5th');
insert into stadium_review (gpa, review, stadium_id, created_at, created_by, modified_at, modified_by) values (3, 'Lorem ipsum dolor sit amet, consectetuer adipiscing elit. Proin interdum mauris non ligula pellentesque ultrices.', 26, '2023-01-26 04:34:39', 'Urban Ghost Story', '2023-07-09 18:00:04', 'Super Fly (Superfly)');
insert into stadium_review (gpa, review, stadium_id, created_at, created_by, modified_at, modified_by) values (3, 'Duis ac nibh.', 21, '2023-05-18 01:01:03', 'Beautiful Girl', '2023-05-07 15:05:27', 'Kids Are All Right, The');
insert into stadium_review (gpa, review, stadium_id, created_at, created_by, modified_at, modified_by) values (4, 'Aenean fermentum. Donec ut mauris eget massa tempor convallis.', 23, '2023-05-07 10:37:51', 'In the Mirror of Maya Deren (Im Spiegel der Maya Deren)', '2023-01-05 15:46:04', 'Where Angels Go, Trouble Follows');
insert into stadium_review (gpa, review, stadium_id, created_at, created_by, modified_at, modified_by) values (1, null, 1, '2023-06-22 09:05:55', 'Robin Hood', '2023-05-23 03:58:02', 'One Percent, The');
insert into stadium_review (gpa, review, stadium_id, created_at, created_by, modified_at, modified_by) values (5, 'Vestibulum ante ipsum primis in faucibus orci luctus et ultrices posuere cubilia Curae; Nulla dapibus dolor vel est. Donec odio justo, sollicitudin ut, suscipit a, feugiat et, eros.', 40, '2023-04-23 22:57:56', 'Wonder Man', '2023-04-15 19:29:36', 'Grand Prix');
insert into stadium_review (gpa, review, stadium_id, created_at, created_by, modified_at, modified_by) values (2, 'In est risus, auctor sed, tristique in, tempus sit amet, sem. Fusce consequat.', 22, '2022-11-25 15:07:33', 'The Frame', '2023-06-12 03:23:50', 'Evil Dead');
insert into stadium_review (gpa, review, stadium_id, created_at, created_by, modified_at, modified_by) values (2, null, 21, '2023-01-22 21:54:08', 'More Than a Game', '2023-03-25 20:26:22', 'Itinerary of a Spoiled Child');
insert into stadium_review (gpa, review, stadium_id, created_at, created_by, modified_at, modified_by) values (5, null, 43, '2023-05-17 20:57:17', 'The Swedish Moment', '2022-09-26 22:51:27', 'Eagle vs Shark');
insert into stadium_review (gpa, review, stadium_id, created_at, created_by, modified_at, modified_by) values (2, 'Sed ante.', 36, '2023-02-23 04:32:38', 'Doll Squad, The', '2023-01-27 22:13:11', 'Rustlers'' Rhapsody');
insert into stadium_review (gpa, review, stadium_id, created_at, created_by, modified_at, modified_by) values (3, 'Nulla tellus. In sagittis dui vel nisl.', 4, '2022-11-28 19:53:33', 'Arabian Nights', '2022-10-23 01:35:29', 'Lupin III: The Castle Of Cagliostro (Rupan sansei: Kariosutoro no shiro)');
insert into stadium_review (gpa, review, stadium_id, created_at, created_by, modified_at, modified_by) values (5, null, 2, '2023-02-20 15:14:40', 'Incendies', '2022-12-21 10:41:02', 'Don''t Stop Believin'': Everyman''s Journey');
insert into stadium_review (gpa, review, stadium_id, created_at, created_by, modified_at, modified_by) values (2, null, 9, '2022-08-02 06:15:27', 'Corto Maltese: Under the Sign of Capricorn (Sous le signe du capricorne)', '2022-10-19 00:17:35', 'Passion');
insert into stadium_review (gpa, review, stadium_id, created_at, created_by, modified_at, modified_by) values (4, 'Vestibulum ante ipsum primis in faucibus orci luctus et ultrices posuere cubilia Curae; Duis faucibus accumsan odio.', 24, '2022-07-25 21:56:17', 'Andalusian Dog, An (Chien andalou, Un)', '2022-11-20 11:46:58', 'Did You Hear About the Morgans?');
insert into stadium_review (gpa, review, stadium_id, created_at, created_by, modified_at, modified_by) values (2, 'Nam dui.', 35, '2022-12-22 02:39:32', 'Boogie-Doodle', '2022-12-20 15:15:56', 'Phone Call from a Stranger');
insert into stadium_review (gpa, review, stadium_id, created_at, created_by, modified_at, modified_by) values (2, 'Nulla nisl.', 37, '2023-07-11 23:27:48', 'Dragon Missile, The (Fei long zhan)', '2022-11-09 13:14:11', 'As You Like It');
insert into stadium_review (gpa, review, stadium_id, created_at, created_by, modified_at, modified_by) values (2, null, 34, '2022-11-08 05:16:54', 'Hamlet', '2023-05-10 13:12:59', 'First a Girl');
insert into stadium_review (gpa, review, stadium_id, created_at, created_by, modified_at, modified_by) values (4, 'Vestibulum sed magna at nunc commodo placerat.', 40, '2022-10-20 02:57:43', '13th Warrior, The', '2023-04-01 17:58:04', 'Hobson''s Choice');
insert into stadium_review (gpa, review, stadium_id, created_at, created_by, modified_at, modified_by) values (2, null, 16, '2023-07-13 14:45:06', 'Chopper Chicks in Zombietown', '2023-01-21 23:14:55', 'Ip Man');
insert into stadium_review (gpa, review, stadium_id, created_at, created_by, modified_at, modified_by) values (1, null, 8, '2023-03-07 22:12:05', 'MC5: Kick Out the Jams', '2022-12-04 23:14:08', 'Goliyon Ki Raasleela Ram-Leela');
insert into stadium_review (gpa, review, stadium_id, created_at, created_by, modified_at, modified_by) values (4, null, 30, '2022-07-25 16:34:20', 'Into the White (Cross of Honour)', '2022-11-27 00:18:29', 'Keep Your Right Up');
insert into stadium_review (gpa, review, stadium_id, created_at, created_by, modified_at, modified_by) values (1, null, 2, '2023-07-17 00:28:24', '30 Days of Night', '2022-11-05 11:09:28', 'Break-Up, The');
insert into stadium_review (gpa, review, stadium_id, created_at, created_by, modified_at, modified_by) values (5, 'Vivamus vestibulum sagittis sapien. Cum sociis natoque penatibus et magnis dis parturient montes, nascetur ridiculus mus.', 11, '2023-03-18 17:03:56', 'Poison', '2023-05-13 23:40:49', 'The Raid 2: Berandal');
insert into stadium_review (gpa, review, stadium_id, created_at, created_by, modified_at, modified_by) values (5, null, 34, '2023-03-15 22:38:04', 'Gambit', '2022-12-31 14:02:03', 'Billy Bathgate');
insert into stadium_review (gpa, review, stadium_id, created_at, created_by, modified_at, modified_by) values (5, null, 5, '2022-09-04 02:45:25', 'Dyatlov Pass Incident, The (Devil''s Pass)', '2022-11-18 21:07:45', '10 Mountains 10 Years');
insert into stadium_review (gpa, review, stadium_id, created_at, created_by, modified_at, modified_by) values (3, null, 37, '2022-11-04 12:12:00', 'Bullet Ballet', '2023-04-30 19:53:01', 'Desert of the Tartars, The (Deserto dei Tartari, Il)');
insert into stadium_review (gpa, review, stadium_id, created_at, created_by, modified_at, modified_by) values (1, 'Cras mi pede, malesuada in, imperdiet et, commodo vulputate, justo. In blandit ultrices enim.', 6, '2022-12-11 04:06:31', 'Animatrix, The', '2023-05-05 18:49:42', 'Triplets of Belleville, The (Les triplettes de Belleville)');
insert into stadium_review (gpa, review, stadium_id, created_at, created_by, modified_at, modified_by) values (5, 'Maecenas tincidunt lacus at velit. Vivamus vel nulla eget eros elementum pellentesque.', 25, '2023-05-13 02:37:48', 'Rebirth of Mothra II', '2023-04-20 11:33:37', 'Trip to the Moon, A (Voyage dans la lune, Le)');
insert into stadium_review (gpa, review, stadium_id, created_at, created_by, modified_at, modified_by) values (1, 'Fusce congue, diam id ornare imperdiet, sapien urna pretium nisl, ut volutpat sapien arcu sed augue. Aliquam erat volutpat.', 9, '2023-01-22 08:19:18', 'Sebastian', '2023-04-20 05:54:38', 'Projectionist, The');
insert into stadium_review (gpa, review, stadium_id, created_at, created_by, modified_at, modified_by) values (1, null, 7, '2023-01-08 22:28:02', 'Big Bad Love', '2023-06-01 17:03:14', 'Tears of April (Käsky)');
insert into stadium_review (gpa, review, stadium_id, created_at, created_by, modified_at, modified_by) values (3, 'Suspendisse ornare consequat lectus. In est risus, auctor sed, tristique in, tempus sit amet, sem.', 22, '2023-01-26 19:02:50', 'Faces of Schlock', '2023-04-13 14:57:28', 'Elvis on Tour');
insert into stadium_review (gpa, review, stadium_id, created_at, created_by, modified_at, modified_by) values (5, null, 15, '2023-01-31 21:27:46', 'Satan''s Tango (Sátántangó)', '2023-04-10 06:20:33', 'Mayday at 40,000 Feet!');
insert into stadium_review (gpa, review, stadium_id, created_at, created_by, modified_at, modified_by) values (4, 'In eleifend quam a odio.', 38, '2022-12-29 16:08:05', 'Bella', '2022-08-11 22:21:29', 'The Power and the Glory');
insert into stadium_review (gpa, review, stadium_id, created_at, created_by, modified_at, modified_by) values (5, 'Donec vitae nisi.', 41, '2022-11-12 18:43:35', 'Love Affair', '2023-07-10 09:48:01', 'Green Room, The (a.k.a. Vanishing Fiancee) (La chambre verte)');
insert into stadium_review (gpa, review, stadium_id, created_at, created_by, modified_at, modified_by) values (4, 'Quisque ut erat.', 32, '2023-03-14 02:42:21', 'Thousand Cuts, A', '2023-03-05 12:44:10', 'Reno 911!: Miami');
insert into stadium_review (gpa, review, stadium_id, created_at, created_by, modified_at, modified_by) values (3, null, 3, '2023-01-11 18:14:19', 'Within the Woods', '2023-07-09 06:03:28', 'Groundhog Day');
insert into stadium_review (gpa, review, stadium_id, created_at, created_by, modified_at, modified_by) values (2, null, 17, '2022-11-06 21:37:50', 'Masked & Anonymous', '2023-03-26 17:53:55', 'Simon');
insert into stadium_review (gpa, review, stadium_id, created_at, created_by, modified_at, modified_by) values (4, 'Nullam sit amet turpis elementum ligula vehicula consequat.', 12, '2023-06-27 22:55:23', 'L!fe Happens', '2023-06-04 05:43:39', 'American, The');
insert into stadium_review (gpa, review, stadium_id, created_at, created_by, modified_at, modified_by) values (4, 'Quisque erat eros, viverra eget, congue eget, semper rutrum, nulla.', 42, '2023-06-23 04:48:42', 'Around the World in 80 Days', '2022-09-08 21:12:06', 'Five Dedicated to Ozu');
insert into stadium_review (gpa, review, stadium_id, created_at, created_by, modified_at, modified_by) values (5, 'Nunc nisl. Duis bibendum, felis sed interdum venenatis, turpis enim blandit mi, in porttitor pede justo eu massa.', 13, '2023-07-16 14:50:11', 'Secret Window', '2023-07-01 10:47:46', 'Metalhead (Málmhaus)');
insert into stadium_review (gpa, review, stadium_id, created_at, created_by, modified_at, modified_by) values (2, null, 19, '2023-04-19 10:16:00', 'Tokyo Fiancée', '2023-03-19 03:24:41', 'My Sassy Girl (Yeopgijeogin geunyeo)');
insert into stadium_review (gpa, review, stadium_id, created_at, created_by, modified_at, modified_by) values (1, 'Maecenas rhoncus aliquam lacus. Morbi quis tortor id nulla ultrices aliquet.', 39, '2022-12-19 08:06:10', 'Jazz', '2023-06-14 16:20:20', 'Lonely Hearts');
insert into stadium_review (gpa, review, stadium_id, created_at, created_by, modified_at, modified_by) values (3, null, 47, '2023-03-22 18:39:11', 'Cold Comes the Night', '2022-10-16 10:45:54', 'Torque');
insert into stadium_review (gpa, review, stadium_id, created_at, created_by, modified_at, modified_by) values (1, 'Morbi non quam nec dui luctus rutrum.', 3, '2022-10-13 04:23:39', 'Getting Go, the Go Doc Project', '2022-12-16 13:10:08', 'Pictures of the Old World (Obrazy starého sveta)');
insert into stadium_review (gpa, review, stadium_id, created_at, created_by, modified_at, modified_by) values (3, null, 40, '2023-07-04 22:15:35', 'Submarino', '2022-11-27 10:41:57', 'Where Angels Fear to Tread');
insert into stadium_review (gpa, review, stadium_id, created_at, created_by, modified_at, modified_by) values (4, 'Integer a nibh. In quis justo.', 14, '2022-08-27 16:19:37', 'My Perestroika', '2023-06-21 15:49:10', 'Last Hurrah for Chivalry (Hao xia)');
insert into stadium_review (gpa, review, stadium_id, created_at, created_by, modified_at, modified_by) values (5, 'Aliquam augue quam, sollicitudin vitae, consectetuer eget, rutrum at, lorem. Integer tincidunt ante vel ipsum.', 44, '2022-09-03 09:34:02', 'Clash of the Wolves', '2023-03-13 05:32:35', 'Boys Next Door, The');
insert into stadium_review (gpa, review, stadium_id, created_at, created_by, modified_at, modified_by) values (2, 'Cras in purus eu magna vulputate luctus.', 10, '2022-11-20 08:28:42', 'Jamesy Boy', '2023-01-28 13:30:28', 'Ned Kelly');
insert into stadium_review (gpa, review, stadium_id, created_at, created_by, modified_at, modified_by) values (5, 'Suspendisse potenti. Nullam porttitor lacus at turpis.', 20, '2023-02-12 18:19:10', 'Operator 13', '2022-10-28 07:11:40', 'Among Giants');
insert into stadium_review (gpa, review, stadium_id, created_at, created_by, modified_at, modified_by) values (1, 'Duis bibendum. Morbi non quam nec dui luctus rutrum.', 26, '2022-09-28 22:05:12', 'Wartorn: 1861-2010', '2023-04-08 17:02:58', 'Rocketeer, The');
insert into stadium_review (gpa, review, stadium_id, created_at, created_by, modified_at, modified_by) values (3, null, 38, '2022-07-22 03:59:23', 'The French Kissers', '2023-06-11 23:40:01', 'Huhwihaji Anha (No Regret)');
insert into stadium_review (gpa, review, stadium_id, created_at, created_by, modified_at, modified_by) values (5, null, 35, '2023-07-01 20:41:10', 'Naan Kadavul', '2022-10-27 03:57:56', 'Don Juan');
insert into stadium_review (gpa, review, stadium_id, created_at, created_by, modified_at, modified_by) values (5, 'Fusce consequat. Nulla nisl.', 44, '2022-08-19 15:01:01', 'Medicine Man', '2022-08-29 05:21:05', 'Scanners II: The New Order');
insert into stadium_review (gpa, review, stadium_id, created_at, created_by, modified_at, modified_by) values (4, 'Nulla ac enim. In tempor, turpis nec euismod scelerisque, quam turpis adipiscing lorem, vitae mattis nibh ligula nec sem.', 1, '2022-11-15 19:06:32', 'Christine Jorgensen Story, The', '2022-09-20 12:49:54', 'Bag of Bones');
insert into stadium_review (gpa, review, stadium_id, created_at, created_by, modified_at, modified_by) values (4, null, 7, '2023-06-15 14:38:35', 'Garden, The', '2023-03-24 18:37:04', 'Delphine 1, Yvan 0');
insert into stadium_review (gpa, review, stadium_id, created_at, created_by, modified_at, modified_by) values (5, 'Fusce congue, diam id ornare imperdiet, sapien urna pretium nisl, ut volutpat sapien arcu sed augue.', 24, '2022-09-06 01:34:43', 'Goalie''s Anxiety at the Penalty Kick, The (Die Angst des Tormanns beim Elfmeter)', '2022-11-21 07:50:25', 'Inquisitor, The (a.k.a. Under Suspicion) (Garde à vue)');
insert into stadium_review (gpa, review, stadium_id, created_at, created_by, modified_at, modified_by) values (2, null, 45, '2023-06-15 17:01:22', 'First Name: Carmen (Prénom Carmen)', '2022-09-25 11:11:27', 'Joker Is Wild, The (All the Way)');
insert into stadium_review (gpa, review, stadium_id, created_at, created_by, modified_at, modified_by) values (3, 'Nam congue, risus semper porta volutpat, quam pede lobortis ligula, sit amet eleifend pede libero quis orci. Nullam molestie nibh in lectus.', 27, '2022-07-22 17:25:56', 'Nick Carter, Master Detective', '2022-08-02 18:15:17', 'Independence Day (a.k.a. ID4)');
insert into stadium_review (gpa, review, stadium_id, created_at, created_by, modified_at, modified_by) values (4, 'Phasellus sit amet erat.', 47, '2022-09-11 20:00:46', 'Ingmar Bergman Makes a Movie (Ingmar Bergman gör en film)', '2022-08-05 10:58:20', 'Spend It All');
insert into stadium_review (gpa, review, stadium_id, created_at, created_by, modified_at, modified_by) values (1, 'In est risus, auctor sed, tristique in, tempus sit amet, sem. Fusce consequat.', 46, '2023-01-24 20:53:01', 'Free Radicals (Böse Zellen)', '2023-01-08 06:04:29', 'Forced Vengeance');
insert into stadium_review (gpa, review, stadium_id, created_at, created_by, modified_at, modified_by) values (5, null, 22, '2023-01-30 17:08:49', 'Murder on a Honeymoon', '2022-08-27 13:09:43', 'Mother India');
insert into stadium_review (gpa, review, stadium_id, created_at, created_by, modified_at, modified_by) values (2, null, 19, '2022-12-07 09:14:00', 'Dirty Pictures', '2022-12-23 05:02:17', 'Legend of Zorro, The');
insert into stadium_review (gpa, review, stadium_id, created_at, created_by, modified_at, modified_by) values (5, 'Aenean auctor gravida sem. Praesent id massa id nisl venenatis lacinia.', 2, '2022-10-14 16:36:47', 'It''s a Boy Girl Thing', '2023-07-16 01:15:58', 'River''s Edge');
insert into stadium_review (gpa, review, stadium_id, created_at, created_by, modified_at, modified_by) values (4, null, 17, '2022-10-31 07:40:31', 'Kanchenjungha', '2023-03-21 01:00:16', 'Inseparable');
insert into stadium_review (gpa, review, stadium_id, created_at, created_by, modified_at, modified_by) values (2, 'Integer ac neque. Duis bibendum.', 26, '2022-12-19 15:20:11', 'Little Fauss and Big Halsy', '2022-09-29 01:38:38', 'Interceptor');
insert into stadium_review (gpa, review, stadium_id, created_at, created_by, modified_at, modified_by) values (3, null, 26, '2022-08-18 11:13:21', 'Double Trouble', '2023-01-25 09:23:43', 'Head Over Heels');
insert into stadium_review (gpa, review, stadium_id, created_at, created_by, modified_at, modified_by) values (2, 'Aliquam non mauris. Morbi non lectus.', 38, '2022-12-10 08:53:04', 'Presumed Guilty (Presunto culpable)', '2023-03-13 01:32:23', 'Whitecoats');
insert into stadium_review (gpa, review, stadium_id, created_at, created_by, modified_at, modified_by) values (5, null, 34, '2022-12-05 13:35:22', 'Flowers of Shanghai (Hai shang hua)', '2023-05-25 03:00:43', 'Ama lur (Tierra Madre)');
insert into stadium_review (gpa, review, stadium_id, created_at, created_by, modified_at, modified_by) values (5, 'Fusce consequat. Nulla nisl.', 3, '2023-06-06 13:12:09', 'Lo', '2022-10-31 00:21:35', 'Being There');
insert into stadium_review (gpa, review, stadium_id, created_at, created_by, modified_at, modified_by) values (4, null, 1, '2023-05-09 08:47:51', 'My Favorite Wife', '2023-03-28 06:58:18', 'Mouse Hunt');
insert into stadium_review (gpa, review, stadium_id, created_at, created_by, modified_at, modified_by) values (5, 'Morbi vestibulum, velit id pretium iaculis, diam erat fermentum justo, nec condimentum neque sapien placerat ante.', 15, '2023-04-01 02:55:18', 'Lucky', '2023-06-25 20:43:16', 'Love (Szerelem)');
insert into stadium_review (gpa, review, stadium_id, created_at, created_by, modified_at, modified_by) values (1, null, 4, '2023-03-01 18:14:58', 'Cairo Time', '2023-02-07 04:34:05', 'Lipstick');
insert into stadium_review (gpa, review, stadium_id, created_at, created_by, modified_at, modified_by) values (1, 'In hac habitasse platea dictumst.', 29, '2023-06-14 18:00:46', '24 Hour Woman, The', '2023-06-08 04:32:40', 'The Hire: Hostage');
insert into stadium_review (gpa, review, stadium_id, created_at, created_by, modified_at, modified_by) values (1, 'Morbi quis tortor id nulla ultrices aliquet.', 21, '2023-06-07 12:16:39', 'Fear', '2022-09-02 19:20:39', 'Stakeout on Dope Street');
insert into stadium_review (gpa, review, stadium_id, created_at, created_by, modified_at, modified_by) values (1, 'Sed accumsan felis. Ut at dolor quis odio consequat varius.', 45, '2022-12-09 02:21:12', 'Witches, The', '2022-10-29 17:31:24', 'This Is Spinal Tap');
insert into stadium_review (gpa, review, stadium_id, created_at, created_by, modified_at, modified_by) values (4, 'Sed ante.', 3, '2023-05-03 15:14:33', 'Far and Away', '2022-12-20 16:18:03', 'Beethoven''s 5th');
insert into stadium_review (gpa, review, stadium_id, created_at, created_by, modified_at, modified_by) values (5, 'Duis at velit eu est congue elementum. In hac habitasse platea dictumst.', 49, '2022-08-24 01:02:09', 'Bomb It', '2023-02-10 20:04:00', 'Zorn''s Lemma');
insert into stadium_review (gpa, review, stadium_id, created_at, created_by, modified_at, modified_by) values (1, 'Quisque id justo sit amet sapien dignissim vestibulum.', 20, '2023-05-12 02:42:18', 'Film Geek', '2022-08-12 23:55:40', 'The Law of the Weakest');
insert into stadium_review (gpa, review, stadium_id, created_at, created_by, modified_at, modified_by) values (2, 'Nunc purus. Phasellus in felis.', 35, '2022-11-03 11:55:13', 'Saltmen of Tibet, The (Salzmänner von Tibet, Die)', '2022-10-05 05:13:30', 'Hell to Eternity');
insert into stadium_review (gpa, review, stadium_id, created_at, created_by, modified_at, modified_by) values (2, null, 32, '2022-09-21 03:24:18', 'Elementary Particles, The (Elementarteilchen)', '2023-05-11 02:15:17', 'Tomb, The');
insert into stadium_review (gpa, review, stadium_id, created_at, created_by, modified_at, modified_by) values (4, 'Mauris lacinia sapien quis libero.', 26, '2023-01-03 08:58:54', 'Article 99', '2022-07-30 14:56:46', 'Gods Must Be Crazy III, The (a.k.a. Crazy Safari) (Fei zhou he shang)');
insert into stadium_review (gpa, review, stadium_id, created_at, created_by, modified_at, modified_by) values (5, 'Etiam faucibus cursus urna. Ut tellus.', 5, '2022-08-28 06:29:40', 'Clay Bird, The (Matir moina)', '2023-01-26 11:37:59', 'Out of Life (Hors la vie)');
insert into stadium_review (gpa, review, stadium_id, created_at, created_by, modified_at, modified_by) values (5, null, 27, '2022-12-21 05:56:02', 'a/k/a Tommy Chong', '2023-07-17 10:43:43', 'Just Add Water');
insert into stadium_review (gpa, review, stadium_id, created_at, created_by, modified_at, modified_by) values (3, 'Fusce consequat.', 8, '2022-09-03 12:17:58', 'Day the Earth Caught Fire, The', '2022-08-17 04:37:45', 'Sweetwater');
insert into stadium_review (gpa, review, stadium_id, created_at, created_by, modified_at, modified_by) values (1, null, 16, '2023-03-21 02:35:24', 'Titus', '2023-04-04 00:16:34', 'Patriot, The');
insert into stadium_review (gpa, review, stadium_id, created_at, created_by, modified_at, modified_by) values (3, 'Vestibulum ac est lacinia nisi venenatis tristique.', 48, '2023-05-19 11:24:41', 'Nobody Knows Anything!', '2022-11-08 13:32:32', 'Winslow Boy, The');
insert into stadium_review (gpa, review, stadium_id, created_at, created_by, modified_at, modified_by) values (2, null, 1, '2022-11-07 12:21:36', 'War Wagon, The', '2023-01-12 23:22:08', 'Lone Star');
insert into stadium_review (gpa, review, stadium_id, created_at, created_by, modified_at, modified_by) values (2, null, 45, '2022-08-18 15:34:27', 'Texas Chainsaw Massacre, The', '2022-10-20 17:48:04', 'Will');
insert into stadium_review (gpa, review, stadium_id, created_at, created_by, modified_at, modified_by) values (2, 'Etiam pretium iaculis justo. In hac habitasse platea dictumst.', 8, '2023-05-17 01:42:34', 'Legend of Lylah Clare, The', '2023-06-18 07:38:35', 'Easy Virtue');
insert into stadium_review (gpa, review, stadium_id, created_at, created_by, modified_at, modified_by) values (3, 'In eleifend quam a odio.', 41, '2022-08-22 10:10:17', 'Piter FM', '2023-04-29 20:16:18', 'Grass');
insert into stadium_review (gpa, review, stadium_id, created_at, created_by, modified_at, modified_by) values (2, null, 16, '2022-11-30 11:07:23', 'Les invincibles', '2022-09-09 08:16:19', 'L.A. Story');
insert into stadium_review (gpa, review, stadium_id, created_at, created_by, modified_at, modified_by) values (3, null, 24, '2023-01-08 17:26:54', 'Welcome to the Jungle', '2023-06-11 10:25:05', 'Forgetting the Girl');
insert into stadium_review (gpa, review, stadium_id, created_at, created_by, modified_at, modified_by) values (5, 'Donec ut mauris eget massa tempor convallis. Nulla neque libero, convallis eget, eleifend luctus, ultricies eu, nibh.', 42, '2023-06-12 16:56:14', 'Talent Given Us, The', '2022-08-04 11:35:23', 'Commandos Strike at Dawn');

--matching_record
insert into matching_record (stadium_id, field_id, confirm_date, confirm, all_rental) values (40, 65, '2022-12-06 01:18:11', false, true);
insert into matching_record (stadium_id, field_id, confirm_date, confirm, all_rental) values (11, 140, '2022-12-13 17:10:22', true, true);
insert into matching_record (stadium_id, field_id, confirm_date, confirm, all_rental) values (32, 42, '2023-01-01 08:23:05', false, false);
insert into matching_record (stadium_id, field_id, confirm_date, confirm, all_rental) values (7, 9, '2023-07-02 16:15:34', false, false);
insert into matching_record (stadium_id, field_id, confirm_date, confirm, all_rental) values (35, 124, '2023-03-28 21:59:59', false, true);
insert into matching_record (stadium_id, field_id, confirm_date, confirm, all_rental) values (49, 30, '2023-01-28 15:14:17', true, false);
insert into matching_record (stadium_id, field_id, confirm_date, confirm, all_rental) values (9, 83, '2023-03-04 23:03:01', true, true);
insert into matching_record (stadium_id, field_id, confirm_date, confirm, all_rental) values (9, 27, '2022-07-28 21:20:40', true, false);
insert into matching_record (stadium_id, field_id, confirm_date, confirm, all_rental) values (40, 136, '2023-02-12 16:45:36', true, false);
insert into matching_record (stadium_id, field_id, confirm_date, confirm, all_rental) values (17, 96, '2023-03-08 13:34:17', false, false);
insert into matching_record (stadium_id, field_id, confirm_date, confirm, all_rental) values (35, 139, '2023-04-15 21:43:12', false, false);
insert into matching_record (stadium_id, field_id, confirm_date, confirm, all_rental) values (15, 137, '2023-06-28 21:54:00', true, true);
insert into matching_record (stadium_id, field_id, confirm_date, confirm, all_rental) values (20, 29, '2023-06-28 16:34:55', true, false);
insert into matching_record (stadium_id, field_id, confirm_date, confirm, all_rental) values (39, 131, '2022-12-09 07:18:56', false, true);
insert into matching_record (stadium_id, field_id, confirm_date, confirm, all_rental) values (31, 19, '2022-08-27 02:45:14', false, true);
insert into matching_record (stadium_id, field_id, confirm_date, confirm, all_rental) values (46, 138, '2022-11-16 23:00:43', true, false);
insert into matching_record (stadium_id, field_id, confirm_date, confirm, all_rental) values (7, 106, '2022-12-19 06:27:33', true, true);
insert into matching_record (stadium_id, field_id, confirm_date, confirm, all_rental) values (41, 33, '2022-12-15 19:06:09', true, false);
insert into matching_record (stadium_id, field_id, confirm_date, confirm, all_rental) values (13, 58, '2023-06-03 21:18:53', true, false);
insert into matching_record (stadium_id, field_id, confirm_date, confirm, all_rental) values (13, 22, '2022-12-26 19:06:30', false, true);
insert into matching_record (stadium_id, field_id, confirm_date, confirm, all_rental) values (22, 40, '2022-10-25 00:05:46', true, false);
insert into matching_record (stadium_id, field_id, confirm_date, confirm, all_rental) values (12, 128, '2022-08-07 14:59:31', false, true);
insert into matching_record (stadium_id, field_id, confirm_date, confirm, all_rental) values (9, 25, '2022-11-30 06:10:08', true, false);
insert into matching_record (stadium_id, field_id, confirm_date, confirm, all_rental) values (49, 64, '2022-11-28 02:38:58', true, false);
insert into matching_record (stadium_id, field_id, confirm_date, confirm, all_rental) values (10, 142, '2023-06-14 11:40:35', true, true);
insert into matching_record (stadium_id, field_id, confirm_date, confirm, all_rental) values (21, 71, '2023-06-21 10:52:04', false, false);
insert into matching_record (stadium_id, field_id, confirm_date, confirm, all_rental) values (27, 10, '2022-12-14 16:21:07', true, false);
insert into matching_record (stadium_id, field_id, confirm_date, confirm, all_rental) values (11, 121, '2023-04-18 03:47:20', false, true);
insert into matching_record (stadium_id, field_id, confirm_date, confirm, all_rental) values (32, 15, '2023-06-11 16:28:51', true, false);
insert into matching_record (stadium_id, field_id, confirm_date, confirm, all_rental) values (3, 108, '2022-10-13 09:47:22', true, false);
insert into matching_record (stadium_id, field_id, confirm_date, confirm, all_rental) values (7, 98, '2023-01-20 20:19:44', true, true);
insert into matching_record (stadium_id, field_id, confirm_date, confirm, all_rental) values (32, 25, '2022-07-24 11:20:12', false, true);
insert into matching_record (stadium_id, field_id, confirm_date, confirm, all_rental) values (16, 109, '2022-12-22 15:22:33', false, false);
insert into matching_record (stadium_id, field_id, confirm_date, confirm, all_rental) values (47, 106, '2022-11-27 09:11:52', false, false);
insert into matching_record (stadium_id, field_id, confirm_date, confirm, all_rental) values (4, 140, '2023-05-15 01:58:22', false, true);
insert into matching_record (stadium_id, field_id, confirm_date, confirm, all_rental) values (28, 113, '2023-06-05 04:47:19', false, true);
insert into matching_record (stadium_id, field_id, confirm_date, confirm, all_rental) values (25, 121, '2022-08-16 12:10:02', true, false);
insert into matching_record (stadium_id, field_id, confirm_date, confirm, all_rental) values (32, 127, '2023-07-07 01:10:22', true, true);
insert into matching_record (stadium_id, field_id, confirm_date, confirm, all_rental) values (33, 137, '2023-03-19 21:23:03', true, false);
insert into matching_record (stadium_id, field_id, confirm_date, confirm, all_rental) values (45, 72, '2022-07-30 18:46:41', true, true);
insert into matching_record (stadium_id, field_id, confirm_date, confirm, all_rental) values (10, 35, '2022-08-18 06:33:13', false, true);
insert into matching_record (stadium_id, field_id, confirm_date, confirm, all_rental) values (45, 113, '2023-07-01 19:48:56', false, false);
insert into matching_record (stadium_id, field_id, confirm_date, confirm, all_rental) values (23, 21, '2022-08-26 22:35:49', true, true);
insert into matching_record (stadium_id, field_id, confirm_date, confirm, all_rental) values (16, 109, '2023-02-23 06:40:57', false, true);
insert into matching_record (stadium_id, field_id, confirm_date, confirm, all_rental) values (37, 67, '2023-07-06 07:57:36', false, false);
insert into matching_record (stadium_id, field_id, confirm_date, confirm, all_rental) values (31, 115, '2022-09-23 20:24:47', true, false);
insert into matching_record (stadium_id, field_id, confirm_date, confirm, all_rental) values (14, 142, '2022-09-25 22:50:27', false, true);
insert into matching_record (stadium_id, field_id, confirm_date, confirm, all_rental) values (33, 101, '2022-10-13 18:12:44', false, true);
insert into matching_record (stadium_id, field_id, confirm_date, confirm, all_rental) values (48, 60, '2022-11-15 10:15:32', false, true);
insert into matching_record (stadium_id, field_id, confirm_date, confirm, all_rental) values (49, 50, '2022-10-27 20:29:24', true, false);
insert into matching_record (stadium_id, field_id, confirm_date, confirm, all_rental) values (35, 123, '2023-03-06 22:37:44', false, false);
insert into matching_record (stadium_id, field_id, confirm_date, confirm, all_rental) values (28, 114, '2022-12-29 02:44:43', false, false);
insert into matching_record (stadium_id, field_id, confirm_date, confirm, all_rental) values (3, 46, '2023-01-24 22:56:43', true, false);
insert into matching_record (stadium_id, field_id, confirm_date, confirm, all_rental) values (44, 89, '2022-10-24 20:11:12', false, true);
insert into matching_record (stadium_id, field_id, confirm_date, confirm, all_rental) values (15, 2, '2022-08-09 00:53:31', false, false);
insert into matching_record (stadium_id, field_id, confirm_date, confirm, all_rental) values (13, 115, '2023-03-10 22:53:26', false, false);
insert into matching_record (stadium_id, field_id, confirm_date, confirm, all_rental) values (30, 81, '2023-04-03 19:40:05', false, false);
insert into matching_record (stadium_id, field_id, confirm_date, confirm, all_rental) values (7, 3, '2022-08-30 21:56:54', false, true);
insert into matching_record (stadium_id, field_id, confirm_date, confirm, all_rental) values (36, 21, '2023-02-05 19:13:48', true, false);
insert into matching_record (stadium_id, field_id, confirm_date, confirm, all_rental) values (39, 125, '2022-12-16 15:57:49', false, false);
insert into matching_record (stadium_id, field_id, confirm_date, confirm, all_rental) values (22, 32, '2022-12-13 18:24:38', false, false);
insert into matching_record (stadium_id, field_id, confirm_date, confirm, all_rental) values (11, 68, '2022-08-27 19:49:56', false, false);
insert into matching_record (stadium_id, field_id, confirm_date, confirm, all_rental) values (2, 103, '2023-05-07 05:45:38', false, false);
insert into matching_record (stadium_id, field_id, confirm_date, confirm, all_rental) values (7, 150, '2023-06-22 05:35:44', true, true);
insert into matching_record (stadium_id, field_id, confirm_date, confirm, all_rental) values (31, 124, '2023-05-17 23:32:24', false, false);
insert into matching_record (stadium_id, field_id, confirm_date, confirm, all_rental) values (10, 70, '2023-05-19 06:40:48', false, false);
insert into matching_record (stadium_id, field_id, confirm_date, confirm, all_rental) values (40, 32, '2022-12-26 16:26:39', false, true);
insert into matching_record (stadium_id, field_id, confirm_date, confirm, all_rental) values (15, 5, '2023-04-26 16:11:53', false, false);
insert into matching_record (stadium_id, field_id, confirm_date, confirm, all_rental) values (39, 28, '2022-11-25 10:06:04', true, true);
insert into matching_record (stadium_id, field_id, confirm_date, confirm, all_rental) values (30, 12, '2022-12-17 21:42:31', false, true);
insert into matching_record (stadium_id, field_id, confirm_date, confirm, all_rental) values (21, 94, '2022-11-30 12:42:04', true, true);
insert into matching_record (stadium_id, field_id, confirm_date, confirm, all_rental) values (10, 21, '2022-12-08 21:35:02', true, false);
insert into matching_record (stadium_id, field_id, confirm_date, confirm, all_rental) values (42, 24, '2023-06-25 20:00:49', true, true);
insert into matching_record (stadium_id, field_id, confirm_date, confirm, all_rental) values (34, 65, '2022-11-08 06:59:00', true, true);
insert into matching_record (stadium_id, field_id, confirm_date, confirm, all_rental) values (12, 105, '2022-10-18 09:07:32', false, true);
insert into matching_record (stadium_id, field_id, confirm_date, confirm, all_rental) values (21, 127, '2022-09-28 04:37:03', false, false);
insert into matching_record (stadium_id, field_id, confirm_date, confirm, all_rental) values (10, 120, '2022-12-26 02:26:08', false, true);
insert into matching_record (stadium_id, field_id, confirm_date, confirm, all_rental) values (8, 6, '2023-06-10 09:11:57', false, false);
insert into matching_record (stadium_id, field_id, confirm_date, confirm, all_rental) values (19, 142, '2023-07-10 00:59:14', true, true);
insert into matching_record (stadium_id, field_id, confirm_date, confirm, all_rental) values (19, 92, '2022-10-14 13:57:38', false, true);
insert into matching_record (stadium_id, field_id, confirm_date, confirm, all_rental) values (22, 102, '2023-02-20 20:34:52', false, true);
insert into matching_record (stadium_id, field_id, confirm_date, confirm, all_rental) values (1, 148, '2022-12-16 01:48:01', false, false);
insert into matching_record (stadium_id, field_id, confirm_date, confirm, all_rental) values (32, 51, '2023-06-04 09:00:52', false, false);
insert into matching_record (stadium_id, field_id, confirm_date, confirm, all_rental) values (34, 108, '2023-01-25 11:10:33', true, false);
insert into matching_record (stadium_id, field_id, confirm_date, confirm, all_rental) values (41, 88, '2022-09-09 13:22:21', true, true);
insert into matching_record (stadium_id, field_id, confirm_date, confirm, all_rental) values (5, 114, '2022-07-22 17:13:30', true, false);
insert into matching_record (stadium_id, field_id, confirm_date, confirm, all_rental) values (34, 104, '2022-08-09 19:47:45', true, false);
insert into matching_record (stadium_id, field_id, confirm_date, confirm, all_rental) values (20, 95, '2023-02-01 17:33:52', false, false);
insert into matching_record (stadium_id, field_id, confirm_date, confirm, all_rental) values (8, 111, '2022-09-10 00:37:02', false, true);
insert into matching_record (stadium_id, field_id, confirm_date, confirm, all_rental) values (6, 32, '2023-04-15 11:55:18', true, false);
insert into matching_record (stadium_id, field_id, confirm_date, confirm, all_rental) values (3, 35, '2022-08-15 02:29:29', true, false);
insert into matching_record (stadium_id, field_id, confirm_date, confirm, all_rental) values (26, 144, '2022-07-31 10:03:52', false, false);
insert into matching_record (stadium_id, field_id, confirm_date, confirm, all_rental) values (41, 17, '2023-04-03 21:58:22', true, false);
insert into matching_record (stadium_id, field_id, confirm_date, confirm, all_rental) values (17, 40, '2022-08-19 03:22:19', false, false);
insert into matching_record (stadium_id, field_id, confirm_date, confirm, all_rental) values (41, 105, '2023-02-06 14:00:58', false, false);
insert into matching_record (stadium_id, field_id, confirm_date, confirm, all_rental) values (47, 123, '2023-04-08 04:51:56', false, false);
insert into matching_record (stadium_id, field_id, confirm_date, confirm, all_rental) values (50, 125, '2022-08-09 05:26:06', false, false);
insert into matching_record (stadium_id, field_id, confirm_date, confirm, all_rental) values (38, 51, '2022-08-11 07:26:44', false, false);
insert into matching_record (stadium_id, field_id, confirm_date, confirm, all_rental) values (43, 99, '2022-11-19 02:03:33', true, false);
insert into matching_record (stadium_id, field_id, confirm_date, confirm, all_rental) values (27, 20, '2023-01-08 11:13:16', true, false);



--stadium_image
insert into stadium_image (imageurl, stadium_id) values ('https://search.pstatic.net/common/?src=http%3A%2F%2Fblogfiles.naver.net%2FMjAyMDA0MjhfNjUg%2FMDAxNTg4MDU4NDcwOTgy.NqV93TgHgdyJZNttKGZewoV70LxcqcgZVaai87a98g8g.LmcPoDpG1y4CVs0qjZPqka3DRb1pBlPJgjhsjWLVkr4g.JPEG.road5852%2FIMG_0889.JPG', 1);
insert into stadium_image (imageurl, stadium_id) values ('https://search.pstatic.net/common/?src=http%3A%2F%2Fblogfiles.naver.net%2FMjAyMDAyMTlfMTcw%2FMDAxNTgyMDc4OTA3ODQ1.vYf5eTe6P3_l2TC_dB8XKSWygzZm14UVWr4X9YY1lVog.3b1FNV3IxD61g8y5R_iFWc4thvIdVXAW3jZWhCrgjWwg.JPEG.baro_futsal%2F9.jpg', 1);
insert into stadium_image (imageurl, stadium_id) values ('https://search.pstatic.net/common/?src=http%3A%2F%2Fblogfiles.naver.net%2FMjAyMzA1MDdfMjY5%2FMDAxNjgzNDMyOTYyMjgw.f9G3GexUJTstYIVyOC35RUNViJi6cMs5dfrqNQKoy30g.I7NDr7Zm_rb0cauYFTD-DM5QFEK_5HFZ8tRxO89XkaEg.JPEG.moombam%2FKakaoTalk_20230507_130049861_02.jpg', 1);
insert into stadium_image (imageurl, stadium_id) values ('https://search.pstatic.net/common/?src=https%3A%2F%2Fldb-phinf.pstatic.net%2F20230524_16%2F1684940295930dmJwj_JPEG%2F0F9EB7F2-EEE0-4627-B470-51ADAD411EF1.jpeg', 2);
insert into stadium_image (imageurl, stadium_id) values ('https://search.pstatic.net/common/?src=https%3A%2F%2Fldb-phinf.pstatic.net%2F20191228_244%2F1577499400144JaVhp_JPEG%2FwVZM_Wf9_IsGJjklcReG3s7L.jpg', 3);
insert into stadium_image (imageurl, stadium_id) values ('https://search.pstatic.net/common/?src=https%3A%2F%2Fldb-phinf.pstatic.net%2F20191228_109%2F1577499515580PwCco_JPEG%2FZR-aREGhv_0GnnRT9nSLUM2f.jpg', 3);
insert into stadium_image (imageurl, stadium_id) values ('https://postfiles.pstatic.net/MjAyMzA2MjFfOSAg/MDAxNjg3MzM0Mzc1OTEz.3KKpV_YRaTCSbMMdR43NcnYSJiDFMIQXGHZlovTPmykg.oH_LrVX2hNRQjXi68px0akSS4agujIPQ7AVhWGYd38Ag.JPEG.dayinsup/3472510281728995152_20230617104357291.jpg?type=w773', 4);
insert into stadium_image (imageurl, stadium_id) values ('https://search.pstatic.net/common/?src=https%3A%2F%2Fldb-phinf.pstatic.net%2F20221221_57%2F1671602345259wcXnc_JPEG%2FKakaoTalk_20221215_152302900.jpg', 4);
insert into stadium_image (imageurl, stadium_id) values ('https://search.pstatic.net/common/?src=https%3A%2F%2Fldb-phinf.pstatic.net%2F20180322_170%2F1521727004592QtnOY_JPEG%2F1517059542544.jpg', 5);
insert into stadium_image (imageurl, stadium_id) values ('https://search.pstatic.net/common/?src=https%3A%2F%2Fldb-phinf.pstatic.net%2F20171202_126%2F1512195366165VivNl_JPEG%2FKakaoTalk_20171125_104414281.jpg', 5);
insert into stadium_image (imageurl, stadium_id) values ('https://search.pstatic.net/common/?src=https%3A%2F%2Fnaverbooking-phinf.pstatic.net%2F20191220_19%2F1576841042343tvQ9i_JPEG%2FKakaoTalk_20191219_221949052_02.jpg', 5);
insert into stadium_image (imageurl, stadium_id) values ('https://search.pstatic.net/common/?src=https%3A%2F%2Fldb-phinf.pstatic.net%2F20190531_115%2F15592796677740SzsT_JPEG%2FB3StqedR0oM3b3j4piGsnhZo.jpg', 6);
insert into stadium_image (imageurl, stadium_id) values ('https://search.pstatic.net/common/?src=https%3A%2F%2Fldb-phinf.pstatic.net%2F20190531_115%2F15592796677740SzsT_JPEG%2FB3StqedR0oM3b3j4piGsnhZo.jpg', 6);
insert into stadium_image (imageurl, stadium_id) values ('https://search.pstatic.net/common/?src=https%3A%2F%2Fldb-phinf.pstatic.net%2F20190531_287%2F1559279667969Mpa9A_JPEG%2FB2-TtyJdCgi-7E6yGLjLanwE.jpg', 6);
insert into stadium_image (imageurl, stadium_id) values ('https://search.pstatic.net/common/?src=https%3A%2F%2Fldb-phinf.pstatic.net%2F20230525_58%2F1685013969571iNjYm_JPEG%2FKakaoTalk_20230525_202203670_01.jpg', 7);
insert into stadium_image (imageurl, stadium_id) values ('https://search.pstatic.net/common/?src=https%3A%2F%2Fldb-phinf.pstatic.net%2F20230426_202%2F16825085575583MfMh_JPEG%2FKakaoTalk_20230426_202257465.jpg', 7);
insert into stadium_image (imageurl, stadium_id) values ('https://search.pstatic.net/common/?src=https%3A%2F%2Fldb-phinf.pstatic.net%2F20230525_219%2F1685013972074sJcJJ_JPEG%2FKakaoTalk_20230525_202203670_12.jpg', 7);
insert into stadium_image (imageurl, stadium_id) values ('https://search.pstatic.net/common/?src=https%3A%2F%2Fldb-phinf.pstatic.net%2F20190327_7%2F1553624401935u1X5A_JPEG%2FEJBYbBAH0OmX-7eWQ9yjLgG4.jpg', 8);
insert into stadium_image (imageurl, stadium_id) values ('https://search.pstatic.net/common/?src=http%3A%2F%2Fblogfiles.naver.net%2FMjAyMDA3MjBfMTA0%2FMDAxNTk1MjI5OTgwNzA5.tTiCEabWmUCn-DW2VGrRGR0cGYtdkQbTtYJsUnyCG3Mg.emFGSmXoOBsWwxQEwAKFG3sFsWCT2ICPlLicY2pTqZkg.JPEG.chl134679%2F1595229979095.jpg', 8);
insert into stadium_image (imageurl, stadium_id) values ('https://search.pstatic.net/common/?src=https%3A%2F%2Fldb-phinf.pstatic.net%2F20190327_204%2F1553624475556aYHNu_JPEG%2F2BD8JEHOUeCuX7mkfxVFaB6o.jpg', 8);
insert into stadium_image (imageurl, stadium_id) values ('https://search.pstatic.net/common/?src=https%3A%2F%2Fldb-phinf.pstatic.net%2F20230207_170%2F1675752279438X31G3_JPEG%2FScreenshot_20230207-154329_-.jpg', 9);
insert into stadium_image (imageurl, stadium_id) values ('https://search.pstatic.net/common/?src=https%3A%2F%2Fldb-phinf.pstatic.net%2F20230207_259%2F1675752270936EWycN_JPEG%2FScreenshot_20230207-154352_-.jpg', 9);
insert into stadium_image (imageurl, stadium_id) values ('https://search.pstatic.net/common/?src=https%3A%2F%2Fldb-phinf.pstatic.net%2F20230207_116%2F1675752289272S28Uc_JPEG%2FScreenshot_20230207-154344_-.jpg', 9);
insert into stadium_image (imageurl, stadium_id) values ('http://dummyimage.com/102x100.png/5fa2dd/ffffff', 5);
insert into stadium_image (imageurl, stadium_id) values ('http://dummyimage.com/110x100.png/5fa2dd/ffffff', 32);
insert into stadium_image (imageurl, stadium_id) values ('http://dummyimage.com/118x100.png/ff4444/ffffff', 28);
insert into stadium_image (imageurl, stadium_id) values ('http://dummyimage.com/145x100.png/cc0000/ffffff', 9);
insert into stadium_image (imageurl, stadium_id) values ('http://dummyimage.com/171x100.png/dddddd/000000', 22);
insert into stadium_image (imageurl, stadium_id) values ('http://dummyimage.com/141x100.png/5fa2dd/ffffff', 50);
insert into stadium_image (imageurl, stadium_id) values ('http://dummyimage.com/155x100.png/cc0000/ffffff', 24);
insert into stadium_image (imageurl, stadium_id) values ('http://dummyimage.com/206x100.png/dddddd/000000', 33);
insert into stadium_image (imageurl, stadium_id) values ('http://dummyimage.com/205x100.png/5fa2dd/ffffff', 25);
insert into stadium_image (imageurl, stadium_id) values ('http://dummyimage.com/152x100.png/ff4444/ffffff', 2);
insert into stadium_image (imageurl, stadium_id) values ('http://dummyimage.com/234x100.png/dddddd/000000', 22);
insert into stadium_image (imageurl, stadium_id) values ('http://dummyimage.com/102x100.png/ff4444/ffffff', 34);
insert into stadium_image (imageurl, stadium_id) values ('http://dummyimage.com/219x100.png/dddddd/000000', 26);
insert into stadium_image (imageurl, stadium_id) values ('http://dummyimage.com/144x100.png/dddddd/000000', 39);
insert into stadium_image (imageurl, stadium_id) values ('http://dummyimage.com/157x100.png/5fa2dd/ffffff', 45);
insert into stadium_image (imageurl, stadium_id) values ('http://dummyimage.com/200x100.png/ff4444/ffffff', 35);
insert into stadium_image (imageurl, stadium_id) values ('http://dummyimage.com/200x100.png/dddddd/000000', 8);
insert into stadium_image (imageurl, stadium_id) values ('http://dummyimage.com/110x100.png/dddddd/000000', 23);
insert into stadium_image (imageurl, stadium_id) values ('http://dummyimage.com/152x100.png/dddddd/000000', 16);
insert into stadium_image (imageurl, stadium_id) values ('http://dummyimage.com/179x100.png/cc0000/ffffff', 4);
insert into stadium_image (imageurl, stadium_id) values ('http://dummyimage.com/241x100.png/ff4444/ffffff', 35);
insert into stadium_image (imageurl, stadium_id) values ('http://dummyimage.com/143x100.png/cc0000/ffffff', 22);
insert into stadium_image (imageurl, stadium_id) values ('http://dummyimage.com/227x100.png/ff4444/ffffff', 45);
insert into stadium_image (imageurl, stadium_id) values ('http://dummyimage.com/234x100.png/cc0000/ffffff', 19);
insert into stadium_image (imageurl, stadium_id) values ('http://dummyimage.com/125x100.png/ff4444/ffffff', 1);
insert into stadium_image (imageurl, stadium_id) values ('http://dummyimage.com/239x100.png/cc0000/ffffff', 49);
insert into stadium_image (imageurl, stadium_id) values ('http://dummyimage.com/215x100.png/cc0000/ffffff', 38);
insert into stadium_image (imageurl, stadium_id) values ('http://dummyimage.com/102x100.png/5fa2dd/ffffff', 27);
insert into stadium_image (imageurl, stadium_id) values ('http://dummyimage.com/165x100.png/ff4444/ffffff', 39);
insert into stadium_image (imageurl, stadium_id) values ('http://dummyimage.com/184x100.png/5fa2dd/ffffff', 37);
insert into stadium_image (imageurl, stadium_id) values ('http://dummyimage.com/229x100.png/cc0000/ffffff', 21);
insert into stadium_image (imageurl, stadium_id) values ('http://dummyimage.com/169x100.png/ff4444/ffffff', 48);
insert into stadium_image (imageurl, stadium_id) values ('http://dummyimage.com/107x100.png/cc0000/ffffff', 50);
insert into stadium_image (imageurl, stadium_id) values ('http://dummyimage.com/169x100.png/dddddd/000000', 40);
insert into stadium_image (imageurl, stadium_id) values ('http://dummyimage.com/233x100.png/cc0000/ffffff', 30);
insert into stadium_image (imageurl, stadium_id) values ('http://dummyimage.com/188x100.png/cc0000/ffffff', 40);
insert into stadium_image (imageurl, stadium_id) values ('http://dummyimage.com/215x100.png/ff4444/ffffff', 13);
insert into stadium_image (imageurl, stadium_id) values ('http://dummyimage.com/103x100.png/cc0000/ffffff', 21);
insert into stadium_image (imageurl, stadium_id) values ('http://dummyimage.com/163x100.png/dddddd/000000', 24);
insert into stadium_image (imageurl, stadium_id) values ('http://dummyimage.com/188x100.png/ff4444/ffffff', 43);
insert into stadium_image (imageurl, stadium_id) values ('http://dummyimage.com/218x100.png/dddddd/000000', 43);
insert into stadium_image (imageurl, stadium_id) values ('http://dummyimage.com/237x100.png/5fa2dd/ffffff', 3);
insert into stadium_image (imageurl, stadium_id) values ('http://dummyimage.com/145x100.png/cc0000/ffffff', 33);
insert into stadium_image (imageurl, stadium_id) values ('http://dummyimage.com/105x100.png/ff4444/ffffff', 28);
insert into stadium_image (imageurl, stadium_id) values ('http://dummyimage.com/215x100.png/cc0000/ffffff', 24);
insert into stadium_image (imageurl, stadium_id) values ('http://dummyimage.com/192x100.png/ff4444/ffffff', 23);
insert into stadium_image (imageurl, stadium_id) values ('http://dummyimage.com/105x100.png/5fa2dd/ffffff', 23);
insert into stadium_image (imageurl, stadium_id) values ('http://dummyimage.com/160x100.png/5fa2dd/ffffff', 30);
insert into stadium_image (imageurl, stadium_id) values ('http://dummyimage.com/146x100.png/cc0000/ffffff', 43);
insert into stadium_image (imageurl, stadium_id) values ('http://dummyimage.com/167x100.png/5fa2dd/ffffff', 3);
insert into stadium_image (imageurl, stadium_id) values ('http://dummyimage.com/231x100.png/dddddd/000000', 34);
insert into stadium_image (imageurl, stadium_id) values ('http://dummyimage.com/117x100.png/ff4444/ffffff', 37);
insert into stadium_image (imageurl, stadium_id) values ('http://dummyimage.com/156x100.png/ff4444/ffffff', 30);
insert into stadium_image (imageurl, stadium_id) values ('http://dummyimage.com/170x100.png/dddddd/000000', 18);
insert into stadium_image (imageurl, stadium_id) values ('http://dummyimage.com/108x100.png/5fa2dd/ffffff', 48);
insert into stadium_image (imageurl, stadium_id) values ('http://dummyimage.com/115x100.png/ff4444/ffffff', 37);
insert into stadium_image (imageurl, stadium_id) values ('http://dummyimage.com/103x100.png/5fa2dd/ffffff', 33);
insert into stadium_image (imageurl, stadium_id) values ('http://dummyimage.com/138x100.png/dddddd/000000', 24);
insert into stadium_image (imageurl, stadium_id) values ('http://dummyimage.com/155x100.png/cc0000/ffffff', 15);
insert into stadium_image (imageurl, stadium_id) values ('http://dummyimage.com/133x100.png/ff4444/ffffff', 31);
insert into stadium_image (imageurl, stadium_id) values ('http://dummyimage.com/105x100.png/cc0000/ffffff', 35);
insert into stadium_image (imageurl, stadium_id) values ('http://dummyimage.com/170x100.png/dddddd/000000', 16);
insert into stadium_image (imageurl, stadium_id) values ('http://dummyimage.com/153x100.png/5fa2dd/ffffff', 42);
insert into stadium_image (imageurl, stadium_id) values ('http://dummyimage.com/222x100.png/cc0000/ffffff', 37);
insert into stadium_image (imageurl, stadium_id) values ('http://dummyimage.com/147x100.png/cc0000/ffffff', 48);

--teamMatching
insert into team_matching (team_id, matching_record_id, eval_opposite, eval_stadium) values (68, 19, false, true);
insert into team_matching (team_id, matching_record_id, eval_opposite, eval_stadium) values (53, 20, false, false);
insert into team_matching (team_id, matching_record_id, eval_opposite, eval_stadium) values (45, 42, true, true);
insert into team_matching (team_id, matching_record_id, eval_opposite, eval_stadium) values (52, 41, false, true);
insert into team_matching (team_id, matching_record_id, eval_opposite, eval_stadium) values (54, 23, false, true);
insert into team_matching (team_id, matching_record_id, eval_opposite, eval_stadium) values (56, 40, false, true);
insert into team_matching (team_id, matching_record_id, eval_opposite, eval_stadium) values (25, 49, false, false);
insert into team_matching (team_id, matching_record_id, eval_opposite, eval_stadium) values (17, 28, false, true);
insert into team_matching (team_id, matching_record_id, eval_opposite, eval_stadium) values (58, 29, true, false);
insert into team_matching (team_id, matching_record_id, eval_opposite, eval_stadium) values (50, 32, false, true);
insert into team_matching (team_id, matching_record_id, eval_opposite, eval_stadium) values (11, 22, true, true);
insert into team_matching (team_id, matching_record_id, eval_opposite, eval_stadium) values (24, 9, false, false);
insert into team_matching (team_id, matching_record_id, eval_opposite, eval_stadium) values (56, 3, true, true);
insert into team_matching (team_id, matching_record_id, eval_opposite, eval_stadium) values (65, 24, false, true);
insert into team_matching (team_id, matching_record_id, eval_opposite, eval_stadium) values (55, 28, false, true);
insert into team_matching (team_id, matching_record_id, eval_opposite, eval_stadium) values (72, 45, true, false);
insert into team_matching (team_id, matching_record_id, eval_opposite, eval_stadium) values (79, 50, false, false);
insert into team_matching (team_id, matching_record_id, eval_opposite, eval_stadium) values (60, 47, false, false);
insert into team_matching (team_id, matching_record_id, eval_opposite, eval_stadium) values (18, 15, true, true);
insert into team_matching (team_id, matching_record_id, eval_opposite, eval_stadium) values (80, 2, true, true);
insert into team_matching (team_id, matching_record_id, eval_opposite, eval_stadium) values (11, 46, false, false);
insert into team_matching (team_id, matching_record_id, eval_opposite, eval_stadium) values (29, 13, false, false);
insert into team_matching (team_id, matching_record_id, eval_opposite, eval_stadium) values (69, 8, true, false);
insert into team_matching (team_id, matching_record_id, eval_opposite, eval_stadium) values (65, 31, true, false);
insert into team_matching (team_id, matching_record_id, eval_opposite, eval_stadium) values (34, 9, true, true);
insert into team_matching (team_id, matching_record_id, eval_opposite, eval_stadium) values (64, 25, true, false);
insert into team_matching (team_id, matching_record_id, eval_opposite, eval_stadium) values (54, 17, false, true);
insert into team_matching (team_id, matching_record_id, eval_opposite, eval_stadium) values (55, 31, false, false);
insert into team_matching (team_id, matching_record_id, eval_opposite, eval_stadium) values (56, 15, false, true);
insert into team_matching (team_id, matching_record_id, eval_opposite, eval_stadium) values (62, 35, true, true);
insert into team_matching (team_id, matching_record_id, eval_opposite, eval_stadium) values (32, 45, false, false);
insert into team_matching (team_id, matching_record_id, eval_opposite, eval_stadium) values (3, 8, true, true);
insert into team_matching (team_id, matching_record_id, eval_opposite, eval_stadium) values (26, 8, true, false);
insert into team_matching (team_id, matching_record_id, eval_opposite, eval_stadium) values (78, 28, true, true);
insert into team_matching (team_id, matching_record_id, eval_opposite, eval_stadium) values (47, 44, false, true);
insert into team_matching (team_id, matching_record_id, eval_opposite, eval_stadium) values (42, 45, false, false);
insert into team_matching (team_id, matching_record_id, eval_opposite, eval_stadium) values (33, 44, true, false);
insert into team_matching (team_id, matching_record_id, eval_opposite, eval_stadium) values (62, 16, false, true);
insert into team_matching (team_id, matching_record_id, eval_opposite, eval_stadium) values (53, 3, true, true);
insert into team_matching (team_id, matching_record_id, eval_opposite, eval_stadium) values (2, 30, true, true);
insert into team_matching (team_id, matching_record_id, eval_opposite, eval_stadium) values (74, 28, false, false);
insert into team_matching (team_id, matching_record_id, eval_opposite, eval_stadium) values (66, 6, false, true);
insert into team_matching (team_id, matching_record_id, eval_opposite, eval_stadium) values (8, 9, false, true);
insert into team_matching (team_id, matching_record_id, eval_opposite, eval_stadium) values (5, 24, true, false);
insert into team_matching (team_id, matching_record_id, eval_opposite, eval_stadium) values (29, 43, true, false);
insert into team_matching (team_id, matching_record_id, eval_opposite, eval_stadium) values (27, 30, false, false);
insert into team_matching (team_id, matching_record_id, eval_opposite, eval_stadium) values (28, 29, true, true);
insert into team_matching (team_id, matching_record_id, eval_opposite, eval_stadium) values (20, 49, false, true);
insert into team_matching (team_id, matching_record_id, eval_opposite, eval_stadium) values (77, 16, true, true);
insert into team_matching (team_id, matching_record_id, eval_opposite, eval_stadium) values (17, 17, true, false);
insert into team_matching (team_id, matching_record_id, eval_opposite, eval_stadium) values (15, 22, true, false);
insert into team_matching (team_id, matching_record_id, eval_opposite, eval_stadium) values (46, 6, false, true);
insert into team_matching (team_id, matching_record_id, eval_opposite, eval_stadium) values (21, 32, true, true);
insert into team_matching (team_id, matching_record_id, eval_opposite, eval_stadium) values (35, 13, true, true);
insert into team_matching (team_id, matching_record_id, eval_opposite, eval_stadium) values (10, 50, true, true);
insert into team_matching (team_id, matching_record_id, eval_opposite, eval_stadium) values (11, 26, true, false);
insert into team_matching (team_id, matching_record_id, eval_opposite, eval_stadium) values (70, 18, true, false);
insert into team_matching (team_id, matching_record_id, eval_opposite, eval_stadium) values (29, 5, false, false);
insert into team_matching (team_id, matching_record_id, eval_opposite, eval_stadium) values (55, 49, true, true);
insert into team_matching (team_id, matching_record_id, eval_opposite, eval_stadium) values (55, 50, true, false);
insert into team_matching (team_id, matching_record_id, eval_opposite, eval_stadium) values (9, 46, false, false);
insert into team_matching (team_id, matching_record_id, eval_opposite, eval_stadium) values (8, 5, false, true);
insert into team_matching (team_id, matching_record_id, eval_opposite, eval_stadium) values (25, 4, false, false);
insert into team_matching (team_id, matching_record_id, eval_opposite, eval_stadium) values (3, 12, false, true);
insert into team_matching (team_id, matching_record_id, eval_opposite, eval_stadium) values (31, 2, true, false);
insert into team_matching (team_id, matching_record_id, eval_opposite, eval_stadium) values (23, 41, true, false);
insert into team_matching (team_id, matching_record_id, eval_opposite, eval_stadium) values (73, 50, false, false);
insert into team_matching (team_id, matching_record_id, eval_opposite, eval_stadium) values (13, 21, false, true);
insert into team_matching (team_id, matching_record_id, eval_opposite, eval_stadium) values (6, 42, true, false);
insert into team_matching (team_id, matching_record_id, eval_opposite, eval_stadium) values (5, 6, false, false);



