--team
insert into team (id, password, team_name, captain_name, tel, email, img_url, manner, skill, evaluation_count, user_role, created_at, created_by, modified_at, modified_by) values (1, '#f55111', 'Pathfinder', 'Simmonite', '971-761-3414', 'dsimmonite0@squidoo.com', 'http://dummyimage.com/153x100.png/dddddd/000000', 6, 5, 62, 'USER', '2022-11-27 22:20:07', 'Kinjite: Forbidden Subjects', '2022-08-01 17:44:50', 'Before and After');
insert into team (id, password, team_name, captain_name, tel, email, img_url, manner, skill, evaluation_count, user_role, created_at, created_by, modified_at, modified_by) values (2, '#0995f7', 'R32', 'Otterwell', '614-886-1988', 'lotterwell1@xinhuanet.com', 'http://dummyimage.com/228x100.png/5fa2dd/ffffff', 5, 4, 46, 'USER', '2023-04-28 08:16:50', 'How to Survive a Plague', '2023-01-08 00:49:24', 'Unconditional');
insert into team (id, password, team_name, captain_name, tel, email, img_url, manner, skill, evaluation_count, user_role, created_at, created_by, modified_at, modified_by) values (3, '#06bab2', '4Runner', 'Ferbrache', '167-183-6959', 'cferbrache2@flickr.com', 'http://dummyimage.com/147x100.png/5fa2dd/ffffff', 2, 1, 122, 'USER', '2022-12-19 03:44:35', 'Crawling Eye, The (a.k.a. Trollenberg Terror, The)', '2022-07-31 22:48:40', 'Stage Beauty');
insert into team (id, password, team_name, captain_name, tel, email, img_url, manner, skill, evaluation_count, user_role, created_at, created_by, modified_at, modified_by) values (4, '#f37a5d', '944', 'Vsanelli', '481-394-8333', 'mvsanelli3@a8.net', 'http://dummyimage.com/174x100.png/dddddd/000000', 2, 3, 8, 'USER', '2022-10-24 12:37:54', 'To Have and Have Not', '2022-11-16 02:07:11', 'Bring on the Night');
insert into team (id, password, team_name, captain_name, tel, email, img_url, manner, skill, evaluation_count, user_role, created_at, created_by, modified_at, modified_by) values (5, '#94ca90', 'Sunfire', 'Angless', '981-454-6386', 'gangless4@acquirethisname.com', 'http://dummyimage.com/128x100.png/dddddd/000000', 7, 3, 86, 'USER', '2023-07-14 11:06:38', 'Judith of Bethulia', '2023-06-25 19:38:46', 'Company Men, The');
insert into team (id, password, team_name, captain_name, tel, email, img_url, manner, skill, evaluation_count, user_role, created_at, created_by, modified_at, modified_by) values (6, '#0d254f', '5 Series', 'Abadam', '394-155-6293', 'dabadam5@newsvine.com', 'http://dummyimage.com/187x100.png/5fa2dd/ffffff', 2, 4, 163, 'USER', '2022-08-10 01:18:49', 'Wonderland', '2023-06-28 06:14:46', 'Boy Culture');
insert into team (id, password, team_name, captain_name, tel, email, img_url, manner, skill, evaluation_count, user_role, created_at, created_by, modified_at, modified_by) values (7, '#7304e2', 'Elise', 'Punyer', '328-526-5722', 'jpunyer6@dailymotion.com', null, 5, 2, 144, 'USER', '2022-11-30 03:30:49', 'Saint of Fort Washington, The', '2022-10-13 20:47:30', 'Beyond the Fear');
insert into team (id, password, team_name, captain_name, tel, email, img_url, manner, skill, evaluation_count, user_role, created_at, created_by, modified_at, modified_by) values (8, '#ebd0ec', '900', 'Fredy', '783-432-2663', 'mfredy7@linkedin.com', 'http://dummyimage.com/137x100.png/cc0000/ffffff', 1, 5, 107, 'USER', '2022-12-30 16:34:04', 'Two Much', '2022-12-17 17:24:42', 'Accidental Tourist, The');
insert into team (id, password, team_name, captain_name, tel, email, img_url, manner, skill, evaluation_count, user_role, created_at, created_by, modified_at, modified_by) values (9, '#b6f5c0', 'CX-5', 'Edworthy', '441-866-6359', 'eedworthy8@furl.net', null, 5, 4, 33, 'USER', '2022-11-30 05:51:50', 'Sophie''s Choice', '2023-02-10 05:44:25', 'Sixth of the World, A (Shestaya chast mira)');
insert into team (id, password, team_name, captain_name, tel, email, img_url, manner, skill, evaluation_count, user_role, created_at, created_by, modified_at, modified_by) values (10, '#413d72', 'SLK55 AMG', 'Stirtle', '930-302-0245', 'kstirtle9@patch.com', 'http://dummyimage.com/187x100.png/dddddd/000000', 2, 5, 133, 'USER', '2023-06-01 06:03:55', 'Day They Robbed the Bank of England, The', '2023-01-14 13:34:29', 'Execution Squad');
insert into team (id, password, team_name, captain_name, tel, email, img_url, manner, skill, evaluation_count, user_role, created_at, created_by, modified_at, modified_by) values (11, '#ca6cb0', 'C-Class', 'Pridden', '241-600-6737', 'dpriddena@exblog.jp', 'http://dummyimage.com/176x100.png/dddddd/000000', 3, 4, 74, 'USER', '2023-04-26 16:24:09', 'Panic in Year Zero!', '2022-10-17 23:12:33', 'Antarctica');
insert into team (id, password, team_name, captain_name, tel, email, img_url, manner, skill, evaluation_count, user_role, created_at, created_by, modified_at, modified_by) values (12, '#afd6ff', 'Cayenne', 'Morgue', '154-917-5016', 'wmorgueb@indiatimes.com', 'http://dummyimage.com/194x100.png/5fa2dd/ffffff', 1, 2, 66, 'USER', '2023-01-10 07:15:47', 'Jackass: The Movie', '2022-12-13 19:03:16', 'Man-Thing');
insert into team (id, password, team_name, captain_name, tel, email, img_url, manner, skill, evaluation_count, user_role, created_at, created_by, modified_at, modified_by) values (13, '#09db19', 'GS', 'Van Geffen', '677-147-2353', 'avangeffenc@edublogs.org', 'http://dummyimage.com/132x100.png/cc0000/ffffff', 1, 5, 84, 'USER', '2023-05-05 19:34:08', 'Batman Returns', '2022-09-23 14:51:17', 'Run of the Arrow');
insert into team (id, password, team_name, captain_name, tel, email, img_url, manner, skill, evaluation_count, user_role, created_at, created_by, modified_at, modified_by) values (14, '#f6946f', 'Millenia', 'Bonde', '668-504-9716', 'dbonded@rediff.com', null, 1, 1, 44, 'USER', '2023-05-26 08:39:52', 'Verdict, The', '2023-01-02 07:28:39', 'Tomorrow Night');
insert into team (id, password, team_name, captain_name, tel, email, img_url, manner, skill, evaluation_count, user_role, created_at, created_by, modified_at, modified_by) values (15, '#e5f6f8', 'Express 2500', 'Tittletross', '465-630-8142', 'ltittletrosse@ucoz.ru', 'http://dummyimage.com/174x100.png/5fa2dd/ffffff', 2, 5, 126, 'USER', '2023-06-11 22:58:02', 'Iron Rose, The (Rose de fer, La)', '2022-08-23 18:33:29', 'Chess Players, The (Shatranj Ke Khilari)');
insert into team (id, password, team_name, captain_name, tel, email, img_url, manner, skill, evaluation_count, user_role, created_at, created_by, modified_at, modified_by) values (16, '#3acd19', 'Prius', 'Woonton', '186-774-4798', 'swoontonf@csmonitor.com', 'http://dummyimage.com/107x100.png/5fa2dd/ffffff', 1, 2, 10, 'USER', '2022-10-01 00:29:57', 'Breezy', '2023-03-17 09:05:59', 'Peculiarities of the National Fishing (Osobennosti natsionalnoy rybalki)');
insert into team (id, password, team_name, captain_name, tel, email, img_url, manner, skill, evaluation_count, user_role, created_at, created_by, modified_at, modified_by) values (17, '#9ae68c', 'Carrera GT', 'MacGillacolm', '962-141-4745', 'amacgillacolmg@oakley.com', 'http://dummyimage.com/135x100.png/cc0000/ffffff', 6, 1, 45, 'USER', '2022-11-13 23:17:47', 'I Saw Mommy Kissing Santa Claus', '2023-02-23 06:37:14', 'Inn in Tokyo, An (Tôkyô no yado)');
insert into team (id, password, team_name, captain_name, tel, email, img_url, manner, skill, evaluation_count, user_role, created_at, created_by, modified_at, modified_by) values (18, '#24406c', 'Elantra', 'McCuaig', '277-731-1880', 'smccuaigh@unblog.fr', 'http://dummyimage.com/115x100.png/5fa2dd/ffffff', 5, 1, 118, 'USER', '2023-02-19 23:01:27', 'Dog Tags', '2022-12-13 06:10:52', 'George and the Dragon');
insert into team (id, password, team_name, captain_name, tel, email, img_url, manner, skill, evaluation_count, user_role, created_at, created_by, modified_at, modified_by) values (19, '#a5283d', 'Malibu', 'Clausen', '338-934-5559', 'jclauseni@webs.com', 'http://dummyimage.com/200x100.png/cc0000/ffffff', 3, 4, 197, 'USER', '2023-02-12 00:44:39', 'Destiny Turns on the Radio', '2022-08-01 14:29:13', 'Once Were Warriors');
insert into team (id, password, team_name, captain_name, tel, email, img_url, manner, skill, evaluation_count, user_role, created_at, created_by, modified_at, modified_by) values (20, '#a86e3e', 'Esprit', 'Wagerfield', '156-290-5338', 'bwagerfieldj@usnews.com', 'http://dummyimage.com/185x100.png/ff4444/ffffff', 3, 2, 10, 'USER', '2022-12-30 17:43:59', 'Street Thief', '2022-08-23 00:12:28', 'Lion in Winter, The');
insert into team (id, password, team_name, captain_name, tel, email, img_url, manner, skill, evaluation_count, user_role, created_at, created_by, modified_at, modified_by) values (21, '#75edfc', 'Grand Prix Turbo', 'Basilone', '457-290-5784', 'sbasilonek@hatena.ne.jp', 'http://dummyimage.com/235x100.png/ff4444/ffffff', 1, 2, 1, 'USER', '2022-12-31 08:31:19', 'Adventures of Tom Sawyer, The', '2023-03-08 05:15:20', 'Strangers in Good Company');
insert into team (id, password, team_name, captain_name, tel, email, img_url, manner, skill, evaluation_count, user_role, created_at, created_by, modified_at, modified_by) values (22, '#32a812', 'Diamante', 'Myrie', '204-603-6787', 'rmyriel@nasa.gov', 'http://dummyimage.com/201x100.png/cc0000/ffffff', 3, 2, 181, 'USER', '2022-12-21 07:42:46', 'Harriet the Spy', '2022-11-06 03:37:43', 'One Man Up (L''uomo in più)');
insert into team (id, password, team_name, captain_name, tel, email, img_url, manner, skill, evaluation_count, user_role, created_at, created_by, modified_at, modified_by) values (23, '#e03564', 'TL', 'Blazevic', '126-595-5226', 'ablazevicm@sakura.ne.jp', 'http://dummyimage.com/180x100.png/dddddd/000000', 3, 2, 18, 'USER', '2022-10-17 09:41:12', 'Murder on Flight 502', '2022-12-20 05:53:09', 'Norma Rae');
insert into team (id, password, team_name, captain_name, tel, email, img_url, manner, skill, evaluation_count, user_role, created_at, created_by, modified_at, modified_by) values (24, '#c0dcd7', 'Express 3500', 'Walthall', '102-485-2244', 'fwalthalln@pagesperso-orange.fr', 'http://dummyimage.com/212x100.png/cc0000/ffffff', 1, 4, 125, 'USER', '2023-06-17 07:32:59', 'Scandal (Shubun)', '2022-10-28 22:32:24', 'Life of a King');
insert into team (id, password, team_name, captain_name, tel, email, img_url, manner, skill, evaluation_count, user_role, created_at, created_by, modified_at, modified_by) values (25, '#e86005', 'Caprice Classic', 'Ings', '290-509-6495', 'lingso@vinaora.com', 'http://dummyimage.com/222x100.png/cc0000/ffffff', 1, 4, 97, 'USER', '2023-04-20 17:07:53', 'Topkapi', '2022-11-01 15:37:12', 'Comanche Station');
insert into team (id, password, team_name, captain_name, tel, email, img_url, manner, skill, evaluation_count, user_role, created_at, created_by, modified_at, modified_by) values (26, '#8194f1', 'Bravada', 'Jarrad', '738-873-1908', 'djarradp@webmd.com', 'http://dummyimage.com/228x100.png/cc0000/ffffff', 4, 4, 173, 'USER', '2023-07-09 16:06:01', 'Phantasm', '2023-05-07 09:12:01', 'Bubble Boy');
insert into team (id, password, team_name, captain_name, tel, email, img_url, manner, skill, evaluation_count, user_role, created_at, created_by, modified_at, modified_by) values (27, '#7e3548', 'Bonneville', 'Skylett', '132-339-4679', 'rskylettq@networkadvertising.org', null, 4, 4, 109, 'USER', '2023-04-12 02:56:38', 'Illuminata', '2023-07-06 01:24:05', 'Have Dreams, Will Travel');
insert into team (id, password, team_name, captain_name, tel, email, img_url, manner, skill, evaluation_count, user_role, created_at, created_by, modified_at, modified_by) values (28, '#68ca8f', 'Element', 'Condliffe', '640-847-9425', 'gcondliffer@yahoo.co.jp', 'http://dummyimage.com/211x100.png/cc0000/ffffff', 5, 1, 62, 'USER', '2023-02-11 02:20:33', 'Gorgeous Hussy, The', '2022-11-16 10:43:20', 'Last Command, The');
insert into team (id, password, team_name, captain_name, tel, email, img_url, manner, skill, evaluation_count, user_role, created_at, created_by, modified_at, modified_by) values (29, '#a06595', 'Malibu', 'Ashfield', '792-542-0269', 'dashfields@wix.com', 'http://dummyimage.com/195x100.png/ff4444/ffffff', 6, 5, 38, 'USER', '2023-01-01 09:36:15', 'Personal Effects', '2023-06-27 01:50:15', 'Brother Rat');
insert into team (id, password, team_name, captain_name, tel, email, img_url, manner, skill, evaluation_count, user_role, created_at, created_by, modified_at, modified_by) values (30, '#390f6c', 'Elise', 'Ashworth', '879-899-3287', 'sashwortht@cmu.edu', 'http://dummyimage.com/167x100.png/5fa2dd/ffffff', 6, 3, 28, 'USER', '2023-05-11 05:12:31', 'Don''t Look Back (Ne te retourne pas)', '2022-12-10 02:35:35', 'Corruption (a.k.a. Carnage)');
insert into team (id, password, team_name, captain_name, tel, email, img_url, manner, skill, evaluation_count, user_role, created_at, created_by, modified_at, modified_by) values (31, '#4138be', 'Accent', 'McAlpine', '305-892-5940', 'rmcalpineu@shutterfly.com', 'http://dummyimage.com/192x100.png/cc0000/ffffff', 4, 2, 3, 'USER', '2022-09-23 02:30:03', 'Futurama: Bender''s Big Score', '2023-07-15 06:53:17', 'Varg Veum - Bitter Flowers (Varg Veum - Bitre Blomster)');
insert into team (id, password, team_name, captain_name, tel, email, img_url, manner, skill, evaluation_count, user_role, created_at, created_by, modified_at, modified_by) values (32, '#b374ae', 'SRX', 'Alywin', '808-680-6329', 'malywinv@adobe.com', 'http://dummyimage.com/149x100.png/ff4444/ffffff', 4, 5, 169, 'USER', '2023-01-18 22:47:34', 'Acts of Worship ', '2023-04-14 10:44:34', 'Going to Kansas City');
insert into team (id, password, team_name, captain_name, tel, email, img_url, manner, skill, evaluation_count, user_role, created_at, created_by, modified_at, modified_by) values (33, '#21993b', 'Bronco', 'Billing', '383-132-4725', 'dbillingw@irs.gov', null, 1, 1, 16, 'USER', '2023-05-06 03:58:55', 'Nevada Smith', '2023-02-10 09:52:12', 'Girl, The');
insert into team (id, password, team_name, captain_name, tel, email, img_url, manner, skill, evaluation_count, user_role, created_at, created_by, modified_at, modified_by) values (34, '#b53ef5', 'Savana', 'Bernlin', '544-678-7406', 'abernlinx@rakuten.co.jp', 'http://dummyimage.com/241x100.png/ff4444/ffffff', 6, 2, 46, 'USER', '2023-07-03 21:39:16', 'Santa Claus', '2023-07-05 07:19:03', 'Happy Feet Two');
insert into team (id, password, team_name, captain_name, tel, email, img_url, manner, skill, evaluation_count, user_role, created_at, created_by, modified_at, modified_by) values (35, '#63de5d', 'Cobalt SS', 'Canto', '875-222-4570', 'dcantoy@dropbox.com', 'http://dummyimage.com/113x100.png/ff4444/ffffff', 2, 5, 64, 'USER', '2023-06-14 15:50:33', 'Mysterious Skin', '2023-02-13 00:59:01', 'Laws of Gravity');
insert into team (id, password, team_name, captain_name, tel, email, img_url, manner, skill, evaluation_count, user_role, created_at, created_by, modified_at, modified_by) values (36, '#70a6a6', 'ES', 'Arnaldi', '852-313-2393', 'garnaldiz@illinois.edu', null, 6, 4, 155, 'USER', '2022-09-03 18:01:20', 'Marjorie Morningstar', '2023-07-01 05:13:13', 'Way You Wanted Me, The (Sellaisena kuin sinä minut halusit)');
insert into team (id, password, team_name, captain_name, tel, email, img_url, manner, skill, evaluation_count, user_role, created_at, created_by, modified_at, modified_by) values (37, '#97bf41', '57', 'Linklater', '978-979-3184', 'alinklater10@hugedomains.com', 'http://dummyimage.com/194x100.png/5fa2dd/ffffff', 2, 5, 101, 'USER', '2023-01-24 03:21:52', 'Asterix vs. Caesar (Astérix et la surprise de César)', '2023-03-13 11:02:49', 'Vampyros Lesbos (Vampiras, Las)');
insert into team (id, password, team_name, captain_name, tel, email, img_url, manner, skill, evaluation_count, user_role, created_at, created_by, modified_at, modified_by) values (38, '#ee3859', 'Grand Caravan', 'Beller', '946-593-6156', 'mbeller11@huffingtonpost.com', 'http://dummyimage.com/221x100.png/ff4444/ffffff', 3, 4, 146, 'USER', '2023-07-11 09:36:43', 'Citadel, The', '2023-05-24 16:30:40', 'Express, The');
insert into team (id, password, team_name, captain_name, tel, email, img_url, manner, skill, evaluation_count, user_role, created_at, created_by, modified_at, modified_by) values (39, '#b1fcaa', 'Skylark', 'Kornilov', '909-991-9207', 'wkornilov12@ox.ac.uk', 'http://dummyimage.com/200x100.png/5fa2dd/ffffff', 1, 2, 175, 'USER', '2023-04-02 22:20:52', 'American Heart', '2023-05-07 01:36:09', 'One Night at McCool''s');
insert into team (id, password, team_name, captain_name, tel, email, img_url, manner, skill, evaluation_count, user_role, created_at, created_by, modified_at, modified_by) values (40, '#04c921', 'Fusion', 'Stokoe', '484-377-8500', 'hstokoe13@usgs.gov', 'http://dummyimage.com/174x100.png/cc0000/ffffff', 3, 5, 109, 'USER', '2023-03-17 12:55:54', 'Enter the Dragon', '2022-09-25 20:34:41', 'Cabin Boy');
insert into team (id, password, team_name, captain_name, tel, email, img_url, manner, skill, evaluation_count, user_role, created_at, created_by, modified_at, modified_by) values (41, '#8595ed', 'Express 3500', 'Hamments', '195-291-6891', 'mhamments14@mlb.com', null, 1, 1, 119, 'USER', '2022-10-19 22:17:29', 'BlinkyTM', '2023-03-11 08:59:40', 'Fantasma');
insert into team (id, password, team_name, captain_name, tel, email, img_url, manner, skill, evaluation_count, user_role, created_at, created_by, modified_at, modified_by) values (42, '#97a4d0', 'Evora', 'Spittles', '509-263-5151', 'aspittles15@jalbum.net', 'http://dummyimage.com/120x100.png/5fa2dd/ffffff', 1, 3, 84, 'USER', '2022-12-14 18:15:13', 'What Did the Lady Forget? (Shukujo wa nani o wasureta ka) ', '2023-02-17 04:11:23', '21 Hours at Munich');
insert into team (id, password, team_name, captain_name, tel, email, img_url, manner, skill, evaluation_count, user_role, created_at, created_by, modified_at, modified_by) values (43, '#0aaff1', 'Diamante', 'Robbeke', '957-383-0945', 'wrobbeke16@myspace.com', null, 6, 4, 74, 'USER', '2023-04-07 15:51:50', 'House of Wax', '2023-05-02 02:51:42', 'Cambridge Spies');
insert into team (id, password, team_name, captain_name, tel, email, img_url, manner, skill, evaluation_count, user_role, created_at, created_by, modified_at, modified_by) values (44, '#53426b', 'F150', 'Spellman', '591-244-0765', 'jspellman17@prnewswire.com', 'http://dummyimage.com/159x100.png/cc0000/ffffff', 1, 3, 41, 'USER', '2022-11-25 10:10:29', 'Charlie Countryman', '2022-10-16 20:26:56', 'KM 31: Kilometro 31');
insert into team (id, password, team_name, captain_name, tel, email, img_url, manner, skill, evaluation_count, user_role, created_at, created_by, modified_at, modified_by) values (45, '#f3ae22', 'Echo', 'Currum', '785-668-4026', 'fcurrum18@1und1.de', null, 3, 4, 40, 'USER', '2023-01-20 21:50:43', 'Breathless', '2022-09-01 07:26:08', 'Mirage');
insert into team (id, password, team_name, captain_name, tel, email, img_url, manner, skill, evaluation_count, user_role, created_at, created_by, modified_at, modified_by) values (46, '#0b444a', 'Grand Prix', 'Spraberry', '959-330-7968', 'fspraberry19@ucla.edu', 'http://dummyimage.com/119x100.png/ff4444/ffffff', 5, 2, 88, 'USER', '2022-08-14 03:36:08', 'Gnomeo & Juliet', '2023-04-27 19:26:09', 'Fear[s] of the Dark (Peur[s] du noir)');
insert into team (id, password, team_name, captain_name, tel, email, img_url, manner, skill, evaluation_count, user_role, created_at, created_by, modified_at, modified_by) values (47, '#9cfbc2', 'Land Cruiser', 'Headan', '543-229-5028', 'rheadan1a@behance.net', 'http://dummyimage.com/107x100.png/5fa2dd/ffffff', 6, 2, 108, 'USER', '2023-05-16 05:18:49', 'By the Law', '2023-01-20 21:01:37', 'National Lampoon''s Pucked');
insert into team (id, password, team_name, captain_name, tel, email, img_url, manner, skill, evaluation_count, user_role, created_at, created_by, modified_at, modified_by) values (48, '#772696', 'Mazda5', 'Kinsella', '551-424-1350', 'akinsella1b@amazon.com', 'http://dummyimage.com/112x100.png/cc0000/ffffff', 7, 2, 181, 'USER', '2022-11-02 05:26:30', 'Summer School', '2023-01-15 10:21:08', 'Two Mules for Sister Sara');
insert into team (id, password, team_name, captain_name, tel, email, img_url, manner, skill, evaluation_count, user_role, created_at, created_by, modified_at, modified_by) values (49, '#159151', 'Frontier', 'MacDavitt', '546-272-6946', 'hmacdavitt1c@pen.io', null, 1, 1, 15, 'USER', '2023-01-23 01:33:01', 'American Crude', '2023-01-05 22:21:14', 'Recipes for Disaster');
insert into team (id, password, team_name, captain_name, tel, email, img_url, manner, skill, evaluation_count, user_role, created_at, created_by, modified_at, modified_by) values (50, '#533bb7', 'Mazda5', 'Wildsmith', '157-344-5091', 'mwildsmith1d@amazon.com', 'http://dummyimage.com/169x100.png/5fa2dd/ffffff', 2, 4, 17, 'USER', '2022-10-25 16:25:49', 'Kestrel''s Eye (Falkens öga)', '2022-12-08 23:55:23', 'Bound by Honor (a.k.a. Blood In, Blood Out)');
insert into team (id, password, team_name, captain_name, tel, email, img_url, manner, skill, evaluation_count, user_role, created_at, created_by, modified_at, modified_by) values (51, '#d0f0f9', 'V8 Vantage', 'Plet', '671-508-8757', 'jplet1e@ox.ac.uk', 'http://dummyimage.com/109x100.png/ff4444/ffffff', 4, 1, 88, 'USER', '2022-09-16 11:26:13', 'Hindenburg, The', '2022-12-30 23:15:36', 'Hole, The');
insert into team (id, password, team_name, captain_name, tel, email, img_url, manner, skill, evaluation_count, user_role, created_at, created_by, modified_at, modified_by) values (52, '#029e8a', 'MKZ', 'McCandless', '404-551-8683', 'xmccandless1f@diigo.com', 'http://dummyimage.com/166x100.png/5fa2dd/ffffff', 2, 4, 125, 'USER', '2022-10-18 11:43:10', 'Unconquered', '2023-05-05 15:57:15', 'Des gens qui s''embrassent');
insert into team (id, password, team_name, captain_name, tel, email, img_url, manner, skill, evaluation_count, user_role, created_at, created_by, modified_at, modified_by) values (53, '#f24550', 'Voyager', 'Wloch', '329-952-9712', 'mwloch1g@msu.edu', null, 4, 5, 83, 'USER', '2022-09-14 18:19:14', 'Donovan''s Echo', '2022-08-05 21:16:38', 'Curse of Chucky (Child''s Play 6)');
insert into team (id, password, team_name, captain_name, tel, email, img_url, manner, skill, evaluation_count, user_role, created_at, created_by, modified_at, modified_by) values (54, '#6840b3', 'Compass', 'Langfat', '769-557-7943', 'tlangfat1h@4shared.com', 'http://dummyimage.com/223x100.png/dddddd/000000', 4, 3, 146, 'USER', '2022-11-24 06:03:32', 'Heartbreakers', '2023-01-12 23:17:30', 'Gilda');
insert into team (id, password, team_name, captain_name, tel, email, img_url, manner, skill, evaluation_count, user_role, created_at, created_by, modified_at, modified_by) values (55, '#c69bc4', 'Mountaineer', 'Naile', '468-608-0975', 'anaile1i@wikimedia.org', 'http://dummyimage.com/210x100.png/ff4444/ffffff', 7, 2, 60, 'USER', '2023-02-27 05:43:22', 'It Could Happen to You', '2023-05-16 10:57:32', 'Bounty Killer');
insert into team (id, password, team_name, captain_name, tel, email, img_url, manner, skill, evaluation_count, user_role, created_at, created_by, modified_at, modified_by) values (56, '#0cc126', 'XF', 'Aldcorn', '912-160-7175', 'kaldcorn1j@accuweather.com', 'http://dummyimage.com/103x100.png/cc0000/ffffff', 3, 1, 179, 'USER', '2023-07-11 02:36:03', 'Slumber Party ''57', '2023-07-01 13:17:01', 'Swamp, The (Ciénaga, La)');
insert into team (id, password, team_name, captain_name, tel, email, img_url, manner, skill, evaluation_count, user_role, created_at, created_by, modified_at, modified_by) values (57, '#23e940', 'LeMans', 'Perring', '664-199-7611', 'iperring1k@geocities.com', 'http://dummyimage.com/224x100.png/ff4444/ffffff', 7, 1, 161, 'USER', '2023-06-15 07:33:50', 'Wild Zero', '2022-12-14 23:34:25', 'Life and Nothing But (Vie et rien d''autre, La)');
insert into team (id, password, team_name, captain_name, tel, email, img_url, manner, skill, evaluation_count, user_role, created_at, created_by, modified_at, modified_by) values (58, '#4ae1fa', 'GTI', 'Wixon', '353-267-2932', 'awixon1l@dion.ne.jp', 'http://dummyimage.com/149x100.png/5fa2dd/ffffff', 7, 4, 142, 'USER', '2022-10-26 18:23:36', 'Wild Party, The', '2023-03-01 15:16:10', 'Last Real Men, The (Die letzten Männer)');
insert into team (id, password, team_name, captain_name, tel, email, img_url, manner, skill, evaluation_count, user_role, created_at, created_by, modified_at, modified_by) values (59, '#d104d7', 'Dakota', 'Kondratenko', '582-846-3247', 'wkondratenko1m@shinystat.com', 'http://dummyimage.com/168x100.png/ff4444/ffffff', 6, 1, 47, 'USER', '2023-06-17 16:35:41', 'Dangerous Davies: The Last Detective', '2022-11-09 07:12:40', 'Slaughter');
insert into team (id, password, team_name, captain_name, tel, email, img_url, manner, skill, evaluation_count, user_role, created_at, created_by, modified_at, modified_by) values (60, '#d5bdb9', 'QX', 'Lievesley', '514-815-5902', 'tlievesley1n@harvard.edu', 'http://dummyimage.com/132x100.png/5fa2dd/ffffff', 6, 5, 142, 'USER', '2022-07-18 21:13:53', 'Frankie and Johnny', '2023-02-04 23:08:56', 'I Have Found It (Kandukondain Kandukondain)');
insert into team (id, password, team_name, captain_name, tel, email, img_url, manner, skill, evaluation_count, user_role, created_at, created_by, modified_at, modified_by) values (61, '#c6f8b3', 'Pathfinder', 'Oldcroft', '393-665-4944', 'soldcroft1o@stanford.edu', 'http://dummyimage.com/202x100.png/ff4444/ffffff', 4, 3, 177, 'USER', '2023-01-11 11:55:23', 'Big Heat, The', '2022-11-09 10:02:53', 'Let''s Be Cops');
insert into team (id, password, team_name, captain_name, tel, email, img_url, manner, skill, evaluation_count, user_role, created_at, created_by, modified_at, modified_by) values (62, '#57a68f', 'Montero', 'Rizzo', '438-966-1074', 'frizzo1p@cornell.edu', 'http://dummyimage.com/222x100.png/dddddd/000000', 6, 3, 176, 'USER', '2023-03-09 18:21:17', 'My Kingdom', '2023-05-11 16:53:48', 'Dispatch from Reuter''s, A');
insert into team (id, password, team_name, captain_name, tel, email, img_url, manner, skill, evaluation_count, user_role, created_at, created_by, modified_at, modified_by) values (63, '#28ac17', '9-7X', 'Bembrigg', '723-354-2699', 'dbembrigg1q@cyberchimps.com', 'http://dummyimage.com/199x100.png/ff4444/ffffff', 1, 1, 174, 'USER', '2023-06-24 09:51:52', 'Fiend with the Electronic Brain (Blood of Ghastly Horror)', '2023-01-28 22:11:50', 'Intended, The');
insert into team (id, password, team_name, captain_name, tel, email, img_url, manner, skill, evaluation_count, user_role, created_at, created_by, modified_at, modified_by) values (64, '#67b13c', 'Sephia', 'Skerman', '857-479-8936', 'bskerman1r@sun.com', 'http://dummyimage.com/209x100.png/ff4444/ffffff', 3, 2, 104, 'USER', '2023-05-11 02:15:25', 'Turbo: A Power Rangers Movie', '2023-03-10 01:03:11', 'Interpreter, The');
insert into team (id, password, team_name, captain_name, tel, email, img_url, manner, skill, evaluation_count, user_role, created_at, created_by, modified_at, modified_by) values (65, '#30a81e', 'RAV4', 'Maben', '276-769-2962', 'mmaben1s@themeforest.net', 'http://dummyimage.com/139x100.png/5fa2dd/ffffff', 2, 5, 59, 'USER', '2022-12-22 11:12:12', 'Love Bug, The', '2022-08-24 20:12:40', 'Mystery of the Yellow Room, The (Mystère de la chambre jaune, Le)');
insert into team (id, password, team_name, captain_name, tel, email, img_url, manner, skill, evaluation_count, user_role, created_at, created_by, modified_at, modified_by) values (66, '#275cfc', 'Corvair', 'Awin', '201-219-1870', 'eawin1t@123-reg.co.uk', 'http://dummyimage.com/160x100.png/ff4444/ffffff', 1, 1, 174, 'USER', '2023-06-15 23:09:22', 'Bee Season', '2023-04-17 07:11:46', 'Mystery Date');
insert into team (id, password, team_name, captain_name, tel, email, img_url, manner, skill, evaluation_count, user_role, created_at, created_by, modified_at, modified_by) values (67, '#c984c0', 'Corolla', 'Moberley', '996-506-9409', 'gmoberley1u@discovery.com', null, 3, 4, 53, 'USER', '2022-11-30 17:11:30', 'Alien', '2023-01-01 05:22:09', 'Death of a Bureaucrat (La muerte de un burócrata)');
insert into team (id, password, team_name, captain_name, tel, email, img_url, manner, skill, evaluation_count, user_role, created_at, created_by, modified_at, modified_by) values (68, '#a1395f', 'Impala SS', 'Rutherford', '537-759-9993', 'arutherford1v@php.net', 'http://dummyimage.com/156x100.png/ff4444/ffffff', 2, 2, 132, 'USER', '2023-01-03 08:05:31', 'Roman Polanski: Wanted and Desired', '2022-12-14 14:58:06', 'Good For Nothing');
insert into team (id, password, team_name, captain_name, tel, email, img_url, manner, skill, evaluation_count, user_role, created_at, created_by, modified_at, modified_by) values (69, '#050cfc', 'Expedition', 'Zywicki', '251-980-8606', 'jzywicki1w@blogtalkradio.com', null, 4, 5, 139, 'USER', '2023-06-16 18:10:57', 'Presence, The', '2022-12-23 11:57:16', 'Changeling, The');
insert into team (id, password, team_name, captain_name, tel, email, img_url, manner, skill, evaluation_count, user_role, created_at, created_by, modified_at, modified_by) values (70, '#a670cd', 'F450', 'Vasenin', '482-313-7561', 'rvasenin1x@hibu.com', 'http://dummyimage.com/149x100.png/5fa2dd/ffffff', 2, 3, 72, 'USER', '2022-07-31 02:41:38', 'We Cause Scenes', '2023-07-02 22:35:15', 'Dragonworld');
insert into team (id, password, team_name, captain_name, tel, email, img_url, manner, skill, evaluation_count, user_role, created_at, created_by, modified_at, modified_by) values (71, '#c59dff', 'Pacifica', 'Elwill', '847-109-6099', 'delwill1y@storify.com', 'http://dummyimage.com/240x100.png/cc0000/ffffff', 7, 4, 128, 'USER', '2022-08-19 20:48:19', 'American Ninja 4: The Annihilation', '2023-01-04 04:00:58', 'Forget Paris');
insert into team (id, password, team_name, captain_name, tel, email, img_url, manner, skill, evaluation_count, user_role, created_at, created_by, modified_at, modified_by) values (72, '#f7081d', 'Skylark', 'Cowderoy', '888-700-3830', 'wcowderoy1z@technorati.com', 'http://dummyimage.com/217x100.png/dddddd/000000', 1, 3, 135, 'USER', '2022-10-06 18:01:01', 'Lunch Break', '2023-05-13 17:15:22', 'Righteous Kill');
insert into team (id, password, team_name, captain_name, tel, email, img_url, manner, skill, evaluation_count, user_role, created_at, created_by, modified_at, modified_by) values (73, '#e468f6', 'Ram Van 3500', 'Itzakson', '271-331-5394', 'nitzakson20@mtv.com', null, 2, 1, 123, 'USER', '2023-04-02 07:15:04', 'Merantau', '2023-01-16 11:35:14', 'Eagle vs Shark');
insert into team (id, password, team_name, captain_name, tel, email, img_url, manner, skill, evaluation_count, user_role, created_at, created_by, modified_at, modified_by) values (74, '#981b6c', 'Silverado 1500', 'McGuinley', '225-458-6361', 'pmcguinley21@ifeng.com', 'http://dummyimage.com/195x100.png/5fa2dd/ffffff', 1, 4, 153, 'USER', '2022-12-20 10:22:55', 'September Issue, The', '2022-11-19 10:15:16', 'Venus');
insert into team (id, password, team_name, captain_name, tel, email, img_url, manner, skill, evaluation_count, user_role, created_at, created_by, modified_at, modified_by) values (75, '#63ce2d', 'Skylark', 'Collymore', '285-668-7439', 'gcollymore22@gravatar.com', 'http://dummyimage.com/121x100.png/dddddd/000000', 3, 2, 154, 'USER', '2022-09-14 15:11:57', 'Alive', '2023-06-27 19:19:15', 'Reality');
insert into team (id, password, team_name, captain_name, tel, email, img_url, manner, skill, evaluation_count, user_role, created_at, created_by, modified_at, modified_by) values (76, '#3a930e', 'E-Series', 'Di Gregorio', '996-231-6147', 'ldigregorio23@disqus.com', 'http://dummyimage.com/216x100.png/dddddd/000000', 6, 5, 126, 'USER', '2023-06-12 02:52:43', 'Goodbye to Language 3D', '2023-06-05 10:39:13', 'Meltdown: Days of Destruction');
insert into team (id, password, team_name, captain_name, tel, email, img_url, manner, skill, evaluation_count, user_role, created_at, created_by, modified_at, modified_by) values (77, '#5141a5', 'B-Series Plus', 'Aucutt', '395-895-4691', 'eaucutt24@ifeng.com', 'http://dummyimage.com/125x100.png/dddddd/000000', 1, 4, 108, 'USER', '2023-06-08 15:17:30', 'Tu£sday', '2023-02-14 02:18:39', 'Starcrash (a.k.a. Star Crash)');
insert into team (id, password, team_name, captain_name, tel, email, img_url, manner, skill, evaluation_count, user_role, created_at, created_by, modified_at, modified_by) values (78, '#94abaf', 'Silverado 1500', 'Cheves', '306-622-3360', 'scheves25@howstuffworks.com', 'http://dummyimage.com/175x100.png/dddddd/000000', 3, 3, 176, 'USER', '2023-03-03 02:38:07', 'Doppelganger', '2022-10-13 03:16:59', 'Julius Caesar');
insert into team (id, password, team_name, captain_name, tel, email, img_url, manner, skill, evaluation_count, user_role, created_at, created_by, modified_at, modified_by) values (79, '#9a68e0', 'S5', 'Dougary', '904-948-5035', 'ldougary26@japanpost.jp', 'http://dummyimage.com/174x100.png/dddddd/000000', 1, 3, 15, 'USER', '2023-05-09 14:35:27', 'Marley', '2023-03-06 11:12:23', 'Treasure Island');
insert into team (id, password, team_name, captain_name, tel, email, img_url, manner, skill, evaluation_count, user_role, created_at, created_by, modified_at, modified_by) values (80, '#a2e527', 'Grand Prix', 'Golley', '680-919-0061', 'mgolley27@yellowbook.com', null, 4, 3, 181, 'USER', '2023-03-24 18:42:51', 'We''re the Millers', '2022-10-25 23:42:45', 'Don''t Go Breaking My Heart (Daan gyun naam yu)');
insert into team (id, password, team_name, captain_name, tel, email, img_url, manner, skill, evaluation_count, user_role, created_at, created_by, modified_at, modified_by) values ('aabb', '$2a$10$hnyMqyMKlO1pnxOgBQuc7epSDEZAZ.8RPOMafKZhVgULIwBxOBUxW', '민지와아이들', '서민지', '182-861-7849', 'aabb0219@naver.com', null, 7, 5, 51, 'USER', '2023-06-10 05:59:17', 'Belarmino', '2022-09-11 22:01:22', 'It''s Alive');



--team-review
insert into team_review (team_id, manner, skill, created_at, created_by, modified_at, modified_by) values (28, 6, 3, '2022-10-29 00:48:57', 'Austin Powers: International Man of Mystery', '2023-03-12 20:19:54', 'Alibi, The (Lies and Alibis)');
insert into team_review (team_id, manner, skill, created_at, created_by, modified_at, modified_by) values (52, 4, 1, '2022-08-11 11:09:14', 'Mary and Max', '2023-04-28 09:15:36', 'Nightmare in Las Cruces, A');
insert into team_review (team_id, manner, skill, created_at, created_by, modified_at, modified_by) values (71, 1, 3, '2022-11-30 14:28:42', 'To Paint or Make Love (Peindre ou faire l''amour)', '2023-03-26 03:10:47', 'Coming Home (Gui lai)');
insert into team_review (team_id, manner, skill, created_at, created_by, modified_at, modified_by) values (30, 3, 3, '2022-08-06 09:33:16', 'Alaska: Spirit of the Wild', '2023-04-15 13:37:34', 'Fifth Commandment, The');
insert into team_review (team_id, manner, skill, created_at, created_by, modified_at, modified_by) values (2, 5, 5, '2022-07-30 10:36:55', 'Hunt, The (Caza, La)', '2022-11-03 00:01:56', 'Burn');
insert into team_review (team_id, manner, skill, created_at, created_by, modified_at, modified_by) values (75, 4, 4, '2022-09-11 01:22:44', 'Stagecoach', '2022-08-27 07:28:52', 'That Was Then... This Is Now');
insert into team_review (team_id, manner, skill, created_at, created_by, modified_at, modified_by) values (72, 3, 1, '2022-08-28 09:57:28', 'Gospel, The', '2022-12-11 06:16:57', 'Easier with Practice');
insert into team_review (team_id, manner, skill, created_at, created_by, modified_at, modified_by) values (66, 1, 5, '2023-05-27 03:28:28', 'Come September', '2023-01-30 09:00:39', 'Of Freaks and Men (Pro urodov i lyudey)');
insert into team_review (team_id, manner, skill, created_at, created_by, modified_at, modified_by) values (32, 1, 2, '2023-01-24 10:49:27', 'Someday This Pain Will Be Useful to You', '2022-08-29 06:15:58', 'Nosferatu the Vampyre (Nosferatu: Phantom der Nacht)');
insert into team_review (team_id, manner, skill, created_at, created_by, modified_at, modified_by) values (74, 5, 1, '2022-11-23 06:06:04', 'This Land Is Mine', '2023-01-09 09:43:27', '48 Shades');
insert into team_review (team_id, manner, skill, created_at, created_by, modified_at, modified_by) values (21, 5, 2, '2023-01-14 17:15:41', 'Muppets From Space', '2022-08-25 12:49:57', 'Sound of Fury, The');
insert into team_review (team_id, manner, skill, created_at, created_by, modified_at, modified_by) values (63, 5, 3, '2022-09-12 09:37:52', 'How to Deal', '2022-12-18 17:33:53', 'Finding Bliss');
insert into team_review (team_id, manner, skill, created_at, created_by, modified_at, modified_by) values (10, 5, 2, '2023-01-06 05:05:00', 'Borderline', '2022-12-01 02:26:47', 'Ruby Cairo');
insert into team_review (team_id, manner, skill, created_at, created_by, modified_at, modified_by) values (2, 5, 2, '2023-05-10 01:54:45', 'This Above All', '2022-12-13 08:36:17', 'Fourth State, The (Die vierte Macht)');
insert into team_review (team_id, manner, skill, created_at, created_by, modified_at, modified_by) values (76, 4, 4, '2023-01-17 07:25:11', 'Death on the Staircase (Soupçons)', '2023-06-30 11:35:44', 'Bread, Love and Dreams (Pane, amore e fantasia)');
insert into team_review (team_id, manner, skill, created_at, created_by, modified_at, modified_by) values (16, 1, 2, '2022-09-11 01:50:39', 'Taxing Woman, A (Marusa no onna)', '2022-11-12 06:06:15', 'Return of the King, The');
insert into team_review (team_id, manner, skill, created_at, created_by, modified_at, modified_by) values (11, 5, 2, '2022-09-23 21:28:23', 'Assassination Tango', '2023-03-07 00:57:57', 'Of Love and Shadows');
insert into team_review (team_id, manner, skill, created_at, created_by, modified_at, modified_by) values (24, 1, 3, '2023-05-14 13:49:37', 'Peep World', '2023-06-23 10:25:22', 'Impudent Girl (L''effrontée)');
insert into team_review (team_id, manner, skill, created_at, created_by, modified_at, modified_by) values (48, 5, 5, '2023-02-10 21:05:54', 'Plato''s Academy', '2022-10-13 21:05:36', 'Billy Elliot');
insert into team_review (team_id, manner, skill, created_at, created_by, modified_at, modified_by) values (38, 2, 5, '2023-06-08 10:37:03', 'My Best Friend (Mon meilleur ami)', '2022-07-24 20:03:55', 'Zulu');
insert into team_review (team_id, manner, skill, created_at, created_by, modified_at, modified_by) values (53, 5, 2, '2023-04-03 20:15:41', 'Knack ...and How to Get It, The', '2023-02-27 06:58:36', 'Leopard Son, The');
insert into team_review (team_id, manner, skill, created_at, created_by, modified_at, modified_by) values (59, 1, 2, '2023-06-16 08:11:11', 'Trixie', '2022-08-03 22:28:53', 'Fragile Trust: Plagiarism, Power, and Jayson Blair at the New York Times, A');
insert into team_review (team_id, manner, skill, created_at, created_by, modified_at, modified_by) values (50, 2, 5, '2023-06-23 04:43:15', 'The Girls', '2023-02-21 16:44:58', 'L.A. Confidential');
insert into team_review (team_id, manner, skill, created_at, created_by, modified_at, modified_by) values (77, 3, 2, '2023-01-07 00:19:46', 'Counter Investigation (Contre-enquête)', '2022-10-13 00:11:13', 'At Land');
insert into team_review (team_id, manner, skill, created_at, created_by, modified_at, modified_by) values (65, 5, 2, '2023-05-20 11:22:08', 'Ill Gotten Gains', '2022-10-07 19:23:02', 'Mosquito Net, The (La mosquitera)');
insert into team_review (team_id, manner, skill, created_at, created_by, modified_at, modified_by) values (74, 4, 4, '2022-09-27 23:16:46', 'Jack Ryan: Shadow Recruit', '2023-06-10 23:38:37', 'Flakes');
insert into team_review (team_id, manner, skill, created_at, created_by, modified_at, modified_by) values (18, 2, 2, '2022-09-15 04:19:21', 'Great Balls of Fire!', '2023-03-14 19:04:20', 'Jubal');
insert into team_review (team_id, manner, skill, created_at, created_by, modified_at, modified_by) values (13, 3, 2, '2022-12-22 05:59:26', 'Prick Up Your Ears', '2023-06-22 11:56:58', 'Sixth of the World, A (Shestaya chast mira)');
insert into team_review (team_id, manner, skill, created_at, created_by, modified_at, modified_by) values (25, 3, 2, '2023-03-23 08:01:27', 'Tasting Menu', '2023-03-17 02:53:29', 'Mentor');
insert into team_review (team_id, manner, skill, created_at, created_by, modified_at, modified_by) values (63, 1, 1, '2023-03-20 12:47:54', 'Damned, The (La Caduta degli dei)', '2022-10-07 14:18:15', 'Twice Upon a Time');
insert into team_review (team_id, manner, skill, created_at, created_by, modified_at, modified_by) values (74, 4, 4, '2022-10-21 04:52:35', 'Castle of Sand, The (Suna no utsuwa)', '2022-08-13 20:56:26', 'New York Cop (Nyû Yôku no koppu)');
insert into team_review (team_id, manner, skill, created_at, created_by, modified_at, modified_by) values (25, 5, 1, '2022-09-16 18:22:50', 'Wer', '2022-12-25 09:08:30', 'Beyond the Mat');
insert into team_review (team_id, manner, skill, created_at, created_by, modified_at, modified_by) values (54, 7, 5, '2022-12-30 12:38:23', 'Brain Damage', '2023-04-22 15:36:29', 'The Old Gun');
insert into team_review (team_id, manner, skill, created_at, created_by, modified_at, modified_by) values (15, 4, 5, '2022-12-08 18:52:56', 'Principal, The', '2022-11-04 07:49:33', 'Canyons, The');
insert into team_review (team_id, manner, skill, created_at, created_by, modified_at, modified_by) values (1, 5, 2, '2022-11-02 04:08:10', 'The Grump', '2022-10-15 04:35:22', 'Halloweentown');
insert into team_review (team_id, manner, skill, created_at, created_by, modified_at, modified_by) values (42, 2, 5, '2023-03-03 18:38:34', 'Stepdaughter, The', '2023-01-18 10:20:29', 'History of Violence, A');
insert into team_review (team_id, manner, skill, created_at, created_by, modified_at, modified_by) values (9, 2, 3, '2023-04-02 03:00:15', 'Deserter (Dezertir)', '2023-07-05 01:46:08', 'Cabinet of Caligari, The');
insert into team_review (team_id, manner, skill, created_at, created_by, modified_at, modified_by) values (7, 1, 1, '2022-09-23 19:30:47', 'United States of Leland, The', '2023-03-18 23:12:07', 'Stargate SG-1 Children of the Gods - Final Cut');
insert into team_review (team_id, manner, skill, created_at, created_by, modified_at, modified_by) values (24, 6, 3, '2023-05-25 20:20:11', 'Pusher III: I''m the Angel of Death', '2023-05-19 22:25:21', 'Sacrifice, The (Offret - Sacraficatio)');
insert into team_review (team_id, manner, skill, created_at, created_by, modified_at, modified_by) values (15, 1, 5, '2023-06-18 23:28:50', 'The Dust Bowl', '2022-12-30 06:46:16', 'Father and Son (Otets i syn)');
insert into team_review (team_id, manner, skill, created_at, created_by, modified_at, modified_by) values (57, 3, 4, '2023-03-31 08:00:01', 'Stavisky...', '2023-03-13 21:10:49', 'The Forgotten Faces');
insert into team_review (team_id, manner, skill, created_at, created_by, modified_at, modified_by) values (80, 1, 5, '2023-03-26 02:57:06', 'Cheech & Chong: Still Smokin''', '2023-02-16 02:00:02', 'Micmacs (Micmacs à tire-larigot)');
insert into team_review (team_id, manner, skill, created_at, created_by, modified_at, modified_by) values (66, 7, 1, '2023-05-20 13:57:47', 'Twisted Nerve', '2022-08-02 14:12:28', 'Reign of Assassins');
insert into team_review (team_id, manner, skill, created_at, created_by, modified_at, modified_by) values (44, 1, 3, '2023-03-14 23:55:24', 'Leviathan', '2023-01-17 10:53:36', 'Very Bad Things');
insert into team_review (team_id, manner, skill, created_at, created_by, modified_at, modified_by) values (77, 6, 2, '2023-06-20 19:09:31', 'Whales of August, The', '2023-04-12 11:19:34', 'Wedding Weekend, The (Sing Now or Forever Hold Your Peace) (Shut Up and Sing)');
insert into team_review (team_id, manner, skill, created_at, created_by, modified_at, modified_by) values (14, 1, 5, '2022-07-27 23:06:30', 'Four Christmases', '2023-06-12 18:28:30', 'Becky Sharp');
insert into team_review (team_id, manner, skill, created_at, created_by, modified_at, modified_by) values (10, 4, 3, '2023-01-28 07:44:29', 'Mother and Child', '2023-05-01 02:44:23', 'Buddy');
insert into team_review (team_id, manner, skill, created_at, created_by, modified_at, modified_by) values (50, 7, 4, '2022-10-22 15:34:01', 'Favor', '2023-06-09 21:36:06', 'Strongest Man in the World, The');
insert into team_review (team_id, manner, skill, created_at, created_by, modified_at, modified_by) values (42, 2, 3, '2022-10-30 18:15:59', 'Eat Pray Love', '2022-08-08 03:51:37', 'Substitute, The');
insert into team_review (team_id, manner, skill, created_at, created_by, modified_at, modified_by) values (15, 3, 1, '2023-06-28 10:16:26', 'Bachelor Party Vegas', '2022-10-12 08:08:58', 'Hard Way, The');
insert into team_review (team_id, manner, skill, created_at, created_by, modified_at, modified_by) values (4, 1, 5, '2022-10-16 18:26:13', 'Brain Damage', '2023-05-05 02:15:51', 'Dragonfly');
insert into team_review (team_id, manner, skill, created_at, created_by, modified_at, modified_by) values (60, 6, 3, '2022-10-22 23:11:55', 'Hyde Park on Hudson', '2022-10-28 10:24:09', 'Through the Olive Trees (Zire darakhatan zeyton)');
insert into team_review (team_id, manner, skill, created_at, created_by, modified_at, modified_by) values (22, 4, 4, '2022-07-22 13:56:48', 'Whore', '2023-01-21 16:24:19', 'King Creole');
insert into team_review (team_id, manner, skill, created_at, created_by, modified_at, modified_by) values (52, 1, 5, '2023-04-03 20:03:55', 'American Tail: Fievel Goes West, An', '2022-10-20 13:42:34', 'I''ll Do Anything');
insert into team_review (team_id, manner, skill, created_at, created_by, modified_at, modified_by) values (8, 6, 5, '2023-03-03 09:42:20', 'All American Chump', '2022-09-18 00:48:23', 'Forgotten');
insert into team_review (team_id, manner, skill, created_at, created_by, modified_at, modified_by) values (59, 7, 3, '2022-12-19 23:28:54', 'Swordfish', '2022-08-06 17:56:30', 'Swan Princess, The');
insert into team_review (team_id, manner, skill, created_at, created_by, modified_at, modified_by) values (28, 6, 1, '2023-05-08 03:55:50', 'G.I. Joe: Operation Dragonfire', '2023-01-20 01:08:37', 'Van Diemen''s Land');
insert into team_review (team_id, manner, skill, created_at, created_by, modified_at, modified_by) values (14, 1, 3, '2022-11-17 20:52:43', 'Don''t Tempt Me (Sin noticias de Dios)', '2023-05-16 14:59:57', 'Snake and Crane Arts of Shaolin (She hao ba bu)');
insert into team_review (team_id, manner, skill, created_at, created_by, modified_at, modified_by) values (30, 7, 2, '2022-12-21 14:57:31', 'Moral Tales, Filmic Issues', '2022-10-04 15:03:06', 'Perfect World, A');
insert into team_review (team_id, manner, skill, created_at, created_by, modified_at, modified_by) values (46, 4, 5, '2023-04-12 06:45:09', 'M. Butterfly', '2023-06-30 03:52:14', 'Criminal, The (a.k.a. Concrete Jungle)');
insert into team_review (team_id, manner, skill, created_at, created_by, modified_at, modified_by) values (61, 7, 1, '2022-11-11 06:09:34', 'Welcome to the Space Show (Uchû shô e yôkoso)', '2023-02-01 10:28:40', 'Girls Gone Dead');
insert into team_review (team_id, manner, skill, created_at, created_by, modified_at, modified_by) values (68, 3, 2, '2023-07-08 00:15:23', 'Reuben, Reuben', '2022-10-01 23:08:12', 'Tenchi: The Samurai Astronomer');
insert into team_review (team_id, manner, skill, created_at, created_by, modified_at, modified_by) values (60, 7, 2, '2022-09-25 23:47:13', 'Trespass', '2022-09-03 22:51:06', 'Beastmaster, The');
insert into team_review (team_id, manner, skill, created_at, created_by, modified_at, modified_by) values (48, 2, 5, '2023-05-08 09:44:38', 'Ernest Goes to Camp', '2022-08-14 23:11:27', 'Jurassic Park III');
insert into team_review (team_id, manner, skill, created_at, created_by, modified_at, modified_by) values (49, 1, 5, '2022-08-29 15:17:27', 'Spy Who Loved Me, The', '2022-10-26 10:06:58', 'Bring Me the Head of Alfredo Garcia');
insert into team_review (team_id, manner, skill, created_at, created_by, modified_at, modified_by) values (39, 6, 3, '2023-01-07 12:03:50', 'Fever', '2023-07-12 10:29:02', 'Una Noche');
insert into team_review (team_id, manner, skill, created_at, created_by, modified_at, modified_by) values (29, 1, 5, '2022-09-21 13:54:22', 'Live and Let Die', '2022-07-26 03:14:08', 'My Brother''s Wife (Mujer de mi hermano, La)');
insert into team_review (team_id, manner, skill, created_at, created_by, modified_at, modified_by) values (39, 1, 4, '2022-11-11 20:38:41', 'The Pee-Wee Herman Show on Broadway', '2023-04-25 14:21:23', 'Charlie Bartlett');
insert into team_review (team_id, manner, skill, created_at, created_by, modified_at, modified_by) values (69, 1, 2, '2022-08-20 01:22:43', 'Teddy Bear (Mis)', '2022-07-19 07:03:48', 'Last Kiss, The (Ultimo bacio, L'')');
insert into team_review (team_id, manner, skill, created_at, created_by, modified_at, modified_by) values (31, 2, 3, '2023-02-07 23:25:16', 'Asterix at the Olympic Games (Astérix aux jeux olympiques)', '2022-10-14 18:49:34', 'Casablanca Express');
insert into team_review (team_id, manner, skill, created_at, created_by, modified_at, modified_by) values (24, 6, 2, '2023-01-18 00:42:09', 'Elling', '2023-02-18 13:13:25', 'Genova (Summer in Genoa, A)');
insert into team_review (team_id, manner, skill, created_at, created_by, modified_at, modified_by) values (54, 5, 4, '2022-10-28 15:51:19', 'Ace High (Quattro dell''Ave Maria, I)', '2023-06-30 14:33:13', 'April Love');
insert into team_review (team_id, manner, skill, created_at, created_by, modified_at, modified_by) values (2, 6, 2, '2022-10-05 14:45:39', 'Coffee Town', '2022-10-27 21:03:57', 'Marjoe');
insert into team_review (team_id, manner, skill, created_at, created_by, modified_at, modified_by) values (68, 1, 3, '2023-07-17 10:41:09', 'Undertow', '2022-10-08 01:52:19', 'Taking of Pelham 1 2 3, The');
insert into team_review (team_id, manner, skill, created_at, created_by, modified_at, modified_by) values (41, 3, 2, '2022-07-28 14:10:51', 'Barcelona', '2022-12-12 07:11:32', 'Endurance: Shackleton''s Legendary Antarctic Expedition, The');
insert into team_review (team_id, manner, skill, created_at, created_by, modified_at, modified_by) values (24, 1, 5, '2023-03-31 00:17:18', 'Sparrow (a.k.a. Cultured Bird) (Man jeuk)', '2022-08-11 02:23:20', 'Way You Wanted Me, The (Sellaisena kuin sinä minut halusit)');
insert into team_review (team_id, manner, skill, created_at, created_by, modified_at, modified_by) values (56, 5, 3, '2023-04-06 20:20:25', 'Bûche, La', '2023-01-19 23:16:41', 'Little Big League');
insert into team_review (team_id, manner, skill, created_at, created_by, modified_at, modified_by) values (59, 1, 3, '2022-12-29 10:19:00', 'Man with Two Brains, The', '2022-10-27 03:17:41', 'Smitty');
insert into team_review (team_id, manner, skill, created_at, created_by, modified_at, modified_by) values (32, 6, 1, '2022-08-19 21:02:04', 'Recess: School''s Out', '2022-11-02 21:23:20', 'See Heaven');
insert into team_review (team_id, manner, skill, created_at, created_by, modified_at, modified_by) values (73, 3, 2, '2022-12-26 16:39:26', 'Bird People', '2022-08-12 15:10:32', 'Love (Szerelem)');
insert into team_review (team_id, manner, skill, created_at, created_by, modified_at, modified_by) values (7, 3, 4, '2023-07-02 20:47:42', 'Cat Chaser', '2023-01-01 08:37:52', 'Take Care of My Cat (Goyangileul butaghae)');
insert into team_review (team_id, manner, skill, created_at, created_by, modified_at, modified_by) values (37, 4, 4, '2023-03-18 13:47:13', 'Mildred Pierce', '2022-07-24 16:34:27', 'Snowblind');
insert into team_review (team_id, manner, skill, created_at, created_by, modified_at, modified_by) values (1, 1, 3, '2023-02-17 06:33:32', 'Poppy Shakespeare', '2023-02-17 12:14:00', 'Gunfighter, The');
insert into team_review (team_id, manner, skill, created_at, created_by, modified_at, modified_by) values (29, 7, 5, '2023-01-09 13:58:49', 'Amour', '2022-12-15 20:21:08', 'Moving');
insert into team_review (team_id, manner, skill, created_at, created_by, modified_at, modified_by) values (15, 7, 4, '2023-06-15 19:12:14', 'Three Times (Zui hao de shi guang)', '2023-04-21 19:11:00', 'Polite People (Kurteist fólk)');
insert into team_review (team_id, manner, skill, created_at, created_by, modified_at, modified_by) values (11, 6, 5, '2023-04-12 19:07:35', 'Benigni', '2023-02-24 12:47:28', 'Last Blitzkrieg, The');
insert into team_review (team_id, manner, skill, created_at, created_by, modified_at, modified_by) values (48, 6, 3, '2023-02-09 01:20:00', 'Man in the Saddle', '2023-02-27 06:46:59', 'Smiley''s People');
insert into team_review (team_id, manner, skill, created_at, created_by, modified_at, modified_by) values (59, 3, 4, '2022-10-22 06:16:41', 'Agora', '2022-08-14 12:56:42', 'Ballad of Jack and Rose, The');
insert into team_review (team_id, manner, skill, created_at, created_by, modified_at, modified_by) values (63, 5, 3, '2022-10-19 17:16:21', 'Act Da Fool', '2023-02-03 00:55:04', 'Dancer in the Dark');
insert into team_review (team_id, manner, skill, created_at, created_by, modified_at, modified_by) values (42, 3, 4, '2023-02-25 05:34:18', 'Sweet Charity', '2023-03-08 20:55:44', 'Shinobi No Mono 2: Vengeance (Zoku shinobi no mono)');
insert into team_review (team_id, manner, skill, created_at, created_by, modified_at, modified_by) values (1, 7, 3, '2023-03-23 21:50:06', 'Henri-Georges Clouzot''s Inferno (L''enfer d''Henri-Georges Clouzot)', '2022-10-26 00:23:36', 'Goodbye Charlie');
insert into team_review (team_id, manner, skill, created_at, created_by, modified_at, modified_by) values (61, 1, 4, '2023-06-01 16:53:37', 'Les Feux Arctiques (Arktiset tulet)', '2022-11-01 21:47:27', 'You Are God (Jestes Bogiem)');
insert into team_review (team_id, manner, skill, created_at, created_by, modified_at, modified_by) values (44, 1, 5, '2022-11-15 00:59:16', 'Stooge, The', '2022-08-24 01:14:39', 'Saint John of Las Vegas');
insert into team_review (team_id, manner, skill, created_at, created_by, modified_at, modified_by) values (51, 3, 1, '2023-02-28 10:01:08', 'Live and Become (Va, vis et deviens)', '2023-02-01 13:20:09', 'And Everything Is Going Fine');
insert into team_review (team_id, manner, skill, created_at, created_by, modified_at, modified_by) values (10, 1, 4, '2023-03-09 09:59:22', 'Note by Note: The Making of Steinway L1037', '2023-07-02 13:14:08', 'Azumi');
insert into team_review (team_id, manner, skill, created_at, created_by, modified_at, modified_by) values (43, 5, 1, '2022-07-27 18:29:38', 'Broken Arrow', '2023-06-29 00:20:21', 'Secret, The');
insert into team_review (team_id, manner, skill, created_at, created_by, modified_at, modified_by) values (25, 2, 1, '2022-08-03 11:59:38', 'Queen of the Amazons', '2023-06-13 16:38:59', 'Samaritan Zatoichi (Zatôichi kenka-daiko) (Zatôichi 19)');
insert into team_review (team_id, manner, skill, created_at, created_by, modified_at, modified_by) values (40, 3, 3, '2023-06-17 20:39:39', 'Soul Man', '2023-05-10 12:52:30', 'Let''s Do It Again');
insert into team_review (team_id, manner, skill, created_at, created_by, modified_at, modified_by) values (47, 1, 1, '2023-04-07 09:22:44', 'Mississippi Burning', '2022-11-20 02:27:55', 'Firm, The');
insert into team_review (team_id, manner, skill, created_at, created_by, modified_at, modified_by) values (73, 4, 2, '2023-02-15 14:31:08', 'The 3 Rs', '2023-06-16 07:40:14', '21 Hours at Munich');

--manager
insert into manager (id, password, tel, email, user_role, created_at, created_by, modified_at, modified_by) values (1, '#79bc61', '281-948-6797', 'gfallawe0@accuweather.com', 'MANAGER', '2022-08-11 04:14:07', 'Lumihiutalemuodostelma', '2023-04-06 16:52:19', 'Blind Fury');
insert into manager (id, password, tel, email, user_role, created_at, created_by, modified_at, modified_by) values (2, '#fd9d0a', '217-266-7214', 'iprecious1@mac.com', 'MANAGER', '2022-07-25 20:38:56', 'Homefront', '2023-03-21 13:53:56', '4 Horsemen of the Apocalypse, The');
insert into manager (id, password, tel, email, user_role, created_at, created_by, modified_at, modified_by) values (3, '#c66389', '593-276-7435', 'dlemm2@apache.org', 'MANAGER', '2023-01-19 01:57:23', 'Street Fighter: Assassin''s Fist', '2023-04-10 09:49:16', 'Class of 1999 II: The Substitute');
insert into manager (id, password, tel, email, user_role, created_at, created_by, modified_at, modified_by) values (4, '#3064b3', '431-864-9931', 'dwhalley3@cloudflare.com', 'MANAGER', '2023-05-21 06:40:50', 'Jack', '2022-12-18 21:40:56', 'Big Wednesday');
insert into manager (id, password, tel, email, user_role, created_at, created_by, modified_at, modified_by) values (5, '#5b84a2', '705-283-0173', 'mjura4@nps.gov', 'MANAGER', '2023-06-20 13:01:00', 'Age of the Medici, The (L''età di Cosimo de Medici) ', '2023-01-22 00:42:25', 'Manslaughter (Drabet)');
insert into manager (id, password, tel, email, user_role, created_at, created_by, modified_at, modified_by) values (6, '#454aa2', '399-448-3475', 'yburrett5@sphinn.com', 'MANAGER', '2023-07-07 19:45:24', 'Leprechaun in the Hood', '2023-05-28 15:43:28', 'The Winslow Boy');
insert into manager (id, password, tel, email, user_role, created_at, created_by, modified_at, modified_by) values (7, '#db9176', '429-101-9774', 'zskipworth6@sohu.com', 'MANAGER', '2022-11-23 20:23:45', 'That Darn Cat', '2022-11-09 12:16:23', 'Kill a Rat');
insert into manager (id, password, tel, email, user_role, created_at, created_by, modified_at, modified_by) values (8, '#90c3eb', '464-168-2650', 'cmagog7@plala.or.jp', 'MANAGER', '2023-02-07 21:27:49', 'Only Son, The (Hitori musuko)', '2022-11-26 00:00:11', 'Punksters & Youngsters (Punk - Tauti joka ei tapa)');
insert into manager (id, password, tel, email, user_role, created_at, created_by, modified_at, modified_by) values (9, '#e05c6d', '556-764-9030', 'nwoodhams8@wufoo.com', 'MANAGER', '2023-03-19 19:00:03', 'Shoot on Sight', '2023-05-26 06:57:11', 'Hard to Kill');
insert into manager (id, password, tel, email, user_role, created_at, created_by, modified_at, modified_by) values (10, '#37aab5', '878-429-5201', 'rmandel9@answers.com', 'MANAGER', '2022-07-23 22:10:11', 'King of Jazz', '2023-03-27 09:25:11', 'Of Love and Shadows');
insert into manager (id, password, tel, email, user_role, created_at, created_by, modified_at, modified_by) values (11, '#02be8d', '507-752-8126', 'mamblera@ustream.tv', 'MANAGER', '2023-01-21 17:40:24', 'Beautiful', '2023-02-24 05:21:07', 'Fanboys');
insert into manager (id, password, tel, email, user_role, created_at, created_by, modified_at, modified_by) values (12, '#554c89', '554-335-5608', 'cgatheralb@cdbaby.com', 'MANAGER', '2022-10-10 04:57:50', 'Hot Millions', '2022-08-18 04:36:53', 'Out for Justice');
insert into manager (id, password, tel, email, user_role, created_at, created_by, modified_at, modified_by) values (13, '#aa2ada', '567-232-4164', 'kberriballc@hexun.com', 'MANAGER', '2023-05-17 23:54:28', 'Gods Must Be Crazy II, The', '2023-07-06 14:26:16', 'Freeloaders');
insert into manager (id, password, tel, email, user_role, created_at, created_by, modified_at, modified_by) values (14, '#d35bfa', '345-488-2489', 'tseifenmacherd@google.it', 'MANAGER', '2022-08-05 00:05:40', 'Labyrinth', '2023-03-31 08:47:15', 'Fatal Attraction');
insert into manager (id, password, tel, email, user_role, created_at, created_by, modified_at, modified_by) values (15, '#eb9543', '433-290-0973', 'bnasseye@disqus.com', 'MANAGER', '2022-10-14 23:34:52', 'Jesse Stone: Benefit of the Doubt', '2023-05-05 09:37:35', 'Aerial Gunner');
insert into manager (id, password, tel, email, user_role, created_at, created_by, modified_at, modified_by) values (16, '#2e0a1d', '307-110-3483', 'wscallyf@surveymonkey.com', 'MANAGER', '2022-10-23 06:29:48', 'Hitler''s Madman', '2023-02-03 10:45:40', 'Malice in Wonderland');
insert into manager (id, password, tel, email, user_role, created_at, created_by, modified_at, modified_by) values (17, '#0b651a', '859-710-3120', 'bvernong@sphinn.com', 'MANAGER', '2022-08-06 12:55:48', 'Low Life', '2023-06-14 08:24:06', 'Private Property (Nue propriété)');
insert into manager (id, password, tel, email, user_role, created_at, created_by, modified_at, modified_by) values (18, '#92ca96', '172-752-7078', 'bsextenh@cnn.com', 'MANAGER', '2023-01-31 04:30:40', 'Night on Earth', '2022-10-17 05:21:58', 'Like Someone In Love');
insert into manager (id, password, tel, email, user_role, created_at, created_by, modified_at, modified_by) values (19, '#0d6bfb', '191-597-7181', 'mbedminsteri@thetimes.co.uk', 'MANAGER', '2023-06-07 22:11:45', 'A Fugitive from the Past', '2023-04-24 14:10:58', 'Bastards of the Party');
insert into manager (id, password, tel, email, user_role, created_at, created_by, modified_at, modified_by) values (20, '#3b5d03', '251-101-6676', 'vpatelj@unesco.org', 'MANAGER', '2023-01-02 18:24:37', 'Kingdom, The (Riget)', '2022-10-01 20:48:17', 'Cocktail');
insert into manager (id, password, tel, email, user_role, created_at, created_by, modified_at, modified_by) values (21, '#0c727f', '302-747-7366', 'dcampellik@mozilla.com', 'MANAGER', '2022-10-22 16:33:35', 'Horse''s Mouth, The', '2022-08-22 09:42:53', 'Solarbabies');
insert into manager (id, password, tel, email, user_role, created_at, created_by, modified_at, modified_by) values (22, '#f9992d', '523-814-0057', 'tsollisl@msu.edu', 'MANAGER', '2023-05-01 04:36:09', 'Scooby-Doo! Abracadabra-Doo', '2023-03-24 11:36:31', 'Biutiful');
insert into manager (id, password, tel, email, user_role, created_at, created_by, modified_at, modified_by) values (23, '#4b3976', '659-866-3321', 'rcrosslandm@alexa.com', 'MANAGER', '2022-10-17 18:33:47', 'Woman Thou Art Loosed', '2022-10-12 05:53:02', 'Manslaughter');
insert into manager (id, password, tel, email, user_role, created_at, created_by, modified_at, modified_by) values (24, '#92447f', '730-449-1446', 'plescopn@cpanel.net', 'MANAGER', '2022-11-14 03:28:55', 'Robot', '2023-01-10 12:00:43', 'Don Jon');
insert into manager (id, password, tel, email, user_role, created_at, created_by, modified_at, modified_by) values (25, '#4ceebd', '138-792-7605', 'rtzukero@vk.com', 'MANAGER', '2023-05-18 16:29:02', 'Devil''s in the Details, The', '2022-09-06 07:31:23', 'Haunted Castle');
insert into manager (id, password, tel, email, user_role, created_at, created_by, modified_at, modified_by) values (26, '#e25e0e', '994-224-1218', 'lgorewayp@pinterest.com', 'MANAGER', '2023-04-15 08:28:16', 'Once Upon a Time in Phuket (En gång i Phuket)', '2022-09-22 23:00:36', 'The Man Without a Map');
insert into manager (id, password, tel, email, user_role, created_at, created_by, modified_at, modified_by) values (27, '#5c3ecd', '396-801-1965', 'pkittoeq@4shared.com', 'MANAGER', '2023-04-19 22:13:07', 'That Old Feeling', '2023-03-19 02:22:23', 'Travellers and Magicians');
insert into manager (id, password, tel, email, user_role, created_at, created_by, modified_at, modified_by) values (28, '#e77ab3', '745-906-5172', 'ganfossir@who.int', 'MANAGER', '2023-02-10 17:38:24', 'Best Friends', '2022-09-12 18:34:17', 'Terumae romae (Thermae Romae)');
insert into manager (id, password, tel, email, user_role, created_at, created_by, modified_at, modified_by) values (29, '#eeb4de', '608-122-8675', 'bchristys@earthlink.net', 'MANAGER', '2023-01-24 08:47:10', 'Sound Barrier, The', '2022-12-31 04:50:16', 'Priceless (Hors de prix)');
insert into manager (id, password, tel, email, user_role, created_at, created_by, modified_at, modified_by) values (30, '#497fe0', '927-282-7525', 'cwearet@un.org', 'MANAGER', '2023-04-03 05:27:14', 'In Their Skin', '2023-07-06 23:10:14', 'I Am Ali');

--stadium
insert into stadium (field_count, gpa, stadium_name, address, tel, time, cost, no_rest, parking, shower, evaluation_count, manager_id, created_at, created_by, modified_at, modified_by) values (3, 4, '바로풋살', '광주 서구 유덕로 45', '010-9198-8285', '6:00~1:00', '70000', false, true, false, 43, 4, '2023-06-22 08:29:29', 'Venus in Fur (La Vénus à la fourrure)', '2022-08-20 06:00:48', 'Rasmus på luffen');
insert into stadium (field_count, gpa, stadium_name, address, tel, time, cost, no_rest, parking, shower, evaluation_count, manager_id, created_at, created_by, modified_at, modified_by) values (4, 5, '효창풋살장', '광주 광산구 사암로 748 효창주유소 뒷편', '062-954-1234', '6:00 ~ 1:00', '60000', false, true, false, 54, 19, '2023-04-04 07:35:18', 'Reel Rock 7 ', '2022-12-23 13:48:46', 'Police Story 2 (Ging chaat goo si juk jaap)');
insert into stadium (field_count, gpa, stadium_name, address, tel, time, cost, no_rest, parking, shower, evaluation_count, manager_id, created_at, created_by, modified_at, modified_by) values (5, 3, '챔피언스풋살장', '광주 북구 신용산길 148-24 챔피언스풋살 첨단점', '010-5105-7141', '00:00~24:00', '80000', true, true, false, 83, 26, '2023-04-15 01:55:11', 'Carrie', '2022-09-29 13:39:16', 'Allnighter, The');
insert into stadium (field_count, gpa, stadium_name, address, tel, time, cost, no_rest, parking, shower, evaluation_count, manager_id, created_at, created_by, modified_at, modified_by) values (3, 3, '위닝풋살장', '광주 광산구 구촌반촌길 230 NPARK스포츠아카데미', '0507-1429-0617', '10:00 ~ 24:00', '60', false, true, true, 35, 20, '2023-06-05 18:39:19', 'Megan Is Missing', '2023-03-19 12:34:48', 'Monsieur Ibrahim (Monsieur Ibrahim et les fleurs du Coran)');
insert into stadium (field_count, gpa, stadium_name, address, tel, time, cost, no_rest, parking, shower, evaluation_count, manager_id, created_at, created_by, modified_at, modified_by) values (3, 1, '케이지풋살아레나 전대점', '광주 북구 반룡로42번길 11', '010-7245-3696', '21:00 ~ 5:00', '80000', true, true, true, 58, 18, '2022-08-14 18:24:04', 'Lady Vanishes, The', '2023-02-09 22:45:29', 'Stepford Wives, The');
insert into stadium (field_count, gpa, stadium_name, address, tel, time, cost, no_rest, parking, shower, evaluation_count, manager_id, created_at, created_by, modified_at, modified_by) values (1, 2, '태양풋살', '광주 광산구 하남대로 9', '010-7180-8084', '00:00~24:00', '728', true, true, false, 28, 20, '2023-05-29 22:59:46', 'Schultze Gets the Blues', '2023-06-14 09:55:38', 'Two Women');
insert into stadium (field_count, gpa, stadium_name, address, tel, time, cost, no_rest, parking, shower, evaluation_count, manager_id, created_at, created_by, modified_at, modified_by) values (5, 1, '신가 풋살', '광주 광산구 목련로382번안길 48', '0507-1360-6097', '토,일 17:00~24:00 월~금 10:00~24:00', '120000', false, true, false, 3, 20, '2023-03-23 02:49:10', 'Low Life, The', '2023-06-11 23:13:27', 'a/k/a Tommy Chong');
insert into stadium (field_count, gpa, stadium_name, address, tel, time, cost, no_rest, parking, shower, evaluation_count, manager_id, created_at, created_by, modified_at, modified_by) values (5, 1, '스타실내풋살장', '광주 서구 세하동 418-8', '062-375-1234', '7;00~1:00', '100000', false, true, false, 41, 12, '2023-04-06 15:54:15', 'Just Between Friends', '2022-10-25 05:23:04', 'London After Midnight');
insert into stadium (field_count, gpa, stadium_name, address, tel, time, cost, no_rest, parking, shower, evaluation_count, manager_id, created_at, created_by, modified_at, modified_by) values (5, 4, '베스트 풋살', '광주 광산구 풍영정길 241-9 광주 베스트풋살', '010-6594-0500', '00:00~24:00', '80000', true, true, true, 17, 5, '2023-03-28 10:00:21', 'Barbershop', '2023-01-25 02:36:13', 'Cage aux Folles II, La');
insert into stadium (field_count, gpa, stadium_name, address, tel, time, cost, no_rest, parking, shower, evaluation_count, manager_id, created_at, created_by, modified_at, modified_by) values (5, 4, '더미 풋살', '광주 북구 용봉로 77', '010-2322-1234', '00:00~24:00', '80000', true, true, true, 17, 29, '2023-03-28 10:00:21', 'Barbershop', '2023-01-25 02:36:13', 'Cage aux Folles II, La');

--time_table
insert into time_table (start_time, end_time, stadium_id) values ('[{12:00:00, 14:00:00}]', '[{14:00:00}]', 1);
insert into time_table (start_time, end_time, stadium_id) values ('[{12:00:00}]', '[{14:00:00}]', 2);
insert into time_table (start_time, end_time, stadium_id) values ('[{12:00:00}]', '[{14:00:00}]', 3);
insert into time_table (start_time, end_time, stadium_id) values ('[{12:00:00}]', '[{14:00:00}]', 4);
insert into time_table (start_time, end_time, stadium_id) values ('[{12:00:00}]', '[{14:00:00}]', 5);
insert into time_table (start_time, end_time, stadium_id) values ('[{12:00:00}]', '[{14:00:00}]', 6);
insert into time_table (start_time, end_time, stadium_id) values ('[{12:00:00}]', '[{14:00:00}]', 7);
insert into time_table (start_time, end_time, stadium_id) values ('[{12:00:00}]', '[{14:00:00}]', 8);
insert into time_table (start_time, end_time, stadium_id) values ('[{12:00:00}]', '[{14:00:00}]', 9);
insert into time_table (start_time, end_time, stadium_id) values ('[{12:00:00}]', '[{14:00:00}]', 10);
--insert into time_table (id, start_time, end_time, stadium_id) values (10,'[{12:00:00},{14:00:00},{16:00:00},{18:00:00}]', '[{14:00:00},{16:00:00},{18:00:00},{20:00:00}]', 10);

--field
insert into field (cost, matching_date, start_time, end_time, stadium_id, field_num) values (89672, '2022-09-25', '18:00:00', '20:00:00', 7, 1);
insert into field (cost, matching_date, start_time, end_time, stadium_id, field_num) values (73652, '2022-09-25', '18:00:00', '20:00:00', 7, 2);
insert into field (cost, matching_date, start_time, end_time, stadium_id, field_num) values (77298, '2022-09-25', '18:00:00', '20:00:00', 7, 3);
insert into field (cost, matching_date, start_time, end_time, stadium_id, field_num) values (120000, '2024-03-19', '18:00:00', '20:00:00', 7, 1);
insert into field (cost, matching_date, start_time, end_time, stadium_id, field_num) values (120000, '2024-03-19', '18:00:00', '20:00:00', 7, 2);
insert into field (cost, matching_date, start_time, end_time, stadium_id, field_num) values (120000, '2024-03-19', '18:00:00', '20:00:00', 7, 3);
insert into field (cost, matching_date, start_time, end_time, stadium_id, field_num) values (97225, '2022-12-23', '2022-12-30 11:56:32', '2023-01-12 21:35:29', 7, 4);
insert into field (cost, matching_date, start_time, end_time, stadium_id, field_num) values (60997, '2022-12-27', '2022-12-11 03:03:35', '2023-03-14 01:25:16', 2, 5);
insert into field (cost, matching_date, start_time, end_time, stadium_id, field_num) values (64936, '2023-01-10', '2022-11-10 16:22:03', '2022-08-26 03:24:41', 9, 1);
insert into field (cost, matching_date, start_time, end_time, stadium_id, field_num) values (69087, '2023-03-30', '2022-11-07 21:14:18', '2023-04-19 08:21:13', 10, 4);
insert into field (cost, matching_date, start_time, end_time, stadium_id, field_num) values (73316, '2022-11-19', '2023-05-30 11:45:13', '2022-09-30 23:38:22', 9, 1);
insert into field (cost, matching_date, start_time, end_time, stadium_id, field_num) values (92826, '2022-11-19', '2023-07-14 01:06:58', '2023-03-29 23:46:40', 3, 5);
insert into field (cost, matching_date, start_time, end_time, stadium_id, field_num) values (53149, '2022-09-19', '2023-02-26 21:34:18', '2023-03-20 20:33:50', 4, 1);
insert into field (cost, matching_date, start_time, end_time, stadium_id, field_num) values (62729, '2022-08-23', '2022-09-20 10:25:55', '2023-03-14 09:00:38', 10, 4);
insert into field (cost, matching_date, start_time, end_time, stadium_id, field_num) values (84315, '2022-12-29', '2022-08-03 07:25:03', '2023-01-08 11:13:56', 3, 4);
insert into field (cost, matching_date, start_time, end_time, stadium_id, field_num) values (97625, '2022-10-27', '2022-09-25 07:58:28', '2022-10-18 14:26:01', 4, 3);
insert into field (cost, matching_date, start_time, end_time, stadium_id, field_num) values (87247, '2023-02-22', '2023-06-27 17:50:59', '2022-10-08 06:29:31', 8, 1);
insert into field (cost, matching_date, start_time, end_time, stadium_id, field_num) values (80468, '2022-10-30', '2023-03-14 01:03:57', '2023-05-12 03:39:56', 7, 5);
insert into field (cost, matching_date, start_time, end_time, stadium_id, field_num) values (88242, '2023-01-05', '2023-02-18 17:47:37', '2022-12-21 12:51:51', 9, 4);
insert into field (cost, matching_date, start_time, end_time, stadium_id, field_num) values (88247, '2022-12-23', '2022-10-21 14:04:33', '2022-10-08 15:25:16', 5, 2);
insert into field (cost, matching_date, start_time, end_time, stadium_id, field_num) values (82119, '2023-01-25', '2022-09-27 01:50:25', '2023-05-17 10:22:58', 9, 4);
insert into field (cost, matching_date, start_time, end_time, stadium_id, field_num) values (55470, '2023-05-08', '2023-06-25 20:20:36', '2023-03-29 14:36:14', 10, 5);
insert into field (cost, matching_date, start_time, end_time, stadium_id, field_num) values (59149, '2023-06-10', '2022-11-08 01:28:43', '2023-06-07 18:24:06', 2, 3);
insert into field (cost, matching_date, start_time, end_time, stadium_id, field_num) values (94793, '2022-12-17', '2022-11-07 20:09:02', '2023-06-12 03:25:09', 10, 4);
insert into field (cost, matching_date, start_time, end_time, stadium_id, field_num) values (83705, '2023-06-15', '2022-09-04 17:44:29', '2023-03-02 08:00:46', 2, 4);
insert into field (cost, matching_date, start_time, end_time, stadium_id, field_num) values (77290, '2023-05-17', '2023-01-03 10:41:12', '2022-08-19 22:54:03', 5, 2);
insert into field (cost, matching_date, start_time, end_time, stadium_id, field_num) values (88239, '2023-05-31', '2022-12-25 02:29:55', '2022-10-26 10:11:18', 6, 3);
insert into field (cost, matching_date, start_time, end_time, stadium_id, field_num) values (74570, '2023-01-12', '2023-04-01 19:36:06', '2023-03-17 16:04:29', 5, 2);
insert into field (cost, matching_date, start_time, end_time, stadium_id, field_num) values (68277, '2022-10-18', '2022-09-24 06:21:08', '2022-10-17 03:09:05', 8, 2);
insert into field (cost, matching_date, start_time, end_time, stadium_id, field_num) values (77685, '2023-04-23', '2022-10-02 08:02:13', '2022-09-19 11:03:51', 8, 2);
insert into field (cost, matching_date, start_time, end_time, stadium_id, field_num) values (64519, '2022-10-18', '2022-08-20 18:56:57', '2023-06-08 18:50:32', 10, 3);
insert into field (cost, matching_date, start_time, end_time, stadium_id, field_num) values (90589, '2023-03-09', '2022-10-15 08:55:26', '2023-01-20 18:01:17', 2, 1);
insert into field (cost, matching_date, start_time, end_time, stadium_id, field_num) values (98196, '2022-08-23', '2022-08-22 11:38:48', '2023-03-26 14:58:44', 1, 3);
insert into field (cost, matching_date, start_time, end_time, stadium_id, field_num) values (66417, '2023-03-28', '2023-04-21 15:35:47', '2022-09-13 22:07:49', 4, 4);
insert into field (cost, matching_date, start_time, end_time, stadium_id, field_num) values (57428, '2023-04-06', '2023-02-13 16:48:05', '2023-02-09 16:08:02', 3, 2);
insert into field (cost, matching_date, start_time, end_time, stadium_id, field_num) values (58620, '2022-09-23', '2022-10-16 12:35:50', '2023-04-13 14:53:29', 10, 5);
insert into field (cost, matching_date, start_time, end_time, stadium_id, field_num) values (81574, '2023-06-04', '2022-09-01 08:45:17', '2023-04-13 06:24:04', 1, 5);
insert into field (cost, matching_date, start_time, end_time, stadium_id, field_num) values (63228, '2023-02-09', '2023-05-17 00:40:45', '2022-07-26 09:55:48', 7, 3);
insert into field (cost, matching_date, start_time, end_time, stadium_id, field_num) values (90057, '2023-06-20', '2022-12-06 06:50:11', '2023-01-31 11:44:38', 3, 2);
insert into field (cost, matching_date, start_time, end_time, stadium_id, field_num) values (83518, '2022-09-24', '2023-02-17 06:34:18', '2022-10-05 10:41:26', 8, 4);
insert into field (cost, matching_date, start_time, end_time, stadium_id, field_num) values (84341, '2022-10-05', '2023-06-11 12:34:43', '2022-11-14 21:39:04', 3, 3);
insert into field (cost, matching_date, start_time, end_time, stadium_id, field_num) values (61737, '2022-11-27', '2023-02-17 23:58:48', '2023-05-18 12:57:37', 7, 5);
insert into field (cost, matching_date, start_time, end_time, stadium_id, field_num) values (63827, '2023-03-26', '2023-01-08 10:39:35', '2022-12-01 21:46:45', 1, 4);
insert into field (cost, matching_date, start_time, end_time, stadium_id, field_num) values (62329, '2022-11-02', '2022-09-03 10:44:33', '2022-10-12 15:01:43', 4, 2);
insert into field (cost, matching_date, start_time, end_time, stadium_id, field_num) values (51006, '2022-08-17', '2022-11-27 13:39:24', '2023-05-02 02:59:19', 7, 4);
insert into field (cost, matching_date, start_time, end_time, stadium_id, field_num) values (52500, '2023-05-13', '2023-05-26 03:58:07', '2022-11-16 17:17:19', 2, 3);
insert into field (cost, matching_date, start_time, end_time, stadium_id, field_num) values (85009, '2023-03-28', '2023-04-04 21:36:42', '2022-07-26 02:46:24', 1, 1);
insert into field (cost, matching_date, start_time, end_time, stadium_id, field_num) values (74009, '2023-03-28', '2023-04-18 21:24:25', '2022-11-30 02:35:15', 3, 3);
insert into field (cost, matching_date, start_time, end_time, stadium_id, field_num) values (74813, '2022-10-15', '2023-02-20 01:51:45', '2023-07-05 10:48:35', 5, 5);
insert into field (cost, matching_date, start_time, end_time, stadium_id, field_num) values (82560, '2022-11-02', '2023-02-20 19:58:55', '2022-09-17 08:08:24', 7, 4);
insert into field (cost, matching_date, start_time, end_time, stadium_id, field_num) values (81425, '2022-09-29', '2022-09-22 10:18:07', '2023-06-24 05:23:00', 1, 2);
insert into field (cost, matching_date, start_time, end_time, stadium_id, field_num) values (84756, '2022-09-11', '2023-05-22 06:03:08', '2022-08-05 20:35:09', 10, 2);
insert into field (cost, matching_date, start_time, end_time, stadium_id, field_num) values (90025, '2022-09-06', '2023-05-18 09:29:15', '2022-12-23 22:34:52', 2, 5);
insert into field (cost, matching_date, start_time, end_time, stadium_id, field_num) values (63185, '2023-05-25', '2022-09-30 12:51:23', '2023-02-12 16:26:54', 2, 5);
insert into field (cost, matching_date, start_time, end_time, stadium_id, field_num) values (76926, '2023-02-18', '2022-08-24 00:41:22', '2023-02-08 14:32:49', 5, 2);
insert into field (cost, matching_date, start_time, end_time, stadium_id, field_num) values (92751, '2023-03-07', '2022-10-18 21:57:35', '2022-10-01 21:54:05', 9, 4);
insert into field (cost, matching_date, start_time, end_time, stadium_id, field_num) values (91508, '2023-06-15', '2023-06-07 11:31:01', '2022-12-01 07:10:15', 7, 5);
insert into field (cost, matching_date, start_time, end_time, stadium_id, field_num) values (63967, '2023-03-03', '2022-09-13 18:57:29', '2023-04-07 11:01:01', 8, 1);
insert into field (cost, matching_date, start_time, end_time, stadium_id, field_num) values (64726, '2022-11-24', '2023-03-11 14:34:22', '2023-06-01 05:30:49', 10, 3);
insert into field (cost, matching_date, start_time, end_time, stadium_id, field_num) values (81958, '2023-03-10', '2022-12-23 17:23:35', '2022-07-27 10:48:39', 10, 4);
insert into field (cost, matching_date, start_time, end_time, stadium_id, field_num) values (50315, '2023-07-15', '2022-10-09 07:37:27', '2023-04-29 04:07:29', 5, 3);
insert into field (cost, matching_date, start_time, end_time, stadium_id, field_num) values (57210, '2023-02-02', '2023-04-08 08:14:50', '2022-08-11 17:42:48', 3, 1);
insert into field (cost, matching_date, start_time, end_time, stadium_id, field_num) values (53032, '2023-05-31', '2023-03-03 17:36:18', '2022-09-19 20:46:34', 4, 4);
insert into field (cost, matching_date, start_time, end_time, stadium_id, field_num) values (84725, '2022-09-11', '2022-12-23 14:44:05', '2022-08-28 04:54:41', 8, 1);
insert into field (cost, matching_date, start_time, end_time, stadium_id, field_num) values (61715, '2022-07-21', '2023-04-28 23:40:35', '2022-12-09 20:17:33', 5, 5);
insert into field (cost, matching_date, start_time, end_time, stadium_id, field_num) values (87629, '2022-12-20', '2022-07-22 03:06:09', '2023-05-25 14:19:37', 6, 1);
insert into field (cost, matching_date, start_time, end_time, stadium_id, field_num) values (91752, '2023-02-24', '2023-03-12 06:05:23', '2022-08-06 05:04:30', 1, 4);
insert into field (cost, matching_date, start_time, end_time, stadium_id, field_num) values (53143, '2022-10-30', '2023-06-02 04:29:26', '2023-01-22 00:27:24', 3, 5);
insert into field (cost, matching_date, start_time, end_time, stadium_id, field_num) values (54326, '2023-01-24', '2023-02-28 23:17:12', '2023-03-29 01:57:52', 2, 2);
insert into field (cost, matching_date, start_time, end_time, stadium_id, field_num) values (86106, '2022-12-10', '2023-06-07 09:50:19', '2022-11-19 13:37:30', 7, 1);
insert into field (cost, matching_date, start_time, end_time, stadium_id, field_num) values (87139, '2023-03-05', '2022-09-26 06:47:52', '2023-03-16 13:03:37', 3, 2);
insert into field (cost, matching_date, start_time, end_time, stadium_id, field_num) values (53747, '2023-01-10', '2022-08-29 17:04:10', '2022-09-16 06:54:33', 1, 5);
insert into field (cost, matching_date, start_time, end_time, stadium_id, field_num) values (64255, '2023-03-17', '2022-10-27 16:13:37', '2022-08-29 05:17:05', 7, 1);
insert into field (cost, matching_date, start_time, end_time, stadium_id, field_num) values (70144, '2022-11-03', '2023-06-16 17:25:18', '2023-03-01 21:37:24', 6, 3);
insert into field (cost, matching_date, start_time, end_time, stadium_id, field_num) values (71045, '2023-05-03', '2022-08-31 04:07:34', '2023-05-17 05:48:54', 8, 2);
insert into field (cost, matching_date, start_time, end_time, stadium_id, field_num) values (53144, '2022-12-14', '2022-11-24 14:42:25', '2022-07-31 19:47:09', 6, 2);
insert into field (cost, matching_date, start_time, end_time, stadium_id, field_num) values (57010, '2022-09-19', '2022-08-31 15:40:14', '2023-06-06 14:49:09', 7, 3);
insert into field (cost, matching_date, start_time, end_time, stadium_id, field_num) values (68103, '2022-08-24', '2023-05-14 16:13:09', '2023-05-01 07:38:34', 1, 5);
insert into field (cost, matching_date, start_time, end_time, stadium_id, field_num) values (86510, '2023-01-14', '2023-02-18 08:21:02', '2022-11-04 13:28:40', 10, 4);
insert into field (cost, matching_date, start_time, end_time, stadium_id, field_num) values (97425, '2022-10-29', '2022-07-26 03:05:51', '2022-12-20 01:00:49', 10, 4);
insert into field (cost, matching_date, start_time, end_time, stadium_id, field_num) values (76214, '2023-03-19', '2022-11-30 11:22:22', '2022-12-15 02:38:34', 6, 4);
insert into field (cost, matching_date, start_time, end_time, stadium_id, field_num) values (84522, '2023-04-04', '2022-11-20 11:46:19', '2023-05-13 13:18:48', 3, 2);
insert into field (cost, matching_date, start_time, end_time, stadium_id, field_num) values (86810, '2022-12-28', '2022-08-10 18:19:37', '2022-12-29 20:55:45', 3, 3);
insert into field (cost, matching_date, start_time, end_time, stadium_id, field_num) values (59129, '2022-08-24', '2022-12-20 05:37:56', '2022-08-05 22:11:53', 1, 1);
insert into field (cost, matching_date, start_time, end_time, stadium_id, field_num) values (70002, '2022-08-29', '2023-05-27 09:51:30', '2022-11-07 05:28:16', 4, 2);
insert into field (cost, matching_date, start_time, end_time, stadium_id, field_num) values (93619, '2023-02-20', '2023-01-30 12:34:02', '2023-04-11 09:18:23', 5, 4);
insert into field (cost, matching_date, start_time, end_time, stadium_id, field_num) values (86823, '2022-11-03', '2023-04-13 22:03:30', '2023-02-18 08:48:12', 6, 3);
insert into field (cost, matching_date, start_time, end_time, stadium_id, field_num) values (97041, '2023-03-27', '2022-08-29 08:49:42', '2023-07-06 10:31:59', 1, 4);
insert into field (cost, matching_date, start_time, end_time, stadium_id, field_num) values (65631, '2022-09-14', '2022-08-02 05:13:20', '2022-09-08 04:19:35', 2, 4);
insert into field (cost, matching_date, start_time, end_time, stadium_id, field_num) values (93636, '2022-07-30', '2022-09-11 00:23:49', '2023-06-18 08:54:17', 4, 4);
insert into field (cost, matching_date, start_time, end_time, stadium_id, field_num) values (93166, '2023-05-17', '2023-06-08 13:16:23', '2022-09-11 01:37:59', 1, 2);
insert into field (cost, matching_date, start_time, end_time, stadium_id, field_num) values (71449, '2023-04-16', '2022-07-30 18:07:43', '2022-08-02 15:24:44', 7, 4);
insert into field (cost, matching_date, start_time, end_time, stadium_id, field_num) values (65685, '2023-07-16', '2022-10-05 19:20:20', '2023-02-04 17:37:39', 7, 3);
insert into field (cost, matching_date, start_time, end_time, stadium_id, field_num) values (65947, '2023-03-06', '2022-08-25 22:01:00', '2022-09-08 02:21:00', 7, 4);
insert into field (cost, matching_date, start_time, end_time, stadium_id, field_num) values (73127, '2023-06-30', '2023-07-11 09:07:31', '2023-03-30 05:55:24', 9, 2);
insert into field (cost, matching_date, start_time, end_time, stadium_id, field_num) values (82765, '2023-02-15', '2022-11-29 22:03:45', '2022-08-13 16:00:40', 10, 1);
insert into field (cost, matching_date, start_time, end_time, stadium_id, field_num) values (85728, '2022-08-26', '2022-08-27 00:38:14', '2023-06-10 15:45:12', 7, 3);
insert into field (cost, matching_date, start_time, end_time, stadium_id, field_num) values (83841, '2022-09-30', '2023-01-12 16:45:00', '2023-03-18 13:01:08', 8, 4);
insert into field (cost, matching_date, start_time, end_time, stadium_id, field_num) values (76478, '2023-07-03', '2022-11-14 02:10:23', '2022-09-22 06:38:57', 6, 3);
insert into field (cost, matching_date, start_time, end_time, stadium_id, field_num) values (94069, '2022-11-02', '2023-04-07 13:50:07', '2023-05-10 21:22:11', 2, 2);




--stadium_review
insert into stadium_review (gpa, review, stadium_id, created_at, created_by, modified_at, modified_by) values (4, 'Pellentesque at nulla.', 6, '2022-12-14 20:30:23', 79, '2022-10-04 01:28:38', 17);
insert into stadium_review (gpa, review, stadium_id, created_at, created_by, modified_at, modified_by) values (3, 'Duis bibendum, felis sed interdum venenatis, turpis enim blandit mi, in porttitor pede justo eu massa.', 5, '2022-10-19 23:24:56', 69, '2023-03-18 20:53:56', 48);
insert into stadium_review (gpa, review, stadium_id, created_at, created_by, modified_at, modified_by) values (2, 'Pellentesque eget nunc. Donec quis orci eget orci vehicula condimentum.', 10, '2023-05-05 05:26:10', 15, '2022-12-22 23:27:38', 14);
insert into stadium_review (gpa, review, stadium_id, created_at, created_by, modified_at, modified_by) values (1, 'Morbi sem mauris, laoreet ut, rhoncus aliquet, pulvinar sed, nisl.', 9, '2022-08-11 13:08:32', 11, '2023-06-26 15:19:52', 56);
insert into stadium_review (gpa, review, stadium_id, created_at, created_by, modified_at, modified_by) values (2, 'Donec odio justo, sollicitudin ut, suscipit a, feugiat et, eros.', 9, '2022-11-06 09:46:22', 54, '2023-05-08 02:56:04', 42);
insert into stadium_review (gpa, review, stadium_id, created_at, created_by, modified_at, modified_by) values (2, 'Aliquam augue quam, sollicitudin vitae, consectetuer eget, rutrum at, lorem. Integer tincidunt ante vel ipsum.', 9, '2023-02-28 19:58:26', 41, '2023-03-12 08:44:25', 70);
insert into stadium_review (gpa, review, stadium_id, created_at, created_by, modified_at, modified_by) values (3, 'Maecenas tristique, est et tempus semper, est quam pharetra magna, ac consequat metus sapien ut nunc. Vestibulum ante ipsum primis in faucibus orci luctus et ultrices posuere cubilia Curae; Mauris viverra diam vitae quam.', 6, '2022-11-10 17:20:55', 36, '2023-05-22 21:37:20', 42);
insert into stadium_review (gpa, review, stadium_id, created_at, created_by, modified_at, modified_by) values (5, 'Morbi vel lectus in quam fringilla rhoncus.', 7, '2022-10-06 03:16:36', 21, '2023-05-31 04:48:31', 77);
insert into stadium_review (gpa, review, stadium_id, created_at, created_by, modified_at, modified_by) values (5, 'Nam tristique tortor eu pede.', 4, '2022-09-02 03:36:18', 5, '2022-11-14 06:45:18', 29);
insert into stadium_review (gpa, review, stadium_id, created_at, created_by, modified_at, modified_by) values (5, 'Nam tristique tortor eu pede.', 6, '2023-01-01 15:52:57', 52, '2023-01-29 15:48:18', 53);
insert into stadium_review (gpa, review, stadium_id, created_at, created_by, modified_at, modified_by) values (2, 'Morbi sem mauris, laoreet ut, rhoncus aliquet, pulvinar sed, nisl. Nunc rhoncus dui vel sem.', 9, '2022-11-25 06:48:25', 20, '2022-09-01 20:06:30', 67);
insert into stadium_review (gpa, review, stadium_id, created_at, created_by, modified_at, modified_by) values (3, 'Curabitur convallis.', 8, '2022-10-21 22:52:32', 53, '2022-11-12 16:05:06', 76);
insert into stadium_review (gpa, review, stadium_id, created_at, created_by, modified_at, modified_by) values (2, 'Cum sociis natoque penatibus et magnis dis parturient montes, nascetur ridiculus mus.', 1, '2022-11-10 21:48:45', 40, '2022-10-04 12:03:18', 13);
insert into stadium_review (gpa, review, stadium_id, created_at, created_by, modified_at, modified_by) values (3, 'Duis at velit eu est congue elementum. In hac habitasse platea dictumst.', 9, '2023-02-22 01:10:12', 52, '2022-10-19 17:59:07', 6);
insert into stadium_review (gpa, review, stadium_id, created_at, created_by, modified_at, modified_by) values (1, 'Ut at dolor quis odio consequat varius. Integer ac leo.', 7, '2023-06-13 13:54:18', 76, '2023-05-24 14:23:52', 70);
insert into stadium_review (gpa, review, stadium_id, created_at, created_by, modified_at, modified_by) values (4, 'Curabitur convallis. Duis consequat dui nec nisi volutpat eleifend.', 8, '2023-04-25 15:14:22', 73, '2022-08-27 15:46:53', 61);
insert into stadium_review (gpa, review, stadium_id, created_at, created_by, modified_at, modified_by) values (1, 'In eleifend quam a odio.', 2, '2022-09-16 05:47:22', 29, '2023-07-17 23:26:59', 26);
insert into stadium_review (gpa, review, stadium_id, created_at, created_by, modified_at, modified_by) values (1, 'Integer aliquet, massa id lobortis convallis, tortor risus dapibus augue, vel accumsan tellus nisi eu orci. Mauris lacinia sapien quis libero.', 7, '2023-04-18 02:37:56', 12, '2022-08-25 18:54:03', 78);
insert into stadium_review (gpa, review, stadium_id, created_at, created_by, modified_at, modified_by) values (3, 'Aliquam erat volutpat. In congue.', 7, '2022-09-27 05:28:54', 75, '2023-01-07 15:17:10', 8);
insert into stadium_review (gpa, review, stadium_id, created_at, created_by, modified_at, modified_by) values (3, 'Donec ut dolor.', 9, '2022-11-08 15:30:56', 36, '2022-10-11 19:58:25', 48);
insert into stadium_review (gpa, review, stadium_id, created_at, created_by, modified_at, modified_by) values (3, 'Quisque ut erat.', 1, '2023-02-19 15:32:38', 5, '2023-05-21 06:59:47', 38);
insert into stadium_review (gpa, review, stadium_id, created_at, created_by, modified_at, modified_by) values (3, 'Cum sociis natoque penatibus et magnis dis parturient montes, nascetur ridiculus mus. Vivamus vestibulum sagittis sapien.', 6, '2023-01-08 07:21:25', 22, '2023-01-14 22:26:31', 44);
insert into stadium_review (gpa, review, stadium_id, created_at, created_by, modified_at, modified_by) values (5, 'Nulla tempus. Vivamus in felis eu sapien cursus vestibulum.', 3, '2023-03-28 22:37:24', 26, '2022-12-29 18:00:42', 44);
insert into stadium_review (gpa, review, stadium_id, created_at, created_by, modified_at, modified_by) values (4, 'Vestibulum rutrum rutrum neque.', 2, '2022-07-21 20:53:49', 7, '2022-12-25 14:34:25', 56);
insert into stadium_review (gpa, review, stadium_id, created_at, created_by, modified_at, modified_by) values (1, 'Vivamus in felis eu sapien cursus vestibulum. Proin eu mi.', 8, '2023-04-14 12:54:37', 64, '2022-09-06 09:12:57', 21);
insert into stadium_review (gpa, review, stadium_id, created_at, created_by, modified_at, modified_by) values (5, 'In est risus, auctor sed, tristique in, tempus sit amet, sem. Fusce consequat.', 5, '2023-01-22 17:27:03', 8, '2022-10-25 11:47:34', 17);
insert into stadium_review (gpa, review, stadium_id, created_at, created_by, modified_at, modified_by) values (1, 'Vivamus vel nulla eget eros elementum pellentesque.', 10, '2022-07-30 21:13:40', 75, '2022-08-06 05:52:02', 64);
insert into stadium_review (gpa, review, stadium_id, created_at, created_by, modified_at, modified_by) values (2, 'Morbi vel lectus in quam fringilla rhoncus.', 4, '2022-08-23 21:16:43', 54, '2022-12-20 23:15:43', 32);
insert into stadium_review (gpa, review, stadium_id, created_at, created_by, modified_at, modified_by) values (4, 'Praesent lectus. Vestibulum quam sapien, varius ut, blandit non, interdum in, ante.', 7, '2023-03-24 09:01:16', 36, '2022-07-27 05:05:44', 22);
insert into stadium_review (gpa, review, stadium_id, created_at, created_by, modified_at, modified_by) values (2, 'Vestibulum ante ipsum primis in faucibus orci luctus et ultrices posuere cubilia Curae; Mauris viverra diam vitae quam.', 3, '2022-12-28 17:01:28', 51, '2023-02-23 08:28:09', 8);
insert into stadium_review (gpa, review, stadium_id, created_at, created_by, modified_at, modified_by) values (3, 'Nullam sit amet turpis elementum ligula vehicula consequat.', 3, '2022-09-09 04:02:35', 31, '2023-01-03 03:20:45', 58);
insert into stadium_review (gpa, review, stadium_id, created_at, created_by, modified_at, modified_by) values (2, 'Praesent id massa id nisl venenatis lacinia.', 5, '2022-11-18 09:14:05', 21, '2022-10-25 20:24:44', 11);
insert into stadium_review (gpa, review, stadium_id, created_at, created_by, modified_at, modified_by) values (2, 'Phasellus sit amet erat. Nulla tempus.', 9, '2022-10-20 10:24:28', 64, '2023-02-27 12:12:44', 68);
insert into stadium_review (gpa, review, stadium_id, created_at, created_by, modified_at, modified_by) values (3, 'Integer ac leo. Pellentesque ultrices mattis odio.', 8, '2023-01-29 02:31:52', 14, '2023-05-26 16:31:07', 32);
insert into stadium_review (gpa, review, stadium_id, created_at, created_by, modified_at, modified_by) values (1, 'Nunc purus. Phasellus in felis.', 7, '2022-11-16 01:05:48', 67, '2023-06-13 22:37:53', 44);
insert into stadium_review (gpa, review, stadium_id, created_at, created_by, modified_at, modified_by) values (5, 'Sed sagittis.', 8, '2022-08-12 13:44:33', 7, '2023-07-04 10:41:13', 55);
insert into stadium_review (gpa, review, stadium_id, created_at, created_by, modified_at, modified_by) values (1, 'Donec dapibus. Duis at velit eu est congue elementum.', 5, '2023-06-11 01:28:42', 26, '2023-04-24 22:39:05', 3);
insert into stadium_review (gpa, review, stadium_id, created_at, created_by, modified_at, modified_by) values (3, 'Vivamus tortor. Duis mattis egestas metus.', 9, '2022-08-23 13:16:00', 54, '2022-11-28 16:02:23', 19);
insert into stadium_review (gpa, review, stadium_id, created_at, created_by, modified_at, modified_by) values (4, 'Cras mi pede, malesuada in, imperdiet et, commodo vulputate, justo.', 5, '2023-03-03 20:14:57', 13, '2023-02-24 15:03:37', 15);
insert into stadium_review (gpa, review, stadium_id, created_at, created_by, modified_at, modified_by) values (1, 'Proin risus. Praesent lectus.', 9, '2022-07-22 02:54:44', 66, '2022-10-24 10:21:22', 2);
insert into stadium_review (gpa, review, stadium_id, created_at, created_by, modified_at, modified_by) values (1, 'Curabitur at ipsum ac tellus semper interdum.', 4, '2022-10-03 16:01:16', 63, '2023-06-21 14:07:51', 44);
insert into stadium_review (gpa, review, stadium_id, created_at, created_by, modified_at, modified_by) values (5, 'Aenean auctor gravida sem. Praesent id massa id nisl venenatis lacinia.', 3, '2023-02-06 10:19:43', 42, '2023-06-10 17:03:24', 8);
insert into stadium_review (gpa, review, stadium_id, created_at, created_by, modified_at, modified_by) values (5, 'Cum sociis natoque penatibus et magnis dis parturient montes, nascetur ridiculus mus. Etiam vel augue.', 5, '2022-07-25 04:47:38', 59, '2023-04-16 05:44:51', 11);
insert into stadium_review (gpa, review, stadium_id, created_at, created_by, modified_at, modified_by) values (2, 'Duis consequat dui nec nisi volutpat eleifend. Donec ut dolor.', 1, '2023-04-23 10:37:14', 14, '2022-11-02 19:35:39', 61);
insert into stadium_review (gpa, review, stadium_id, created_at, created_by, modified_at, modified_by) values (4, 'Cras non velit nec nisi vulputate nonummy.', 7, '2023-04-16 04:48:36', 6, '2023-01-02 20:06:28', 52);
insert into stadium_review (gpa, review, stadium_id, created_at, created_by, modified_at, modified_by) values (5, 'Vivamus vestibulum sagittis sapien.', 4, '2022-10-22 10:46:23', 33, '2023-03-01 04:34:18', 35);
insert into stadium_review (gpa, review, stadium_id, created_at, created_by, modified_at, modified_by) values (3, 'In est risus, auctor sed, tristique in, tempus sit amet, sem.', 7, '2023-03-13 04:35:26', 27, '2022-08-28 06:48:56', 80);
insert into stadium_review (gpa, review, stadium_id, created_at, created_by, modified_at, modified_by) values (3, 'Vestibulum ante ipsum primis in faucibus orci luctus et ultrices posuere cubilia Curae; Nulla dapibus dolor vel est.', 2, '2022-12-12 06:41:49', 75, '2023-07-13 07:10:34', 47);
insert into stadium_review (gpa, review, stadium_id, created_at, created_by, modified_at, modified_by) values (1, 'In eleifend quam a odio. In hac habitasse platea dictumst.', 8, '2022-12-08 11:53:59', 29, '2022-12-20 06:41:09', 33);
insert into stadium_review (gpa, review, stadium_id, created_at, created_by, modified_at, modified_by) values (1, 'Nulla facilisi.', 7, '2023-02-08 11:29:56', 57, '2022-12-30 01:01:16', 50);
insert into stadium_review (gpa, review, stadium_id, created_at, created_by, modified_at, modified_by) values (1, 'Curabitur gravida nisi at nibh.', 6, '2023-03-29 08:12:18', 8, '2022-09-10 08:40:43', 18);
insert into stadium_review (gpa, review, stadium_id, created_at, created_by, modified_at, modified_by) values (1, 'Praesent id massa id nisl venenatis lacinia. Aenean sit amet justo.', 5, '2023-02-18 19:56:27', 45, '2022-10-02 09:03:09', 77);
insert into stadium_review (gpa, review, stadium_id, created_at, created_by, modified_at, modified_by) values (5, 'Donec quis orci eget orci vehicula condimentum. Curabitur in libero ut massa volutpat convallis.', 2, '2022-07-25 17:26:10', 33, '2022-11-08 14:49:20', 79);
insert into stadium_review (gpa, review, stadium_id, created_at, created_by, modified_at, modified_by) values (4, 'Integer pede justo, lacinia eget, tincidunt eget, tempus vel, pede. Morbi porttitor lorem id ligula.', 8, '2022-11-02 04:34:42', 22, '2023-01-12 15:26:43', 79);
insert into stadium_review (gpa, review, stadium_id, created_at, created_by, modified_at, modified_by) values (4, 'Nulla tempus. Vivamus in felis eu sapien cursus vestibulum.', 3, '2023-06-26 12:44:24', 9, '2023-04-29 07:12:14', 11);
insert into stadium_review (gpa, review, stadium_id, created_at, created_by, modified_at, modified_by) values (2, 'Phasellus sit amet erat.', 8, '2023-02-21 05:23:04', 80, '2023-04-29 15:18:29', 17);
insert into stadium_review (gpa, review, stadium_id, created_at, created_by, modified_at, modified_by) values (5, 'Duis at velit eu est congue elementum. In hac habitasse platea dictumst.', 8, '2023-07-15 17:45:07', 36, '2022-09-10 21:31:53', 76);
insert into stadium_review (gpa, review, stadium_id, created_at, created_by, modified_at, modified_by) values (2, 'Nulla justo.', 9, '2023-07-13 02:14:37', 77, '2022-10-18 14:00:58', 51);
insert into stadium_review (gpa, review, stadium_id, created_at, created_by, modified_at, modified_by) values (1, 'Nam nulla.', 1, '2023-03-12 19:55:56', 3, '2023-06-14 11:27:15', 19);
insert into stadium_review (gpa, review, stadium_id, created_at, created_by, modified_at, modified_by) values (5, 'Quisque ut erat.', 8, '2023-03-18 07:00:07', 2, '2023-04-23 18:51:14', 61);
insert into stadium_review (gpa, review, stadium_id, created_at, created_by, modified_at, modified_by) values (5, 'Proin risus.', 8, '2023-02-28 15:12:59', 44, '2022-12-21 05:55:25', 34);
insert into stadium_review (gpa, review, stadium_id, created_at, created_by, modified_at, modified_by) values (4, 'Quisque ut erat. Curabitur gravida nisi at nibh.', 2, '2023-07-11 00:31:49', 77, '2023-04-11 01:23:26', 64);
insert into stadium_review (gpa, review, stadium_id, created_at, created_by, modified_at, modified_by) values (5, 'Praesent blandit lacinia erat. Vestibulum sed magna at nunc commodo placerat.', 5, '2023-03-01 22:43:13', 54, '2022-08-05 13:54:59', 57);
insert into stadium_review (gpa, review, stadium_id, created_at, created_by, modified_at, modified_by) values (2, 'Donec odio justo, sollicitudin ut, suscipit a, feugiat et, eros. Vestibulum ac est lacinia nisi venenatis tristique.', 7, '2022-12-13 08:55:35', 15, '2023-02-06 14:40:03', 49);
insert into stadium_review (gpa, review, stadium_id, created_at, created_by, modified_at, modified_by) values (4, 'Nulla tellus. In sagittis dui vel nisl.', 5, '2023-06-11 06:44:14', 76, '2022-08-17 11:45:30', 52);
insert into stadium_review (gpa, review, stadium_id, created_at, created_by, modified_at, modified_by) values (4, 'Etiam vel augue.', 1, '2022-11-07 00:32:02', 44, '2023-07-02 05:12:07', 35);
insert into stadium_review (gpa, review, stadium_id, created_at, created_by, modified_at, modified_by) values (1, 'Vivamus in felis eu sapien cursus vestibulum.', 10, '2022-12-17 16:15:56', 2, '2023-04-26 13:10:07', 40);
insert into stadium_review (gpa, review, stadium_id, created_at, created_by, modified_at, modified_by) values (3, 'Morbi vel lectus in quam fringilla rhoncus. Mauris enim leo, rhoncus sed, vestibulum sit amet, cursus id, turpis.', 5, '2023-04-11 14:47:20', 67, '2023-01-15 11:50:31', 60);
insert into stadium_review (gpa, review, stadium_id, created_at, created_by, modified_at, modified_by) values (4, 'Vestibulum ante ipsum primis in faucibus orci luctus et ultrices posuere cubilia Curae; Donec pharetra, magna vestibulum aliquet ultrices, erat tortor sollicitudin mi, sit amet lobortis sapien sapien non mi. Integer ac neque.', 7, '2023-05-30 12:31:44', 8, '2023-02-07 22:30:07', 64);
insert into stadium_review (gpa, review, stadium_id, created_at, created_by, modified_at, modified_by) values (2, 'Aenean lectus.', 3, '2023-01-12 01:15:35', 20, '2022-11-20 22:10:58', 67);
insert into stadium_review (gpa, review, stadium_id, created_at, created_by, modified_at, modified_by) values (3, 'Duis ac nibh.', 4, '2022-12-06 11:47:06', 71, '2023-01-27 14:55:54', 46);
insert into stadium_review (gpa, review, stadium_id, created_at, created_by, modified_at, modified_by) values (5, 'Nulla justo. Aliquam quis turpis eget elit sodales scelerisque.', 8, '2023-06-19 01:17:08', 25, '2022-08-14 11:48:01', 30);
insert into stadium_review (gpa, review, stadium_id, created_at, created_by, modified_at, modified_by) values (4, 'Cum sociis natoque penatibus et magnis dis parturient montes, nascetur ridiculus mus.', 8, '2022-12-26 22:48:46', 41, '2022-08-31 08:59:05', 9);
insert into stadium_review (gpa, review, stadium_id, created_at, created_by, modified_at, modified_by) values (1, 'Fusce posuere felis sed lacus.', 7, '2023-04-18 18:53:40', 25, '2022-10-29 14:12:25', 63);
insert into stadium_review (gpa, review, stadium_id, created_at, created_by, modified_at, modified_by) values (5, 'Proin eu mi. Nulla ac enim.', 5, '2022-09-21 06:04:46', 9, '2022-08-02 11:54:08', 63);
insert into stadium_review (gpa, review, stadium_id, created_at, created_by, modified_at, modified_by) values (3, 'Vivamus metus arcu, adipiscing molestie, hendrerit at, vulputate vitae, nisl. Aenean lectus.', 9, '2022-12-14 03:27:24', 25, '2023-02-01 11:35:41', 2);
insert into stadium_review (gpa, review, stadium_id, created_at, created_by, modified_at, modified_by) values (5, 'Nulla ut erat id mauris vulputate elementum.', 5, '2022-10-22 22:16:14', 45, '2023-05-02 21:46:09', 22);
insert into stadium_review (gpa, review, stadium_id, created_at, created_by, modified_at, modified_by) values (1, 'Aenean fermentum.', 1, '2023-06-16 01:57:48', 49, '2023-01-30 03:45:31', 46);
insert into stadium_review (gpa, review, stadium_id, created_at, created_by, modified_at, modified_by) values (5, 'Vestibulum ante ipsum primis in faucibus orci luctus et ultrices posuere cubilia Curae; Donec pharetra, magna vestibulum aliquet ultrices, erat tortor sollicitudin mi, sit amet lobortis sapien sapien non mi.', 6, '2023-06-13 18:36:38', 23, '2022-08-22 22:59:44', 26);
insert into stadium_review (gpa, review, stadium_id, created_at, created_by, modified_at, modified_by) values (5, 'Vestibulum quam sapien, varius ut, blandit non, interdum in, ante.', 7, '2023-05-04 01:33:11', 69, '2023-07-09 10:09:34', 52);
insert into stadium_review (gpa, review, stadium_id, created_at, created_by, modified_at, modified_by) values (3, 'Aliquam non mauris.', 4, '2022-12-12 13:20:35', 65, '2023-02-14 16:23:08', 8);
insert into stadium_review (gpa, review, stadium_id, created_at, created_by, modified_at, modified_by) values (3, 'Mauris ullamcorper purus sit amet nulla. Quisque arcu libero, rutrum ac, lobortis vel, dapibus at, diam.', 8, '2023-04-02 18:57:58', 18, '2023-06-21 22:58:30', 39);
insert into stadium_review (gpa, review, stadium_id, created_at, created_by, modified_at, modified_by) values (5, 'Duis mattis egestas metus. Aenean fermentum.', 3, '2023-06-10 15:42:39', 44, '2023-04-14 21:52:22', 4);
insert into stadium_review (gpa, review, stadium_id, created_at, created_by, modified_at, modified_by) values (4, 'Aenean fermentum.', 9, '2022-09-12 06:22:40', 1, '2023-07-03 20:03:13', 42);
insert into stadium_review (gpa, review, stadium_id, created_at, created_by, modified_at, modified_by) values (2, 'Donec vitae nisi.', 1, '2022-08-05 07:16:59', 72, '2023-07-12 06:28:25', 58);
insert into stadium_review (gpa, review, stadium_id, created_at, created_by, modified_at, modified_by) values (5, 'In quis justo. Maecenas rhoncus aliquam lacus.', 4, '2023-06-10 15:39:50', 17, '2022-07-20 14:35:49', 9);
insert into stadium_review (gpa, review, stadium_id, created_at, created_by, modified_at, modified_by) values (5, 'Proin at turpis a pede posuere nonummy.', 2, '2023-03-12 05:51:32', 60, '2023-03-22 08:25:53', 48);
insert into stadium_review (gpa, review, stadium_id, created_at, created_by, modified_at, modified_by) values (4, 'Integer tincidunt ante vel ipsum.', 9, '2023-01-05 04:58:08', 34, '2023-01-01 06:49:12', 80);
insert into stadium_review (gpa, review, stadium_id, created_at, created_by, modified_at, modified_by) values (1, 'Integer non velit. Donec diam neque, vestibulum eget, vulputate ut, ultrices vel, augue.', 4, '2023-01-10 22:18:33', 23, '2022-12-13 05:06:05', 57);
insert into stadium_review (gpa, review, stadium_id, created_at, created_by, modified_at, modified_by) values (5, 'Curabitur at ipsum ac tellus semper interdum. Mauris ullamcorper purus sit amet nulla.', 5, '2022-08-02 21:25:17', 59, '2023-02-03 06:57:13', 3);
insert into stadium_review (gpa, review, stadium_id, created_at, created_by, modified_at, modified_by) values (1, 'Etiam justo.', 4, '2022-10-03 05:33:07', 54, '2022-12-12 16:56:51', 57);
insert into stadium_review (gpa, review, stadium_id, created_at, created_by, modified_at, modified_by) values (3, 'Donec posuere metus vitae ipsum.', 6, '2023-03-12 19:24:01', 55, '2022-08-05 07:52:44', 28);
insert into stadium_review (gpa, review, stadium_id, created_at, created_by, modified_at, modified_by) values (3, 'Aenean lectus.', 7, '2022-12-12 20:48:24', 51, '2023-03-16 23:15:07', 48);
insert into stadium_review (gpa, review, stadium_id, created_at, created_by, modified_at, modified_by) values (5, 'Suspendisse ornare consequat lectus.', 6, '2022-08-24 01:37:49', 34, '2022-09-18 18:11:35', 64);
insert into stadium_review (gpa, review, stadium_id, created_at, created_by, modified_at, modified_by) values (2, 'Duis mattis egestas metus.', 10, '2023-05-12 00:38:31', 77, '2022-10-17 19:11:02', 28);
insert into stadium_review (gpa, review, stadium_id, created_at, created_by, modified_at, modified_by) values (3, 'Maecenas rhoncus aliquam lacus. Morbi quis tortor id nulla ultrices aliquet.', 2, '2022-09-18 11:22:36', 26, '2022-12-02 18:08:15', 25);
insert into stadium_review (gpa, review, stadium_id, created_at, created_by, modified_at, modified_by) values (5, 'Curabitur convallis. Duis consequat dui nec nisi volutpat eleifend.', 8, '2023-04-11 21:20:12', 21, '2022-11-18 01:15:06', 66);
insert into stadium_review (gpa, review, stadium_id, created_at, created_by, modified_at, modified_by) values (5, 'Morbi sem mauris, laoreet ut, rhoncus aliquet, pulvinar sed, nisl. Nunc rhoncus dui vel sem.', 9, '2022-08-21 17:24:51', 3, '2023-01-08 22:25:57', 55);
insert into stadium_review (gpa, review, stadium_id, created_at, created_by, modified_at, modified_by) values (1, 'Sed ante.', 6, '2022-12-17 16:02:02', 67, '2023-04-19 17:11:25', 8);
insert into stadium_review (gpa, review, stadium_id, created_at, created_by, modified_at, modified_by) values (5, 'Integer a nibh. In quis justo.', 8, '2022-07-23 03:43:18', 48, '2022-10-23 01:16:46', 70);




--matching_record
insert into matching_record (stadium_id, field_id, confirm_date, confirm, all_rental) values (5, 1, '2023-07-10 07:29:22', true, false);
insert into matching_record (stadium_id, field_id, confirm_date, confirm, all_rental) values (5, 3, '2023-01-13 11:21:10', true, false);
insert into matching_record (stadium_id, field_id, confirm_date, confirm, all_rental) values (10, 47, '2023-07-02 02:53:30', false, false);
insert into matching_record (stadium_id, field_id, confirm_date, confirm, all_rental) values (8, 85, '2023-05-11 21:59:09', true, false);
insert into matching_record (stadium_id, field_id, confirm_date, confirm, all_rental) values (1, 97, '2023-04-07 12:16:14', false, true);
insert into matching_record (stadium_id, field_id, confirm_date, confirm, all_rental) values (10, 72, '2022-10-30 22:14:38', true, false);
insert into matching_record (stadium_id, field_id, confirm_date, confirm, all_rental) values (5, 51, '2023-05-22 22:31:17', true, false);
insert into matching_record (stadium_id, field_id, confirm_date, confirm, all_rental) values (1, 73, '2023-06-25 02:51:36', false, true);
insert into matching_record (stadium_id, field_id, confirm_date, confirm, all_rental) values (1, 28, '2023-07-03 13:02:05', false, true);
insert into matching_record (stadium_id, field_id, confirm_date, confirm, all_rental) values (1, 7, '2023-04-08 03:38:29', true, false);
insert into matching_record (stadium_id, field_id, confirm_date, confirm, all_rental) values (9, 62, '2022-07-22 05:48:24', true, true);
insert into matching_record (stadium_id, field_id, confirm_date, confirm, all_rental) values (8, 82, '2023-06-21 14:29:31', false, false);
insert into matching_record (stadium_id, field_id, confirm_date, confirm, all_rental) values (6, 13, '2023-06-26 10:59:07', false, false);
insert into matching_record (stadium_id, field_id, confirm_date, confirm, all_rental) values (1, 18, '2023-02-20 00:03:22', true, true);
insert into matching_record (stadium_id, field_id, confirm_date, confirm, all_rental) values (4, 74, '2022-07-22 10:54:17', false, false);
insert into matching_record (stadium_id, field_id, confirm_date, confirm, all_rental) values (8, 83, '2022-11-10 07:34:05', true, false);
insert into matching_record (stadium_id, field_id, confirm_date, confirm, all_rental) values (6, 14, '2023-03-22 18:57:41', true, true);
insert into matching_record (stadium_id, field_id, confirm_date, confirm, all_rental) values (10, 77, '2023-06-07 10:37:23', true, true);
insert into matching_record (stadium_id, field_id, confirm_date, confirm, all_rental) values (4, 25, '2023-06-27 13:27:05', false, false);
insert into matching_record (stadium_id, field_id, confirm_date, confirm, all_rental) values (7, 4, '2023-03-14 12:21:55', true, false);
insert into matching_record (stadium_id, field_id, confirm_date, confirm, all_rental) values (5, 55, '2022-12-06 03:02:37', false, true);
insert into matching_record (stadium_id, field_id, confirm_date, confirm, all_rental) values (7, 6, '2023-02-15 12:04:13', false, false);
insert into matching_record (stadium_id, field_id, confirm_date, confirm, all_rental) values (8, 50, '2022-10-01 08:27:06', false, true);
insert into matching_record (stadium_id, field_id, confirm_date, confirm, all_rental) values (4, 100, '2022-09-15 08:25:00', true, true);
insert into matching_record (stadium_id, field_id, confirm_date, confirm, all_rental) values (10, 52, '2022-09-20 15:14:36', false, true);
insert into matching_record (stadium_id, field_id, confirm_date, confirm, all_rental) values (2, 92, '2022-08-03 15:41:45', false, true);
insert into matching_record (stadium_id, field_id, confirm_date, confirm, all_rental) values (1, 91, '2022-11-15 11:30:20', false, true);
insert into matching_record (stadium_id, field_id, confirm_date, confirm, all_rental) values (1, 10, '2022-11-13 11:39:01', false, true);
insert into matching_record (stadium_id, field_id, confirm_date, confirm, all_rental) values (4, 87, '2023-03-29 16:36:48', true, true);
insert into matching_record (stadium_id, field_id, confirm_date, confirm, all_rental) values (8, 42, '2023-04-06 22:36:46', true, false);
insert into matching_record (stadium_id, field_id, confirm_date, confirm, all_rental) values (3, 12, '2022-11-01 00:12:29', true, true);
insert into matching_record (stadium_id, field_id, confirm_date, confirm, all_rental) values (1, 58, '2023-03-05 13:29:05', false, true);
insert into matching_record (stadium_id, field_id, confirm_date, confirm, all_rental) values (2, 40, '2023-05-30 17:51:56', true, true);
insert into matching_record (stadium_id, field_id, confirm_date, confirm, all_rental) values (4, 48, '2022-12-23 22:49:18', false, false);
insert into matching_record (stadium_id, field_id, confirm_date, confirm, all_rental) values (8, 9, '2023-05-06 20:23:06', true, false);
insert into matching_record (stadium_id, field_id, confirm_date, confirm, all_rental) values (9, 27, '2022-12-31 11:39:04', false, true);
insert into matching_record (stadium_id, field_id, confirm_date, confirm, all_rental) values (4, 84, '2023-01-04 07:19:11', true, false);
insert into matching_record (stadium_id, field_id, confirm_date, confirm, all_rental) values (5, 70, '2023-05-27 20:05:12', false, true);
insert into matching_record (stadium_id, field_id, confirm_date, confirm, all_rental) values (1, 90, '2022-09-08 13:47:32', false, false);
insert into matching_record (stadium_id, field_id, confirm_date, confirm, all_rental) values (3, 39, '2022-09-14 07:54:37', false, true);
insert into matching_record (stadium_id, field_id, confirm_date, confirm, all_rental) values (9, 66, '2022-09-22 05:45:04', true, false);
insert into matching_record (stadium_id, field_id, confirm_date, confirm, all_rental) values (7, 34, '2023-06-14 10:58:39', false, false);
insert into matching_record (stadium_id, field_id, confirm_date, confirm, all_rental) values (1, 88, '2023-07-11 16:19:03', true, false);
insert into matching_record (stadium_id, field_id, confirm_date, confirm, all_rental) values (5, 65, '2023-05-05 06:30:15', true, false);
insert into matching_record (stadium_id, field_id, confirm_date, confirm, all_rental) values (8, 11, '2022-12-06 13:43:31', false, false);
insert into matching_record (stadium_id, field_id, confirm_date, confirm, all_rental) values (6, 2, '2023-01-27 09:56:37', true, false);
insert into matching_record (stadium_id, field_id, confirm_date, confirm, all_rental) values (7, 78, '2023-06-29 07:10:14', false, false);
insert into matching_record (stadium_id, field_id, confirm_date, confirm, all_rental) values (8, 96, '2022-12-21 18:52:00', true, true);
insert into matching_record (stadium_id, field_id, confirm_date, confirm, all_rental) values (3, 38, '2022-09-03 09:35:32', false, true);
insert into matching_record (stadium_id, field_id, confirm_date, confirm, all_rental) values (5, 95, '2023-07-10 07:29:22', true, false);
insert into matching_record (stadium_id, field_id, confirm_date, confirm, all_rental) values (3, 61, '2023-02-17 20:48:21', false, false);
insert into matching_record (stadium_id, field_id, confirm_date, confirm, all_rental) values (7, 5, '2023-01-13 11:21:10', true, false);



--stadium_image
insert into stadium_image (imageurl, stadium_id) values ('https://search.pstatic.net/common/?src=http%3A%2F%2Fblogfiles.naver.net%2FMjAyMDA0MjhfNjUg%2FMDAxNTg4MDU4NDcwOTgy.NqV93TgHgdyJZNttKGZewoV70LxcqcgZVaai87a98g8g.LmcPoDpG1y4CVs0qjZPqka3DRb1pBlPJgjhsjWLVkr4g.JPEG.road5852%2FIMG_0889.JPG', 1);
insert into stadium_image (imageurl, stadium_id) values ('https://search.pstatic.net/common/?src=http%3A%2F%2Fblogfiles.naver.net%2FMjAyMDAyMTlfMTcw%2FMDAxNTgyMDc4OTA3ODQ1.vYf5eTe6P3_l2TC_dB8XKSWygzZm14UVWr4X9YY1lVog.3b1FNV3IxD61g8y5R_iFWc4thvIdVXAW3jZWhCrgjWwg.JPEG.baro_futsal%2F9.jpg', 1);
insert into stadium_image (imageurl, stadium_id) values ('https://search.pstatic.net/common/?src=http%3A%2F%2Fblogfiles.naver.net%2FMjAyMzA1MDdfMjY5%2FMDAxNjgzNDMyOTYyMjgw.f9G3GexUJTstYIVyOC35RUNViJi6cMs5dfrqNQKoy30g.I7NDr7Zm_rb0cauYFTD-DM5QFEK_5HFZ8tRxO89XkaEg.JPEG.moombam%2FKakaoTalk_20230507_130049861_02.jpg', 1);
insert into stadium_image (imageurl, stadium_id) values ('https://search.pstatic.net/common/?src=https%3A%2F%2Fldb-phinf.pstatic.net%2F20230524_16%2F1684940295930dmJwj_JPEG%2F0F9EB7F2-EEE0-4627-B470-51ADAD411EF1.jpeg', 2);
insert into stadium_image (imageurl, stadium_id) values ('https://search.pstatic.net/common/?src=https%3A%2F%2Fldb-phinf.pstatic.net%2F20191228_244%2F1577499400144JaVhp_JPEG%2FwVZM_Wf9_IsGJjklcReG3s7L.jpg', 3);
insert into stadium_image (imageurl, stadium_id) values ('https://search.pstatic.net/common/?src=https%3A%2F%2Fldb-phinf.pstatic.net%2F20191228_109%2F1577499515580PwCco_JPEG%2FZR-aREGhv_0GnnRT9nSLUM2f.jpg', 3);
insert into stadium_image (imageurl, stadium_id) values ('https://postfiles.pstatic.net/MjAyMzA2MjFfOSAg/MDAxNjg3MzM0Mzc1OTEz.3KKpV_YRaTCSbMMdR43NcnYSJiDFMIQXGHZlovTPmykg.oH_LrVX2hNRQjXi68px0akSS4agujIPQ7AVhWGYd38Ag.JPEG.dayinsup/3472510281728995152_20230617104357291.jpg?type=w773', 4);
insert into stadium_image (imageurl, stadium_id) values ('https://search.pstatic.net/common/?src=https%3A%2F%2Fldb-phinf.pstatic.net%2F20221221_57%2F1671602345259wcXnc_JPEG%2FKakaoTalk_20221215_152302900.jpg', 4);
insert into stadium_image (imageurl, stadium_id) values ('https://search.pstatic.net/common/?src=https%3A%2F%2Fldb-phinf.pstatic.net%2F20180322_170%2F1521727004592QtnOY_JPEG%2F1517059542544.jpg', 5);
insert into stadium_image (imageurl, stadium_id) values ('https://search.pstatic.net/common/?src=https%3A%2F%2Fldb-phinf.pstatic.net%2F20171202_126%2F1512195366165VivNl_JPEG%2FKakaoTalk_20171125_104414281.jpg', 5);
insert into stadium_image (imageurl, stadium_id) values ('https://search.pstatic.net/common/?src=https%3A%2F%2Fnaverbooking-phinf.pstatic.net%2F20191220_19%2F1576841042343tvQ9i_JPEG%2FKakaoTalk_20191219_221949052_02.jpg', 5);
insert into stadium_image (imageurl, stadium_id) values ('https://search.pstatic.net/common/?src=https%3A%2F%2Fldb-phinf.pstatic.net%2F20190531_115%2F15592796677740SzsT_JPEG%2FB3StqedR0oM3b3j4piGsnhZo.jpg', 6);
insert into stadium_image (imageurl, stadium_id) values ('https://search.pstatic.net/common/?src=https%3A%2F%2Fldb-phinf.pstatic.net%2F20190531_115%2F15592796677740SzsT_JPEG%2FB3StqedR0oM3b3j4piGsnhZo.jpg', 6);
insert into stadium_image (imageurl, stadium_id) values ('https://search.pstatic.net/common/?src=https%3A%2F%2Fldb-phinf.pstatic.net%2F20190531_287%2F1559279667969Mpa9A_JPEG%2FB2-TtyJdCgi-7E6yGLjLanwE.jpg', 6);
insert into stadium_image (imageurl, stadium_id) values ('https://search.pstatic.net/common/?src=https%3A%2F%2Fldb-phinf.pstatic.net%2F20230525_58%2F1685013969571iNjYm_JPEG%2FKakaoTalk_20230525_202203670_01.jpg', 7);
insert into stadium_image (imageurl, stadium_id) values ('https://search.pstatic.net/common/?src=https%3A%2F%2Fldb-phinf.pstatic.net%2F20230426_202%2F16825085575583MfMh_JPEG%2FKakaoTalk_20230426_202257465.jpg', 7);
insert into stadium_image (imageurl, stadium_id) values ('https://search.pstatic.net/common/?src=https%3A%2F%2Fldb-phinf.pstatic.net%2F20230525_219%2F1685013972074sJcJJ_JPEG%2FKakaoTalk_20230525_202203670_12.jpg', 7);
insert into stadium_image (imageurl, stadium_id) values ('https://search.pstatic.net/common/?src=https%3A%2F%2Fldb-phinf.pstatic.net%2F20190327_7%2F1553624401935u1X5A_JPEG%2FEJBYbBAH0OmX-7eWQ9yjLgG4.jpg', 8);
insert into stadium_image (imageurl, stadium_id) values ('https://search.pstatic.net/common/?src=http%3A%2F%2Fblogfiles.naver.net%2FMjAyMDA3MjBfMTA0%2FMDAxNTk1MjI5OTgwNzA5.tTiCEabWmUCn-DW2VGrRGR0cGYtdkQbTtYJsUnyCG3Mg.emFGSmXoOBsWwxQEwAKFG3sFsWCT2ICPlLicY2pTqZkg.JPEG.chl134679%2F1595229979095.jpg', 8);
insert into stadium_image (imageurl, stadium_id) values ('https://search.pstatic.net/common/?src=https%3A%2F%2Fldb-phinf.pstatic.net%2F20190327_204%2F1553624475556aYHNu_JPEG%2F2BD8JEHOUeCuX7mkfxVFaB6o.jpg', 8);
insert into stadium_image (imageurl, stadium_id) values ('https://search.pstatic.net/common/?src=https%3A%2F%2Fldb-phinf.pstatic.net%2F20230207_170%2F1675752279438X31G3_JPEG%2FScreenshot_20230207-154329_-.jpg', 9);
insert into stadium_image (imageurl, stadium_id) values ('https://search.pstatic.net/common/?src=https%3A%2F%2Fldb-phinf.pstatic.net%2F20230207_259%2F1675752270936EWycN_JPEG%2FScreenshot_20230207-154352_-.jpg', 9);
insert into stadium_image (imageurl, stadium_id) values ('https://search.pstatic.net/common/?src=https%3A%2F%2Fldb-phinf.pstatic.net%2F20230207_116%2F1675752289272S28Uc_JPEG%2FScreenshot_20230207-154344_-.jpg', 9);

--teamMatching
insert into team_matching (team_id, matching_record_id, eval_opposite, eval_stadium) values (68, 1, false, false);
insert into team_matching (team_id, matching_record_id, eval_opposite, eval_stadium) values (53, 1, false, false);
insert into team_matching (team_id, matching_record_id, eval_opposite, eval_stadium) values (45, 42, true, true);
insert into team_matching (team_id, matching_record_id, eval_opposite, eval_stadium) values (52, 41, false, true);
insert into team_matching (team_id, matching_record_id, eval_opposite, eval_stadium) values (54, 23, false, true);
insert into team_matching (team_id, matching_record_id, eval_opposite, eval_stadium) values (56, 40, false, true);
insert into team_matching (team_id, matching_record_id, eval_opposite, eval_stadium) values (25, 20, false, false);
insert into team_matching (team_id, matching_record_id, eval_opposite, eval_stadium) values (17, 29, false, true);
insert into team_matching (team_id, matching_record_id, eval_opposite, eval_stadium) values (58, 29, true, false);
insert into team_matching (team_id, matching_record_id, eval_opposite, eval_stadium) values (50, 32, false, true);
insert into team_matching (team_id, matching_record_id, eval_opposite, eval_stadium) values (11, 4, true, true);
insert into team_matching (team_id, matching_record_id, eval_opposite, eval_stadium) values (24, 10, false, false);
insert into team_matching (team_id, matching_record_id, eval_opposite, eval_stadium) values (56, 3, true, true);
insert into team_matching (team_id, matching_record_id, eval_opposite, eval_stadium) values (65, 24, false, true);
insert into team_matching (team_id, matching_record_id, eval_opposite, eval_stadium) values (55, 33, false, true);
insert into team_matching (team_id, matching_record_id, eval_opposite, eval_stadium) values (72, 45, true, false);
insert into team_matching (team_id, matching_record_id, eval_opposite, eval_stadium) values (79, 50, false, false);
insert into team_matching (team_id, matching_record_id, eval_opposite, eval_stadium) values (60, 47, false, false);
insert into team_matching (team_id, matching_record_id, eval_opposite, eval_stadium) values (18, 15, true, true);
insert into team_matching (team_id, matching_record_id, eval_opposite, eval_stadium) values (80, 2, true, true);
insert into team_matching (team_id, matching_record_id, eval_opposite, eval_stadium) values (11, 46, false, false);
insert into team_matching (team_id, matching_record_id, eval_opposite, eval_stadium) values (29, 13, false, false);
insert into team_matching (team_id, matching_record_id, eval_opposite, eval_stadium) values (69, 10, true, false);
insert into team_matching (team_id, matching_record_id, eval_opposite, eval_stadium) values (65, 31, true, false);
insert into team_matching (team_id, matching_record_id, eval_opposite, eval_stadium) values (34, 9, true, true);
insert into team_matching (team_id, matching_record_id, eval_opposite, eval_stadium) values (64, 25, true, false);
insert into team_matching (team_id, matching_record_id, eval_opposite, eval_stadium) values (54, 17, false, true);
insert into team_matching (team_id, matching_record_id, eval_opposite, eval_stadium) values (55, 31, false, false);
insert into team_matching (team_id, matching_record_id, eval_opposite, eval_stadium) values (56, 15, false, true);
insert into team_matching (team_id, matching_record_id, eval_opposite, eval_stadium) values (62, 35, true, true);
insert into team_matching (team_id, matching_record_id, eval_opposite, eval_stadium) values (32, 47, false, false);
insert into team_matching (team_id, matching_record_id, eval_opposite, eval_stadium) values (3, 8, true, true);
insert into team_matching (team_id, matching_record_id, eval_opposite, eval_stadium) values (26, 8, true, false);
insert into team_matching (team_id, matching_record_id, eval_opposite, eval_stadium) values (78, 34, true, true);
insert into team_matching (team_id, matching_record_id, eval_opposite, eval_stadium) values (47, 44, false, true);
insert into team_matching (team_id, matching_record_id, eval_opposite, eval_stadium) values (42, 45, false, false);
insert into team_matching (team_id, matching_record_id, eval_opposite, eval_stadium) values (33, 44, true, false);
insert into team_matching (team_id, matching_record_id, eval_opposite, eval_stadium) values (62, 16, false, true);
insert into team_matching (team_id, matching_record_id, eval_opposite, eval_stadium) values (53, 3, true, true);
insert into team_matching (team_id, matching_record_id, eval_opposite, eval_stadium) values (2, 30, true, true);
insert into team_matching (team_id, matching_record_id, eval_opposite, eval_stadium) values (74, 28, false, false);
insert into team_matching (team_id, matching_record_id, eval_opposite, eval_stadium) values (66, 19, false, true);
insert into team_matching (team_id, matching_record_id, eval_opposite, eval_stadium) values (8, 9, false, true);
insert into team_matching (team_id, matching_record_id, eval_opposite, eval_stadium) values (5, 24, true, false);
insert into team_matching (team_id, matching_record_id, eval_opposite, eval_stadium) values (29, 43, true, false);
insert into team_matching (team_id, matching_record_id, eval_opposite, eval_stadium) values (27, 30, false, false);
insert into team_matching (team_id, matching_record_id, eval_opposite, eval_stadium) values (20, 49, false, true);
insert into team_matching (team_id, matching_record_id, eval_opposite, eval_stadium) values (77, 16, true, true);
insert into team_matching (team_id, matching_record_id, eval_opposite, eval_stadium) values (17, 17, true, false);
insert into team_matching (team_id, matching_record_id, eval_opposite, eval_stadium) values (15, 11, true, false);
insert into team_matching (team_id, matching_record_id, eval_opposite, eval_stadium) values (46, 6, false, true);
insert into team_matching (team_id, matching_record_id, eval_opposite, eval_stadium) values (21, 32, true, true);
insert into team_matching (team_id, matching_record_id, eval_opposite, eval_stadium) values (35, 13, true, true);
insert into team_matching (team_id, matching_record_id, eval_opposite, eval_stadium) values (10, 21, true, true);
insert into team_matching (team_id, matching_record_id, eval_opposite, eval_stadium) values (11, 26, true, false);
insert into team_matching (team_id, matching_record_id, eval_opposite, eval_stadium) values (70, 18, true, false);
insert into team_matching (team_id, matching_record_id, eval_opposite, eval_stadium) values (29, 5, false, false);
insert into team_matching (team_id, matching_record_id, eval_opposite, eval_stadium) values (55, 49, true, true);
insert into team_matching (team_id, matching_record_id, eval_opposite, eval_stadium) values (55, 23, true, false);
insert into team_matching (team_id, matching_record_id, eval_opposite, eval_stadium) values (9, 46, false, false);
insert into team_matching (team_id, matching_record_id, eval_opposite, eval_stadium) values (8, 5, false, true);
insert into team_matching (team_id, matching_record_id, eval_opposite, eval_stadium) values (25, 4, false, false);
insert into team_matching (team_id, matching_record_id, eval_opposite, eval_stadium) values (3, 12, false, true);
insert into team_matching (team_id, matching_record_id, eval_opposite, eval_stadium) values (31, 2, true, false);
insert into team_matching (team_id, matching_record_id, eval_opposite, eval_stadium) values (23, 41, true, false);
insert into team_matching (team_id, matching_record_id, eval_opposite, eval_stadium) values (73, 50, false, false);
insert into team_matching (team_id, matching_record_id, eval_opposite, eval_stadium) values (13, 21, false, true);
insert into team_matching (team_id, matching_record_id, eval_opposite, eval_stadium) values ('aabb', 46, true, false);
insert into team_matching (team_id, matching_record_id, eval_opposite, eval_stadium) values ('aabb', 1, false, false);
insert into team_matching (team_id, matching_record_id, eval_opposite, eval_stadium) values ('aabb', 52, true, false);
insert into team_matching (team_id, matching_record_id, eval_opposite, eval_stadium) values (1, 52, false, false);
insert into team_matching (team_id, matching_record_id, eval_opposite, eval_stadium) values ('aabb', 22, false, true);



